tag,input,engine,mast_input,ebayes,method,design,threads,run,warmup,cpu_load_before,contaminated,shared_machine,cpus,started,process,stage,elapsed_s,cpu_s,peak_rss_mb,rheap_mb,os_peak_wset_mb,os_peak_private_mb,baseline_rss_mb,delta_rss_mb,returncode,errors,info,background_cpu_mean,background_cpu_max
fair,ductal_1000,duet,,,,condition,1,1,True,4.0,False,True,0-15,1789294769.796101,duet,read,0.018,0.031,256.421875,,,,,,,,,,
fair,ductal_1000,duet,,,,condition,1,1,True,4.0,False,True,0-15,1789294769.796101,duet,fit_test,0.065,0.062,256.421875,,,,,,,,,,
fair,ductal_1000,duet,,,,condition,1,1,True,4.0,False,True,0-15,1789294769.796101,duet,write,0.103,0.094,233.44921875,,,,,,,,,,
fair,ductal_1000,duet,,,,condition,1,1,True,4.0,False,True,0-15,1789294769.796101,duet,TOTAL_PROCESS,1.6820836067199707,1.546875,256.421875,,272.66796875,225.85546875,211.4921875,44.9296875,0.0,,,,
fair,ductal_1000,duet,,,,condition,1,1,True,4.0,False,True,0-15,1789294769.796101,ALL,TOTAL_RUN,1.6820836067199707,1.546875,256.421875,,272.66796875,225.85546875,211.4921875,44.9296875,0.0,,,7.5,7.5
fair,ductal_1000,mast,dense,TRUE,bayesglm,condition,1,1,True,4.9,False,True,0-15,1789294773.485733,export,read,0.017,0.016,258.83203125,,,,,,,,,,
fair,ductal_1000,mast,dense,TRUE,bayesglm,condition,1,1,True,4.9,False,True,0-15,1789294773.485733,export,export,0.088,0.719,261.28515625,,,,,,,,,,
fair,ductal_1000,mast,dense,TRUE,bayesglm,condition,1,1,True,4.9,False,True,0-15,1789294773.485733,export,TOTAL_PROCESS,1.3207104206085205,1.921875,261.28515625,,261.31640625,219.4921875,160.50390625,100.78125,0.0,,,,
fair,ductal_1000,mast,dense,TRUE,bayesglm,condition,1,1,True,4.9,False,True,0-15,1789294773.485733,R,read,1.31,1.28,803.84375,598.2,,,,,,,,,
fair,ductal_1000,mast,dense,TRUE,bayesglm,condition,1,1,True,4.9,False,True,0-15,1789294773.485733,R,singlecellassay,0.06,0.06,807.27734375,629.6,,,,,,,,,
fair,ductal_1000,mast,dense,TRUE,bayesglm,condition,1,1,True,4.9,False,True,0-15,1789294773.485733,R,zlm,28.52,28.22,1342.203125,1119.7,,,,,,,,,
fair,ductal_1000,mast,dense,TRUE,bayesglm,condition,1,1,True,4.9,False,True,0-15,1789294773.485733,R,lrtest,24.51,24.03,1358.66015625,1120.3,,,,,,,,,
fair,ductal_1000,mast,dense,TRUE,bayesglm,condition,1,1,True,4.9,False,True,0-15,1789294773.485733,R,assemble,0.55,0.51,1292.7109375,982.5,,,,,,,,,
fair,ductal_1000,mast,dense,TRUE,bayesglm,condition,1,1,True,4.9,False,True,0-15,1789294773.485733,R,write,0.05,0.04,1108.37890625,597.0,,,,,,,,,
fair,ductal_1000,mast,dense,TRUE,bayesglm,condition,1,1,True,4.9,False,True,0-15,1789294773.485733,R,TOTAL_PROCESS,61.01314878463745,60.078125,1358.66015625,,1344.171875,1384.52734375,721.6171875,637.04296875,0.0,,assay class after SingleCellAssay: matrix,,
fair,ductal_1000,mast,dense,TRUE,bayesglm,condition,1,1,True,4.9,False,True,0-15,1789294773.485733,ALL,TOTAL_RUN,62.33385920524597,62.0,1358.66015625,,1344.171875,1384.52734375,160.50390625,637.04296875,0.0,,,9.0,13.91875
fair,ductal_1000,duet,,,,condition,1,2,False,3.6,False,True,0-15,1789294837.8293726,duet,read,0.017,0.016,254.23046875,,,,,,,,,,
fair,ductal_1000,duet,,,,condition,1,2,False,3.6,False,True,0-15,1789294837.8293726,duet,fit_test,0.064,0.078,257.19140625,,,,,,,,,,
fair,ductal_1000,duet,,,,condition,1,2,False,3.6,False,True,0-15,1789294837.8293726,duet,write,0.107,0.094,233.83984375,,,,,,,,,,
fair,ductal_1000,duet,,,,condition,1,2,False,3.6,False,True,0-15,1789294837.8293726,duet,TOTAL_PROCESS,1.6100537776947021,1.5625,257.19140625,,272.890625,225.91015625,187.18359375,70.0078125,0.0,,,,
fair,ductal_1000,duet,,,,condition,1,2,False,3.6,False,True,0-15,1789294837.8293726,ALL,TOTAL_RUN,1.6100537776947021,1.5625,257.19140625,,272.890625,225.91015625,187.18359375,70.0078125,0.0,,,7.5,7.5
fair,ductal_1000,mast,dense,TRUE,bayesglm,condition,1,2,False,4.6,False,True,0-15,1789294841.445351,export,read,0.017,0.016,235.86328125,,,,,,,,,,
fair,ductal_1000,mast,dense,TRUE,bayesglm,condition,1,2,False,4.6,False,True,0-15,1789294841.445351,export,export,0.088,0.797,261.625,,,,,,,,,,
fair,ductal_1000,mast,dense,TRUE,bayesglm,condition,1,2,False,4.6,False,True,0-15,1789294841.445351,export,TOTAL_PROCESS,1.307508945465088,1.9375,261.625,,261.62890625,219.640625,185.58984375,76.03515625,0.0,,,,
fair,ductal_1000,mast,dense,TRUE,bayesglm,condition,1,2,False,4.6,False,True,0-15,1789294841.445351,R,read,1.32,1.29,804.0546875,598.2,,,,,,,,,
fair,ductal_1000,mast,dense,TRUE,bayesglm,condition,1,2,False,4.6,False,True,0-15,1789294841.445351,R,singlecellassay,0.07,0.05,807.19921875,629.6,,,,,,,,,
fair,ductal_1000,mast,dense,TRUE,bayesglm,condition,1,2,False,4.6,False,True,0-15,1789294841.445351,R,zlm,28.11,27.59,1343.48828125,1119.7,,,,,,,,,
fair,ductal_1000,mast,dense,TRUE,bayesglm,condition,1,2,False,4.6,False,True,0-15,1789294841.445351,R,lrtest,23.78,23.59,1336.8203125,1120.3,,,,,,,,,
fair,ductal_1000,mast,dense,TRUE,bayesglm,condition,1,2,False,4.6,False,True,0-15,1789294841.445351,R,assemble,0.55,0.56,1282.2109375,982.5,,,,,,,,,
fair,ductal_1000,mast,dense,TRUE,bayesglm,condition,1,2,False,4.6,False,True,0-15,1789294841.445351,R,write,0.05,0.05,1108.01953125,597.0,,,,,,,,,
fair,ductal_1000,mast,dense,TRUE,bayesglm,condition,1,2,False,4.6,False,True,0-15,1789294841.445351,R,TOTAL_PROCESS,59.86872696876526,59.0,1343.48828125,,1329.0,1368.8828125,722.73046875,620.7578125,0.0,,assay class after SingleCellAssay: matrix,,
fair,ductal_1000,mast,dense,TRUE,bayesglm,condition,1,2,False,4.6,False,True,0-15,1789294841.445351,ALL,TOTAL_RUN,61.17623591423035,60.9375,1343.48828125,,1329.0,1368.8828125,185.58984375,620.7578125,0.0,,,6.3,11.725000000000001
fair,ductal_1000,duet,,,,condition,1,3,False,4.7,False,True,0-15,1789294904.632189,duet,read,0.018,0.016,259.3046875,,,,,,,,,,
fair,ductal_1000,duet,,,,condition,1,3,False,4.7,False,True,0-15,1789294904.632189,duet,fit_test,0.064,0.062,259.3046875,,,,,,,,,,
fair,ductal_1000,duet,,,,condition,1,3,False,4.7,False,True,0-15,1789294904.632189,duet,write,0.109,0.109,234.37890625,,,,,,,,,,
fair,ductal_1000,duet,,,,condition,1,3,False,4.7,False,True,0-15,1789294904.632189,duet,TOTAL_PROCESS,1.6223516464233398,1.53125,259.3046875,,273.1640625,226.171875,186.71484375,72.58984375,0.0,,,,
fair,ductal_1000,duet,,,,condition,1,3,False,4.7,False,True,0-15,1789294904.632189,ALL,TOTAL_RUN,1.6223516464233398,1.53125,259.3046875,,273.1640625,226.171875,186.71484375,72.58984375,0.0,,,8.6,8.6
fair,ductal_1000,mast,dense,TRUE,bayesglm,condition,1,3,False,4.8,False,True,0-15,1789294908.2595525,export,read,0.018,0.016,221.1484375,,,,,,,,,,
fair,ductal_1000,mast,dense,TRUE,bayesglm,condition,1,3,False,4.8,False,True,0-15,1789294908.2595525,export,export,0.093,0.547,261.28515625,,,,,,,,,,
fair,ductal_1000,mast,dense,TRUE,bayesglm,condition,1,3,False,4.8,False,True,0-15,1789294908.2595525,export,TOTAL_PROCESS,1.3246443271636963,1.671875,261.28515625,,261.2890625,219.515625,160.19921875,101.0859375,0.0,,,,
fair,ductal_1000,mast,dense,TRUE,bayesglm,condition,1,3,False,4.8,False,True,0-15,1789294908.2595525,R,read,1.32,1.28,803.55859375,598.2,,,,,,,,,
fair,ductal_1000,mast,dense,TRUE,bayesglm,condition,1,3,False,4.8,False,True,0-15,1789294908.2595525,R,singlecellassay,0.05,0.06,806.76171875,629.6,,,,,,,,,
fair,ductal_1000,mast,dense,TRUE,bayesglm,condition,1,3,False,4.8,False,True,0-15,1789294908.2595525,R,zlm,28.16,27.78,1342.2734375,1119.7,,,,,,,,,
fair,ductal_1000,mast,dense,TRUE,bayesglm,condition,1,3,False,4.8,False,True,0-15,1789294908.2595525,R,lrtest,24.2,24.1,1390.55078125,1120.3,,,,,,,,,
fair,ductal_1000,mast,dense,TRUE,bayesglm,condition,1,3,False,4.8,False,True,0-15,1789294908.2595525,R,assemble,0.53,0.52,1113.5,982.5,,,,,,,,,
fair,ductal_1000,mast,dense,TRUE,bayesglm,condition,1,3,False,4.8,False,True,0-15,1789294908.2595525,R,write,0.05,0.05,1093.4921875,597.0,,,,,,,,,
fair,ductal_1000,mast,dense,TRUE,bayesglm,condition,1,3,False,4.8,False,True,0-15,1789294908.2595525,R,TOTAL_PROCESS,60.33273792266846,59.578125,1390.55078125,,1376.57421875,1416.2109375,712.12890625,678.421875,0.0,,assay class after SingleCellAssay: matrix,,
fair,ductal_1000,mast,dense,TRUE,bayesglm,condition,1,3,False,4.8,False,True,0-15,1789294908.2595525,ALL,TOTAL_RUN,61.65738224983215,61.25,1390.55078125,,1376.57421875,1416.2109375,160.19921875,678.421875,0.0,,,9.3,16.71875
fair,ductal_1000,duet,,,,condition,1,4,False,5.7,False,True,0-15,1789294971.9280548,duet,read,0.016,0.016,263.875,,,,,,,,,,
fair,ductal_1000,duet,,,,condition,1,4,False,5.7,False,True,0-15,1789294971.9280548,duet,fit_test,0.066,0.062,263.875,,,,,,,,,,
fair,ductal_1000,duet,,,,condition,1,4,False,5.7,False,True,0-15,1789294971.9280548,duet,write,0.105,0.109,233.640625,,,,,,,,,,
fair,ductal_1000,duet,,,,condition,1,4,False,5.7,False,True,0-15,1789294971.9280548,duet,TOTAL_PROCESS,1.6919562816619873,1.59375,263.875,,272.66015625,225.69921875,187.53125,76.34375,0.0,,,,
fair,ductal_1000,duet,,,,condition,1,4,False,5.7,False,True,0-15,1789294971.9280548,ALL,TOTAL_RUN,1.6919562816619873,1.59375,263.875,,272.66015625,225.69921875,187.53125,76.34375,0.0,,,7.9,7.9
fair,ductal_1000,mast,dense,TRUE,bayesglm,condition,1,4,False,4.4,False,True,0-15,1789294975.6244295,export,read,0.017,0.016,260.62109375,,,,,,,,,,
fair,ductal_1000,mast,dense,TRUE,bayesglm,condition,1,4,False,4.4,False,True,0-15,1789294975.6244295,export,export,0.134,0.688,261.31640625,,,,,,,,,,
fair,ductal_1000,mast,dense,TRUE,bayesglm,condition,1,4,False,4.4,False,True,0-15,1789294975.6244295,export,TOTAL_PROCESS,1.3984227180480957,1.890625,261.31640625,,261.3203125,219.48828125,161.0390625,100.27734375,0.0,,,,
fair,ductal_1000,mast,dense,TRUE,bayesglm,condition,1,4,False,4.4,False,True,0-15,1789294975.6244295,R,read,1.34,1.32,803.69140625,598.2,,,,,,,,,
fair,ductal_1000,mast,dense,TRUE,bayesglm,condition,1,4,False,4.4,False,True,0-15,1789294975.6244295,R,singlecellassay,0.06,0.05,807.23046875,629.6,,,,,,,,,
fair,ductal_1000,mast,dense,TRUE,bayesglm,condition,1,4,False,4.4,False,True,0-15,1789294975.6244295,R,zlm,28.71,28.29,1338.51953125,1119.7,,,,,,,,,
fair,ductal_1000,mast,dense,TRUE,bayesglm,condition,1,4,False,4.4,False,True,0-15,1789294975.6244295,R,lrtest,24.64,24.23,1355.87109375,1120.3,,,,,,,,,
fair,ductal_1000,mast,dense,TRUE,bayesglm,condition,1,4,False,4.4,False,True,0-15,1789294975.6244295,R,assemble,0.53,0.53,1291.765625,982.5,,,,,,,,,
fair,ductal_1000,mast,dense,TRUE,bayesglm,condition,1,4,False,4.4,False,True,0-15,1789294975.6244295,R,write,0.05,0.06,1108.484375,597.0,,,,,,,,,
fair,ductal_1000,mast,dense,TRUE,bayesglm,condition,1,4,False,4.4,False,True,0-15,1789294975.6244295,R,TOTAL_PROCESS,61.33463144302368,60.328125,1355.87109375,,1341.38671875,1381.80078125,712.0,643.87109375,0.0,,assay class after SingleCellAssay: matrix,,
fair,ductal_1000,mast,dense,TRUE,bayesglm,condition,1,4,False,4.4,False,True,0-15,1789294975.6244295,ALL,TOTAL_RUN,62.73305416107178,62.21875,1355.87109375,,1341.38671875,1381.80078125,161.0390625,643.87109375,0.0,,,10.0,13.325
fair,ductal_1000,duet,,,,condition,1,5,False,5.4,False,True,0-15,1789295040.368288,duet,read,0.018,0.016,273.171875,,,,,,,,,,
fair,ductal_1000,duet,,,,condition,1,5,False,5.4,False,True,0-15,1789295040.368288,duet,fit_test,0.066,0.047,273.171875,,,,,,,,,,
fair,ductal_1000,duet,,,,condition,1,5,False,5.4,False,True,0-15,1789295040.368288,duet,write,0.103,0.109,234.19140625,,,,,,,,,,
fair,ductal_1000,duet,,,,condition,1,5,False,5.4,False,True,0-15,1789295040.368288,duet,TOTAL_PROCESS,1.6195950508117676,1.5625,273.171875,,273.171875,225.97265625,188.09765625,85.07421875,0.0,,,,
fair,ductal_1000,duet,,,,condition,1,5,False,5.4,False,True,0-15,1789295040.368288,ALL,TOTAL_RUN,1.6195950508117676,1.5625,273.171875,,273.171875,225.97265625,188.09765625,85.07421875,0.0,,,8.3,8.3
fair,ductal_1000,mast,dense,TRUE,bayesglm,condition,1,5,False,7.4,False,True,0-15,1789295043.9924276,export,read,0.018,0.016,261.26171875,,,,,,,,,,
fair,ductal_1000,mast,dense,TRUE,bayesglm,condition,1,5,False,7.4,False,True,0-15,1789295043.9924276,export,export,0.087,0.766,261.26171875,,,,,,,,,,
fair,ductal_1000,mast,dense,TRUE,bayesglm,condition,1,5,False,7.4,False,True,0-15,1789295043.9924276,export,TOTAL_PROCESS,1.3446266651153564,1.9375,261.26171875,,261.265625,219.4609375,176.12890625,85.1328125,0.0,,,,
fair,ductal_1000,mast,dense,TRUE,bayesglm,condition,1,5,False,7.4,False,True,0-15,1789295043.9924276,R,read,1.3,1.3,818.1484375,598.2,,,,,,,,,
fair,ductal_1000,mast,dense,TRUE,bayesglm,condition,1,5,False,7.4,False,True,0-15,1789295043.9924276,R,singlecellassay,0.07,0.06,807.09765625,629.6,,,,,,,,,
fair,ductal_1000,mast,dense,TRUE,bayesglm,condition,1,5,False,7.4,False,True,0-15,1789295043.9924276,R,zlm,28.28,27.89,1339.515625,1119.7,,,,,,,,,
fair,ductal_1000,mast,dense,TRUE,bayesglm,condition,1,5,False,7.4,False,True,0-15,1789295043.9924276,R,lrtest,24.21,23.96,1355.44140625,1120.3,,,,,,,,,
fair,ductal_1000,mast,dense,TRUE,bayesglm,condition,1,5,False,7.4,False,True,0-15,1789295043.9924276,R,assemble,0.53,0.53,1255.08203125,982.5,,,,,,,,,
fair,ductal_1000,mast,dense,TRUE,bayesglm,condition,1,5,False,7.4,False,True,0-15,1789295043.9924276,R,write,0.05,0.05,1108.41796875,597.0,,,,,,,,,
fair,ductal_1000,mast,dense,TRUE,bayesglm,condition,1,5,False,7.4,False,True,0-15,1789295043.9924276,R,TOTAL_PROCESS,60.456209897994995,59.640625,1355.44140625,,1340.9453125,1381.109375,711.6875,643.75390625,0.0,,assay class after SingleCellAssay: matrix,,
fair,ductal_1000,mast,dense,TRUE,bayesglm,condition,1,5,False,7.4,False,True,0-15,1789295043.9924276,ALL,TOTAL_RUN,61.80083656311035,61.578125,1355.44140625,,1340.9453125,1381.109375,176.12890625,643.75390625,0.0,,,8.3,9.321875
fair,ductal_1000,duet,,,,condition,1,6,False,3.7,False,True,0-15,1789295107.803655,duet,read,0.017,0.016,272.58984375,,,,,,,,,,
fair,ductal_1000,duet,,,,condition,1,6,False,3.7,False,True,0-15,1789295107.803655,duet,fit_test,0.065,0.062,272.58984375,,,,,,,,,,
fair,ductal_1000,duet,,,,condition,1,6,False,3.7,False,True,0-15,1789295107.803655,duet,write,0.103,0.109,233.91015625,,,,,,,,,,
fair,ductal_1000,duet,,,,condition,1,6,False,3.7,False,True,0-15,1789295107.803655,duet,TOTAL_PROCESS,1.6267874240875244,1.515625,272.58984375,,273.171875,226.33203125,186.7890625,85.80078125,0.0,,,,
fair,ductal_1000,duet,,,,condition,1,6,False,3.7,False,True,0-15,1789295107.803655,ALL,TOTAL_RUN,1.6267874240875244,1.515625,272.58984375,,273.171875,226.33203125,186.7890625,85.80078125,0.0,,,9.3,9.3
fair,ductal_1000,mast,dense,TRUE,bayesglm,condition,1,6,False,3.8,False,True,0-15,1789295111.4353416,export,read,0.018,0.016,227.734375,,,,,,,,,,
fair,ductal_1000,mast,dense,TRUE,bayesglm,condition,1,6,False,3.8,False,True,0-15,1789295111.4353416,export,export,0.087,0.75,261.0859375,,,,,,,,,,
fair,ductal_1000,mast,dense,TRUE,bayesglm,condition,1,6,False,3.8,False,True,0-15,1789295111.4353416,export,TOTAL_PROCESS,1.3056035041809082,1.890625,261.0859375,,261.08984375,219.51171875,180.23828125,80.84765625,0.0,,,,
fair,ductal_1000,mast,dense,TRUE,bayesglm,condition,1,6,False,3.8,False,True,0-15,1789295111.4353416,R,read,1.31,1.31,803.9375,598.2,,,,,,,,,
fair,ductal_1000,mast,dense,TRUE,bayesglm,condition,1,6,False,3.8,False,True,0-15,1789295111.4353416,R,singlecellassay,0.06,0.04,807.109375,629.6,,,,,,,,,
fair,ductal_1000,mast,dense,TRUE,bayesglm,condition,1,6,False,3.8,False,True,0-15,1789295111.4353416,R,zlm,28.06,27.69,1364.8828125,1119.7,,,,,,,,,
fair,ductal_1000,mast,dense,TRUE,bayesglm,condition,1,6,False,3.8,False,True,0-15,1789295111.4353416,R,lrtest,24.23,23.9,1381.625,1120.3,,,,,,,,,
fair,ductal_1000,mast,dense,TRUE,bayesglm,condition,1,6,False,3.8,False,True,0-15,1789295111.4353416,R,assemble,0.53,0.53,1113.60546875,982.5,,,,,,,,,
fair,ductal_1000,mast,dense,TRUE,bayesglm,condition,1,6,False,3.8,False,True,0-15,1789295111.4353416,R,write,0.05,0.05,956.078125,597.0,,,,,,,,,
fair,ductal_1000,mast,dense,TRUE,bayesglm,condition,1,6,False,3.8,False,True,0-15,1789295111.4353416,R,TOTAL_PROCESS,60.2161660194397,59.40625,1381.625,,1376.67578125,1416.16015625,712.33984375,669.28515625,0.0,,assay class after SingleCellAssay: matrix,,
fair,ductal_1000,mast,dense,TRUE,bayesglm,condition,1,6,False,3.8,False,True,0-15,1789295111.4353416,ALL,TOTAL_RUN,61.521769523620605,61.296875,1381.625,,1376.67578125,1416.16015625,180.23828125,669.28515625,0.0,,,10.9,10.9
fair,ductal_2500,duet,,,,condition,1,1,True,4.3,False,True,0-15,1789295174.9675405,duet,read,0.027,0.031,315.46484375,,,,,,,,,,
fair,ductal_2500,duet,,,,condition,1,1,True,4.3,False,True,0-15,1789295174.9675405,duet,fit_test,0.13,0.109,392.41015625,,,,,,,,,,
fair,ductal_2500,duet,,,,condition,1,1,True,4.3,False,True,0-15,1789295174.9675405,duet,write,0.107,0.109,265.13671875,,,,,,,,,,
fair,ductal_2500,duet,,,,condition,1,1,True,4.3,False,True,0-15,1789295174.9675405,duet,TOTAL_PROCESS,1.7006609439849854,1.5625,392.41015625,,392.51953125,345.578125,218.73828125,173.671875,0.0,,,,
fair,ductal_2500,duet,,,,condition,1,1,True,4.3,False,True,0-15,1789295174.9675405,ALL,TOTAL_RUN,1.7006609439849854,1.5625,392.41015625,,392.51953125,345.578125,218.73828125,173.671875,0.0,,,9.0,9.0
fair,ductal_2500,mast,dense,TRUE,bayesglm,condition,1,1,True,3.8,False,True,0-15,1789295178.673252,export,read,0.027,0.031,288.01953125,,,,,,,,,,
fair,ductal_2500,mast,dense,TRUE,bayesglm,condition,1,1,True,3.8,False,True,0-15,1789295178.673252,export,export,0.231,1.75,390.83203125,,,,,,,,,,
fair,ductal_2500,mast,dense,TRUE,bayesglm,condition,1,1,True,3.8,False,True,0-15,1789295178.673252,export,TOTAL_PROCESS,1.4624273777008057,2.9375,390.83203125,,390.8359375,349.26953125,160.265625,230.56640625,0.0,,,,
fair,ductal_2500,mast,dense,TRUE,bayesglm,condition,1,1,True,3.8,False,True,0-15,1789295178.673252,R,read,2.93,2.92,964.37109375,743.5,,,,,,,,,
fair,ductal_2500,mast,dense,TRUE,bayesglm,condition,1,1,True,3.8,False,True,0-15,1789295178.673252,R,singlecellassay,0.06,0.07,968.0390625,790.6,,,,,,,,,
fair,ductal_2500,mast,dense,TRUE,bayesglm,condition,1,1,True,3.8,False,True,0-15,1789295178.673252,R,zlm,56.31,55.39,1855.23828125,1817.5,,,,,,,,,
fair,ductal_2500,mast,dense,TRUE,bayesglm,condition,1,1,True,3.8,False,True,0-15,1789295178.673252,R,lrtest,47.52,47.24,2007.85546875,1702.3,,,,,,,,,
fair,ductal_2500,mast,dense,TRUE,bayesglm,condition,1,1,True,3.8,False,True,0-15,1789295178.673252,R,assemble,0.54,0.52,1271.68359375,1143.4,,,,,,,,,
fair,ductal_2500,mast,dense,TRUE,bayesglm,condition,1,1,True,3.8,False,True,0-15,1789295178.673252,R,write,0.05,0.05,1114.0390625,758.0,,,,,,,,,
fair,ductal_2500,mast,dense,TRUE,bayesglm,condition,1,1,True,3.8,False,True,0-15,1789295178.673252,R,TOTAL_PROCESS,113.38593244552612,112.09375,2007.85546875,,1993.37890625,2034.37109375,712.40625,1295.44921875,0.0,,assay class after SingleCellAssay: matrix,,
fair,ductal_2500,mast,dense,TRUE,bayesglm,condition,1,1,True,3.8,False,True,0-15,1789295178.673252,ALL,TOTAL_RUN,114.84835982322693,115.03125,2007.85546875,,1993.37890625,2034.37109375,160.265625,1295.44921875,0.0,,,9.0,10.56875
fair,ductal_2500,duet,,,,condition,1,2,False,4.4,False,True,0-15,1789295295.540115,duet,read,0.027,0.031,314.4921875,,,,,,,,,,
fair,ductal_2500,duet,,,,condition,1,2,False,4.4,False,True,0-15,1789295295.540115,duet,fit_test,0.129,0.125,392.30078125,,,,,,,,,,
fair,ductal_2500,duet,,,,condition,1,2,False,4.4,False,True,0-15,1789295295.540115,duet,write,0.107,0.109,264.36328125,,,,,,,,,,
fair,ductal_2500,duet,,,,condition,1,2,False,4.4,False,True,0-15,1789295295.540115,duet,TOTAL_PROCESS,1.690582036972046,1.640625,392.30078125,,392.4140625,345.58984375,188.5546875,203.74609375,0.0,,,,
fair,ductal_2500,duet,,,,condition,1,2,False,4.4,False,True,0-15,1789295295.540115,ALL,TOTAL_RUN,1.690582036972046,1.640625,392.30078125,,392.4140625,345.58984375,188.5546875,203.74609375,0.0,,,7.8,7.8
fair,ductal_2500,mast,dense,TRUE,bayesglm,condition,1,2,False,3.7,False,True,0-15,1789295299.2370114,export,read,0.027,0.031,288.14453125,,,,,,,,,,
fair,ductal_2500,mast,dense,TRUE,bayesglm,condition,1,2,False,3.7,False,True,0-15,1789295299.2370114,export,export,0.214,1.781,391.046875,,,,,,,,,,
fair,ductal_2500,mast,dense,TRUE,bayesglm,condition,1,2,False,3.7,False,True,0-15,1789295299.2370114,export,TOTAL_PROCESS,1.4631786346435547,2.9375,391.046875,,391.05078125,349.21875,192.83203125,198.21484375,0.0,,,,
fair,ductal_2500,mast,dense,TRUE,bayesglm,condition,1,2,False,3.7,False,True,0-15,1789295299.2370114,R,read,2.96,2.89,964.078125,743.5,,,,,,,,,
fair,ductal_2500,mast,dense,TRUE,bayesglm,condition,1,2,False,3.7,False,True,0-15,1789295299.2370114,R,singlecellassay,0.06,0.05,967.765625,790.6,,,,,,,,,
fair,ductal_2500,mast,dense,TRUE,bayesglm,condition,1,2,False,3.7,False,True,0-15,1789295299.2370114,R,zlm,56.09,55.04,1888.24609375,1817.5,,,,,,,,,
fair,ductal_2500,mast,dense,TRUE,bayesglm,condition,1,2,False,3.7,False,True,0-15,1789295299.2370114,R,lrtest,48.02,47.27,1978.85546875,1702.3,,,,,,,,,
fair,ductal_2500,mast,dense,TRUE,bayesglm,condition,1,2,False,3.7,False,True,0-15,1789295299.2370114,R,assemble,0.56,0.58,1469.640625,1143.4,,,,,,,,,
fair,ductal_2500,mast,dense,TRUE,bayesglm,condition,1,2,False,3.7,False,True,0-15,1789295299.2370114,R,write,0.05,0.05,1271.65625,758.0,,,,,,,,,
fair,ductal_2500,mast,dense,TRUE,bayesglm,condition,1,2,False,3.7,False,True,0-15,1789295299.2370114,R,TOTAL_PROCESS,113.70889830589294,111.71875,1978.85546875,,1964.37890625,2005.96484375,712.42578125,1266.4296875,0.0,,assay class after SingleCellAssay: matrix,,
fair,ductal_2500,mast,dense,TRUE,bayesglm,condition,1,2,False,3.7,False,True,0-15,1789295299.2370114,ALL,TOTAL_RUN,115.1720769405365,114.65625,1978.85546875,,1964.37890625,2005.96484375,192.83203125,1266.4296875,0.0,,,10.5,12.275
fair,ductal_2500,duet,,,,condition,1,3,False,3.8,False,True,0-15,1789295416.4712832,duet,read,0.027,0.031,311.48828125,,,,,,,,,,
fair,ductal_2500,duet,,,,condition,1,3,False,3.8,False,True,0-15,1789295416.4712832,duet,fit_test,0.13,0.125,391.37890625,,,,,,,,,,
fair,ductal_2500,duet,,,,condition,1,3,False,3.8,False,True,0-15,1789295416.4712832,duet,write,0.109,0.094,263.65234375,,,,,,,,,,
fair,ductal_2500,duet,,,,condition,1,3,False,3.8,False,True,0-15,1789295416.4712832,duet,TOTAL_PROCESS,1.7052662372589111,1.59375,391.37890625,,391.55859375,345.0703125,186.6953125,204.68359375,0.0,,,,
fair,ductal_2500,duet,,,,condition,1,3,False,3.8,False,True,0-15,1789295416.4712832,ALL,TOTAL_RUN,1.7052662372589111,1.59375,391.37890625,,391.55859375,345.0703125,186.6953125,204.68359375,0.0,,,11.7,11.7
fair,ductal_2500,mast,dense,TRUE,bayesglm,condition,1,3,False,5.0,False,True,0-15,1789295420.181957,export,read,0.026,0.031,287.92578125,,,,,,,,,,
fair,ductal_2500,mast,dense,TRUE,bayesglm,condition,1,3,False,5.0,False,True,0-15,1789295420.181957,export,export,0.206,1.75,390.62109375,,,,,,,,,,
fair,ductal_2500,mast,dense,TRUE,bayesglm,condition,1,3,False,5.0,False,True,0-15,1789295420.181957,export,TOTAL_PROCESS,1.4161159992218018,2.84375,390.62109375,,390.66015625,349.05859375,176.15625,214.46484375,0.0,,,,
fair,ductal_2500,mast,dense,TRUE,bayesglm,condition,1,3,False,5.0,False,True,0-15,1789295420.181957,R,read,2.97,2.91,963.91796875,743.5,,,,,,,,,
fair,ductal_2500,mast,dense,TRUE,bayesglm,condition,1,3,False,5.0,False,True,0-15,1789295420.181957,R,singlecellassay,0.06,0.06,967.77734375,790.6,,,,,,,,,
fair,ductal_2500,mast,dense,TRUE,bayesglm,condition,1,3,False,5.0,False,True,0-15,1789295420.181957,R,zlm,56.42,54.54,1862.875,1817.5,,,,,,,,,
fair,ductal_2500,mast,dense,TRUE,bayesglm,condition,1,3,False,5.0,False,True,0-15,1789295420.181957,R,lrtest,48.47,47.86,1871.71875,1702.3,,,,,,,,,
fair,ductal_2500,mast,dense,TRUE,bayesglm,condition,1,3,False,5.0,False,True,0-15,1789295420.181957,R,assemble,0.53,0.56,1565.6328125,1143.4,,,,,,,,,
fair,ductal_2500,mast,dense,TRUE,bayesglm,condition,1,3,False,5.0,False,True,0-15,1789295420.181957,R,write,0.04,0.05,1271.7421875,758.0,,,,,,,,,
fair,ductal_2500,mast,dense,TRUE,bayesglm,condition,1,3,False,5.0,False,True,0-15,1789295420.181957,R,TOTAL_PROCESS,114.5357723236084,111.75,1871.71875,,1858.19140625,1899.52734375,713.43359375,1158.28515625,0.0,,assay class after SingleCellAssay: matrix,,
fair,ductal_2500,mast,dense,TRUE,bayesglm,condition,1,3,False,5.0,False,True,0-15,1789295420.181957,ALL,TOTAL_RUN,115.9518883228302,114.59375,1871.71875,,1858.19140625,1899.52734375,176.15625,1158.28515625,0.0,,,8.7,59.325
fair,ductal_2500,duet,,,,condition,1,4,False,4.4,False,True,0-15,1789295538.1511467,duet,read,0.027,0.031,314.68359375,,,,,,,,,,
fair,ductal_2500,duet,,,,condition,1,4,False,4.4,False,True,0-15,1789295538.1511467,duet,fit_test,0.132,0.125,383.33203125,,,,,,,,,,
fair,ductal_2500,duet,,,,condition,1,4,False,4.4,False,True,0-15,1789295538.1511467,duet,write,0.107,0.109,264.16015625,,,,,,,,,,
fair,ductal_2500,duet,,,,condition,1,4,False,4.4,False,True,0-15,1789295538.1511467,duet,TOTAL_PROCESS,1.76214599609375,1.609375,383.33203125,,391.73046875,345.04296875,205.48828125,177.84375,0.0,,,,
fair,ductal_2500,duet,,,,condition,1,4,False,4.4,False,True,0-15,1789295538.1511467,ALL,TOTAL_RUN,1.76214599609375,1.609375,383.33203125,,391.73046875,345.04296875,205.48828125,177.84375,0.0,,,9.5,9.5
fair,ductal_2500,mast,dense,TRUE,bayesglm,condition,1,4,False,3.0,False,True,0-15,1789295541.9184299,export,read,0.026,0.031,287.78515625,,,,,,,,,,
fair,ductal_2500,mast,dense,TRUE,bayesglm,condition,1,4,False,3.0,False,True,0-15,1789295541.9184299,export,export,0.209,1.781,390.515625,,,,,,,,,,
fair,ductal_2500,mast,dense,TRUE,bayesglm,condition,1,4,False,3.0,False,True,0-15,1789295541.9184299,export,TOTAL_PROCESS,1.4390785694122314,2.953125,390.515625,,390.51953125,349.19140625,181.80859375,208.70703125,0.0,,,,
fair,ductal_2500,mast,dense,TRUE,bayesglm,condition,1,4,False,3.0,False,True,0-15,1789295541.9184299,R,read,2.99,2.8,964.1640625,743.5,,,,,,,,,
fair,ductal_2500,mast,dense,TRUE,bayesglm,condition,1,4,False,3.0,False,True,0-15,1789295541.9184299,R,singlecellassay,0.05,0.04,967.6875,790.6,,,,,,,,,
fair,ductal_2500,mast,dense,TRUE,bayesglm,condition,1,4,False,3.0,False,True,0-15,1789295541.9184299,R,zlm,56.95,56.25,1884.25,1817.5,,,,,,,,,
fair,ductal_2500,mast,dense,TRUE,bayesglm,condition,1,4,False,3.0,False,True,0-15,1789295541.9184299,R,lrtest,48.46,48.29,1970.21875,1702.3,,,,,,,,,
fair,ductal_2500,mast,dense,TRUE,bayesglm,condition,1,4,False,3.0,False,True,0-15,1789295541.9184299,R,assemble,0.54,0.56,1572.7578125,1143.4,,,,,,,,,
fair,ductal_2500,mast,dense,TRUE,bayesglm,condition,1,4,False,3.0,False,True,0-15,1789295541.9184299,R,write,0.05,0.05,1271.046875,758.0,,,,,,,,,
fair,ductal_2500,mast,dense,TRUE,bayesglm,condition,1,4,False,3.0,False,True,0-15,1789295541.9184299,R,TOTAL_PROCESS,115.10257053375244,113.9375,1970.21875,,1978.11328125,2019.39453125,712.0390625,1258.1796875,0.0,,assay class after SingleCellAssay: matrix,,
fair,ductal_2500,mast,dense,TRUE,bayesglm,condition,1,4,False,3.0,False,True,0-15,1789295541.9184299,ALL,TOTAL_RUN,116.54164910316467,116.890625,1970.21875,,1978.11328125,2019.39453125,181.80859375,1258.1796875,0.0,,,10.1,18.06875
fair,ductal_2500,duet,,,,condition,1,5,False,6.6,False,True,0-15,1789295660.4757183,duet,read,0.026,0.031,315.34765625,,,,,,,,,,
fair,ductal_2500,duet,,,,condition,1,5,False,6.6,False,True,0-15,1789295660.4757183,duet,fit_test,0.13,0.141,392.35546875,,,,,,,,,,
fair,ductal_2500,duet,,,,condition,1,5,False,6.6,False,True,0-15,1789295660.4757183,duet,write,0.107,0.094,264.4375,,,,,,,,,,
fair,ductal_2500,duet,,,,condition,1,5,False,6.6,False,True,0-15,1789295660.4757183,duet,TOTAL_PROCESS,1.7205824851989746,1.640625,392.35546875,,392.36328125,345.6640625,187.32421875,205.03125,0.0,,,,
fair,ductal_2500,duet,,,,condition,1,5,False,6.6,False,True,0-15,1789295660.4757183,ALL,TOTAL_RUN,1.7205824851989746,1.640625,392.35546875,,392.36328125,345.6640625,187.32421875,205.03125,0.0,,,11.6,11.6
fair,ductal_2500,mast,dense,TRUE,bayesglm,condition,1,5,False,7.3,False,True,0-15,1789295664.2019012,export,read,0.026,0.016,287.89453125,,,,,,,,,,
fair,ductal_2500,mast,dense,TRUE,bayesglm,condition,1,5,False,7.3,False,True,0-15,1789295664.2019012,export,export,0.206,1.781,390.8125,,,,,,,,,,
fair,ductal_2500,mast,dense,TRUE,bayesglm,condition,1,5,False,7.3,False,True,0-15,1789295664.2019012,export,TOTAL_PROCESS,1.4450836181640625,2.921875,390.8125,,390.81640625,349.42578125,166.9296875,223.8828125,0.0,,,,
fair,ductal_2500,mast,dense,TRUE,bayesglm,condition,1,5,False,7.3,False,True,0-15,1789295664.2019012,R,read,2.96,2.96,964.15234375,743.5,,,,,,,,,
fair,ductal_2500,mast,dense,TRUE,bayesglm,condition,1,5,False,7.3,False,True,0-15,1789295664.2019012,R,singlecellassay,0.05,0.06,968.0859375,790.6,,,,,,,,,
fair,ductal_2500,mast,dense,TRUE,bayesglm,condition,1,5,False,7.3,False,True,0-15,1789295664.2019012,R,zlm,56.19,55.7,1880.890625,1817.5,,,,,,,,,
fair,ductal_2500,mast,dense,TRUE,bayesglm,condition,1,5,False,7.3,False,True,0-15,1789295664.2019012,R,lrtest,47.97,47.49,1974.2890625,1702.3,,,,,,,,,
fair,ductal_2500,mast,dense,TRUE,bayesglm,condition,1,5,False,7.3,False,True,0-15,1789295664.2019012,R,assemble,0.55,0.55,1563.0390625,1143.4,,,,,,,,,
fair,ductal_2500,mast,dense,TRUE,bayesglm,condition,1,5,False,7.3,False,True,0-15,1789295664.2019012,R,write,0.05,0.05,1271.51953125,758.0,,,,,,,,,
fair,ductal_2500,mast,dense,TRUE,bayesglm,condition,1,5,False,7.3,False,True,0-15,1789295664.2019012,R,TOTAL_PROCESS,113.80589532852173,112.796875,1974.2890625,,1963.9140625,2005.7734375,722.47265625,1251.81640625,0.0,,assay class after SingleCellAssay: matrix,,
fair,ductal_2500,mast,dense,TRUE,bayesglm,condition,1,5,False,7.3,False,True,0-15,1789295664.2019012,ALL,TOTAL_RUN,115.25097894668579,115.71875,1974.2890625,,1963.9140625,2005.7734375,166.9296875,1251.81640625,0.0,,,9.9,10.771875000000001
fair,ductal_2500,duet,,,,condition,1,6,False,4.4,False,True,0-15,1789295781.4702544,duet,read,0.028,0.016,312.03515625,,,,,,,,,,
fair,ductal_2500,duet,,,,condition,1,6,False,4.4,False,True,0-15,1789295781.4702544,duet,fit_test,0.13,0.141,391.59765625,,,,,,,,,,
fair,ductal_2500,duet,,,,condition,1,6,False,4.4,False,True,0-15,1789295781.4702544,duet,write,0.108,0.109,263.91015625,,,,,,,,,,
fair,ductal_2500,duet,,,,condition,1,6,False,4.4,False,True,0-15,1789295781.4702544,duet,TOTAL_PROCESS,1.9524016380310059,1.734375,391.59765625,,391.73828125,344.63671875,187.671875,203.92578125,0.0,,,,
fair,ductal_2500,duet,,,,condition,1,6,False,4.4,False,True,0-15,1789295781.4702544,ALL,TOTAL_RUN,1.9524016380310059,1.734375,391.59765625,,391.73828125,344.63671875,187.671875,203.92578125,0.0,,,9.7,9.7
fair,ductal_2500,mast,dense,TRUE,bayesglm,condition,1,6,False,4.5,False,True,0-15,1789295785.427989,export,read,0.028,0.016,288.79296875,,,,,,,,,,
fair,ductal_2500,mast,dense,TRUE,bayesglm,condition,1,6,False,4.5,False,True,0-15,1789295785.427989,export,export,0.203,1.766,391.11328125,,,,,,,,,,
fair,ductal_2500,mast,dense,TRUE,bayesglm,condition,1,6,False,4.5,False,True,0-15,1789295785.427989,export,TOTAL_PROCESS,1.5776324272155762,3.0,391.11328125,,391.1171875,349.32421875,188.84765625,202.265625,0.0,,,,
fair,ductal_2500,mast,dense,TRUE,bayesglm,condition,1,6,False,4.5,False,True,0-15,1789295785.427989,R,read,2.96,2.91,964.6015625,743.5,,,,,,,,,
fair,ductal_2500,mast,dense,TRUE,bayesglm,condition,1,6,False,4.5,False,True,0-15,1789295785.427989,R,singlecellassay,0.06,0.06,968.26171875,790.6,,,,,,,,,
fair,ductal_2500,mast,dense,TRUE,bayesglm,condition,1,6,False,4.5,False,True,0-15,1789295785.427989,R,zlm,57.22,56.77,1861.953125,1817.5,,,,,,,,,
fair,ductal_2500,mast,dense,TRUE,bayesglm,condition,1,6,False,4.5,False,True,0-15,1789295785.427989,R,lrtest,47.46,47.38,1966.13671875,1702.3,,,,,,,,,
fair,ductal_2500,mast,dense,TRUE,bayesglm,condition,1,6,False,4.5,False,True,0-15,1789295785.427989,R,assemble,0.52,0.52,1325.07421875,1143.4,,,,,,,,,
fair,ductal_2500,mast,dense,TRUE,bayesglm,condition,1,6,False,4.5,False,True,0-15,1789295785.427989,R,write,0.05,0.04,1114.546875,758.0,,,,,,,,,
fair,ductal_2500,mast,dense,TRUE,bayesglm,condition,1,6,False,4.5,False,True,0-15,1789295785.427989,R,TOTAL_PROCESS,114.34428977966309,113.8125,1966.13671875,,1991.234375,2032.7421875,712.5234375,1253.61328125,0.0,,assay class after SingleCellAssay: matrix,,
fair,ductal_2500,mast,dense,TRUE,bayesglm,condition,1,6,False,4.5,False,True,0-15,1789295785.427989,ALL,TOTAL_RUN,115.92192220687866,116.8125,1966.13671875,,1991.234375,2032.7421875,188.84765625,1253.61328125,0.0,,,26.1,26.1
fair,ductal_5000,duet,,,,condition,1,1,True,7.5,False,True,0-15,1789295903.367749,duet,read,0.625,0.078,408.45703125,,,,,,,,,,
fair,ductal_5000,duet,,,,condition,1,1,True,7.5,False,True,0-15,1789295903.367749,duet,fit_test,0.233,0.234,569.48046875,,,,,,,,,,
fair,ductal_5000,duet,,,,condition,1,1,True,7.5,False,True,0-15,1789295903.367749,duet,write,0.11,0.109,308.77734375,,,,,,,,,,
fair,ductal_5000,duet,,,,condition,1,1,True,7.5,False,True,0-15,1789295903.367749,duet,TOTAL_PROCESS,2.396662473678589,1.796875,569.48046875,,580.98828125,541.11328125,186.44140625,383.0390625,0.0,,,,
fair,ductal_5000,duet,,,,condition,1,1,True,7.5,False,True,0-15,1789295903.367749,ALL,TOTAL_RUN,2.396662473678589,1.796875,569.48046875,,580.98828125,541.11328125,186.44140625,383.0390625,0.0,,,7.703125,10.0
fair,ductal_5000,mast,dense,TRUE,bayesglm,condition,1,1,True,3.5,False,True,0-15,1789295907.7695746,export,read,0.041,0.031,381.37109375,,,,,,,,,,
fair,ductal_5000,mast,dense,TRUE,bayesglm,condition,1,1,True,3.5,False,True,0-15,1789295907.7695746,export,export,0.411,3.688,604.45703125,,,,,,,,,,
fair,ductal_5000,mast,dense,TRUE,bayesglm,condition,1,1,True,3.5,False,True,0-15,1789295907.7695746,export,TOTAL_PROCESS,1.631359338760376,4.828125,604.45703125,,604.4609375,563.0625,159.921875,444.53515625,0.0,,,,
fair,ductal_5000,mast,dense,TRUE,bayesglm,condition,1,1,True,3.5,False,True,0-15,1789295907.7695746,R,read,4.81,4.73,1230.6640625,1010.7,,,,,,,,,
fair,ductal_5000,mast,dense,TRUE,bayesglm,condition,1,1,True,3.5,False,True,0-15,1789295907.7695746,R,singlecellassay,0.04,0.05,1234.53125,1057.1,,,,,,,,,
fair,ductal_5000,mast,dense,TRUE,bayesglm,condition,1,1,True,3.5,False,True,0-15,1789295907.7695746,R,zlm,98.94,99.1,2690.3984375,2758.8,,,,,,,,,
fair,ductal_5000,mast,dense,TRUE,bayesglm,condition,1,1,True,3.5,False,True,0-15,1789295907.7695746,R,lrtest,87.6,88.0,2857.09765625,2759.0,,,,,,,,,
fair,ductal_5000,mast,dense,TRUE,bayesglm,condition,1,1,True,3.5,False,True,0-15,1789295907.7695746,R,assemble,0.53,0.51,1601.66015625,1409.9,,,,,,,,,
fair,ductal_5000,mast,dense,TRUE,bayesglm,condition,1,1,True,3.5,False,True,0-15,1789295907.7695746,R,write,0.05,0.05,1385.9453125,1024.7,,,,,,,,,
fair,ductal_5000,mast,dense,TRUE,bayesglm,condition,1,1,True,3.5,False,True,0-15,1789295907.7695746,R,TOTAL_PROCESS,197.9882469177246,198.546875,2857.09765625,,2849.9453125,2894.7109375,723.109375,2133.98828125,0.0,,assay class after SingleCellAssay: matrix,,
fair,ductal_5000,mast,dense,TRUE,bayesglm,condition,1,1,True,3.5,False,True,0-15,1789295907.7695746,ALL,TOTAL_RUN,199.61960625648499,203.375,2857.09765625,,2849.9453125,2894.7109375,159.921875,2133.98828125,0.0,,,10.8,16.525
fair,ductal_5000,duet,,,,condition,1,2,False,20.6,False,True,0-15,1789296109.4181519,duet,read,0.055,0.062,401.25390625,,,,,,,,,,
fair,ductal_5000,duet,,,,condition,1,2,False,20.6,False,True,0-15,1789296109.4181519,duet,fit_test,0.265,0.25,576.4609375,,,,,,,,,,
fair,ductal_5000,duet,,,,condition,1,2,False,20.6,False,True,0-15,1789296109.4181519,duet,write,0.145,0.109,314.04296875,,,,,,,,,,
fair,ductal_5000,duet,,,,condition,1,2,False,20.6,False,True,0-15,1789296109.4181519,duet,TOTAL_PROCESS,2.0461466312408447,1.90625,576.4609375,,588.1875,541.75,186.8203125,389.640625,0.0,,,,
fair,ductal_5000,duet,,,,condition,1,2,False,20.6,False,True,0-15,1789296109.4181519,ALL,TOTAL_RUN,2.0461466312408447,1.90625,576.4609375,,588.1875,541.75,186.8203125,389.640625,0.0,,,24.35,27.3
fair,ductal_5000,mast,dense,TRUE,bayesglm,condition,1,2,False,17.1,False,True,0-15,1789296113.47157,export,read,0.054,0.062,358.59765625,,,,,,,,,,
fair,ductal_5000,mast,dense,TRUE,bayesglm,condition,1,2,False,17.1,False,True,0-15,1789296113.47157,export,export,0.449,3.703,604.92578125,,,,,,,,,,
fair,ductal_5000,mast,dense,TRUE,bayesglm,condition,1,2,False,17.1,False,True,0-15,1789296113.47157,export,TOTAL_PROCESS,1.7965152263641357,4.96875,604.92578125,,604.9296875,563.50390625,161.265625,443.66015625,0.0,,,,
fair,ductal_5000,mast,dense,TRUE,bayesglm,condition,1,2,False,17.1,False,True,0-15,1789296113.47157,R,read,5.22,5.03,1230.4765625,1010.7,,,,,,,,,
fair,ductal_5000,mast,dense,TRUE,bayesglm,condition,1,2,False,17.1,False,True,0-15,1789296113.47157,R,singlecellassay,0.04,0.05,1234.18359375,1057.1,,,,,,,,,
fair,ductal_5000,mast,dense,TRUE,bayesglm,condition,1,2,False,17.1,False,True,0-15,1789296113.47157,R,zlm,117.05,112.55,2686.6875,2758.8,,,,,,,,,
fair,ductal_5000,mast,dense,TRUE,bayesglm,condition,1,2,False,17.1,False,True,0-15,1789296113.47157,R,lrtest,114.85,107.11,2858.3515625,2759.0,,,,,,,,,
fair,ductal_5000,mast,dense,TRUE,bayesglm,condition,1,2,False,17.1,False,True,0-15,1789296113.47157,R,assemble,0.73,0.66,1541.8984375,1409.9,,,,,,,,,
fair,ductal_5000,mast,dense,TRUE,bayesglm,condition,1,2,False,17.1,False,True,0-15,1789296113.47157,R,write,0.03,0.05,1385.33984375,1024.7,,,,,,,,,
fair,ductal_5000,mast,dense,TRUE,bayesglm,condition,1,2,False,17.1,False,True,0-15,1789296113.47157,R,TOTAL_PROCESS,244.6030671596527,231.96875,2858.3515625,,2848.9296875,2892.515625,717.703125,2140.6484375,0.0,,assay class after SingleCellAssay: matrix,,
fair,ductal_5000,mast,dense,TRUE,bayesglm,condition,1,2,False,17.1,False,True,0-15,1789296113.47157,ALL,TOTAL_RUN,246.39958238601685,236.9375,2858.3515625,,2848.9296875,2892.515625,161.265625,2140.6484375,0.0,,,22.3,33.4125
fair,ductal_5000,duet,,,,condition,1,3,False,29.8,False,True,0-15,1789296361.9132988,duet,read,0.054,0.047,417.00390625,,,,,,,,,,
fair,ductal_5000,duet,,,,condition,1,3,False,29.8,False,True,0-15,1789296361.9132988,duet,fit_test,0.269,0.266,576.4296875,,,,,,,,,,
fair,ductal_5000,duet,,,,condition,1,3,False,29.8,False,True,0-15,1789296361.9132988,duet,write,0.128,0.125,314.10546875,,,,,,,,,,
fair,ductal_5000,duet,,,,condition,1,3,False,29.8,False,True,0-15,1789296361.9132988,duet,TOTAL_PROCESS,2.3097779750823975,2.03125,576.4296875,,588.05859375,541.1171875,186.60546875,389.82421875,0.0,,,,
fair,ductal_5000,duet,,,,condition,1,3,False,29.8,False,True,0-15,1789296361.9132988,ALL,TOTAL_RUN,2.3097779750823975,2.03125,576.4296875,,588.05859375,541.1171875,186.60546875,389.82421875,0.0,,,26.1328125,30.9
fair,ductal_5000,mast,dense,TRUE,bayesglm,condition,1,3,False,15.6,False,True,0-15,1789296366.2301652,export,read,0.058,0.047,390.74609375,,,,,,,,,,
fair,ductal_5000,mast,dense,TRUE,bayesglm,condition,1,3,False,15.6,False,True,0-15,1789296366.2301652,export,export,0.435,3.5,604.96875,,,,,,,,,,
fair,ductal_5000,mast,dense,TRUE,bayesglm,condition,1,3,False,15.6,False,True,0-15,1789296366.2301652,export,TOTAL_PROCESS,2.0751149654388428,4.9375,604.96875,,604.97265625,563.57421875,161.234375,443.734375,0.0,,,,
fair,ductal_5000,mast,dense,TRUE,bayesglm,condition,1,3,False,15.6,False,True,0-15,1789296366.2301652,R,read,5.99,5.44,1230.20703125,1010.7,,,,,,,,,
fair,ductal_5000,mast,dense,TRUE,bayesglm,condition,1,3,False,15.6,False,True,0-15,1789296366.2301652,R,singlecellassay,0.08,0.08,1234.5234375,1057.1,,,,,,,,,
fair,ductal_5000,mast,dense,TRUE,bayesglm,condition,1,3,False,15.6,False,True,0-15,1789296366.2301652,R,zlm,123.33,116.2,2713.484375,2641.8,,,,,,,,,
fair,ductal_5000,mast,dense,TRUE,bayesglm,condition,1,3,False,15.6,False,True,0-15,1789296366.2301652,R,lrtest,107.98,102.87,2758.7734375,2645.5,,,,,,,,,
fair,ductal_5000,mast,dense,TRUE,bayesglm,condition,1,3,False,15.6,False,True,0-15,1789296366.2301652,R,assemble,0.68,0.71,1744.05859375,1409.9,,,,,,,,,
fair,ductal_5000,mast,dense,TRUE,bayesglm,condition,1,3,False,15.6,False,True,0-15,1789296366.2301652,R,write,0.05,0.06,1540.9609375,1024.7,,,,,,,,,
fair,ductal_5000,mast,dense,TRUE,bayesglm,condition,1,3,False,15.6,False,True,0-15,1789296366.2301652,R,TOTAL_PROCESS,245.4679479598999,232.15625,2758.7734375,,2746.15625,2791.66015625,720.68359375,2038.08984375,0.0,,assay class after SingleCellAssay: matrix,,
fair,ductal_5000,mast,dense,TRUE,bayesglm,condition,1,3,False,15.6,False,True,0-15,1789296366.2301652,ALL,TOTAL_RUN,247.54306292533875,237.09375,2758.7734375,,2746.15625,2791.66015625,161.234375,2038.08984375,0.0,,,31.05,35.16875
fair,ductal_5000,duet,,,,condition,1,4,False,25.7,False,True,0-15,1789296615.8125863,duet,read,0.056,0.062,392.76171875,,,,,,,,,,
fair,ductal_5000,duet,,,,condition,1,4,False,25.7,False,True,0-15,1789296615.8125863,duet,fit_test,0.281,0.266,575.7265625,,,,,,,,,,
fair,ductal_5000,duet,,,,condition,1,4,False,25.7,False,True,0-15,1789296615.8125863,duet,write,0.133,0.125,305.0,,,,,,,,,,
fair,ductal_5000,duet,,,,condition,1,4,False,25.7,False,True,0-15,1789296615.8125863,duet,TOTAL_PROCESS,2.4155771732330322,2.125,575.7265625,,587.38671875,540.48828125,187.0,388.7265625,0.0,,,,
fair,ductal_5000,duet,,,,condition,1,4,False,25.7,False,True,0-15,1789296615.8125863,ALL,TOTAL_RUN,2.4155771732330322,2.125,575.7265625,,587.38671875,540.48828125,187.0,388.7265625,0.0,,,29.3328125,31.1
fair,ductal_5000,mast,dense,TRUE,bayesglm,condition,1,4,False,30.3,False,True,0-15,1789296620.2355502,export,read,0.053,0.047,376.75390625,,,,,,,,,,
fair,ductal_5000,mast,dense,TRUE,bayesglm,condition,1,4,False,30.3,False,True,0-15,1789296620.2355502,export,export,0.441,3.641,605.046875,,,,,,,,,,
fair,ductal_5000,mast,dense,TRUE,bayesglm,condition,1,4,False,30.3,False,True,0-15,1789296620.2355502,export,TOTAL_PROCESS,2.0734734535217285,5.03125,605.046875,,605.05078125,563.70703125,161.4609375,443.5859375,0.0,,,,
fair,ductal_5000,mast,dense,TRUE,bayesglm,condition,1,4,False,30.3,False,True,0-15,1789296620.2355502,R,read,5.86,5.15,1229.66796875,1010.7,,,,,,,,,
fair,ductal_5000,mast,dense,TRUE,bayesglm,condition,1,4,False,30.3,False,True,0-15,1789296620.2355502,R,singlecellassay,0.08,0.08,1233.9375,1057.1,,,,,,,,,
fair,ductal_5000,mast,dense,TRUE,bayesglm,condition,1,4,False,30.3,False,True,0-15,1789296620.2355502,R,zlm,124.3,116.7,2720.15625,2641.8,,,,,,,,,
fair,ductal_5000,mast,dense,TRUE,bayesglm,condition,1,4,False,30.3,False,True,0-15,1789296620.2355502,R,lrtest,111.53,105.83,2763.4140625,2645.5,,,,,,,,,
fair,ductal_5000,mast,dense,TRUE,bayesglm,condition,1,4,False,30.3,False,True,0-15,1789296620.2355502,R,assemble,0.67,0.64,1744.515625,1409.9,,,,,,,,,
fair,ductal_5000,mast,dense,TRUE,bayesglm,condition,1,4,False,30.3,False,True,0-15,1789296620.2355502,R,write,0.06,0.07,1540.92578125,1024.7,,,,,,,,,
fair,ductal_5000,mast,dense,TRUE,bayesglm,condition,1,4,False,30.3,False,True,0-15,1789296620.2355502,R,TOTAL_PROCESS,250.3803427219391,235.609375,2763.4140625,,2748.91796875,2793.0625,720.84375,2042.5703125,0.0,,assay class after SingleCellAssay: matrix,,
fair,ductal_5000,mast,dense,TRUE,bayesglm,condition,1,4,False,30.3,False,True,0-15,1789296620.2355502,ALL,TOTAL_RUN,252.45381617546082,240.640625,2763.4140625,,2748.91796875,2793.0625,161.4609375,2042.5703125,0.0,,,33.05,40.828125
fair,ductal_5000,duet,,,,condition,1,5,False,23.3,False,True,0-15,1789296874.7259214,duet,read,0.056,0.031,416.7109375,,,,,,,,,,
fair,ductal_5000,duet,,,,condition,1,5,False,23.3,False,True,0-15,1789296874.7259214,duet,fit_test,0.281,0.234,576.09765625,,,,,,,,,,
fair,ductal_5000,duet,,,,condition,1,5,False,23.3,False,True,0-15,1789296874.7259214,duet,write,0.13,0.109,313.71484375,,,,,,,,,,
fair,ductal_5000,duet,,,,condition,1,5,False,23.3,False,True,0-15,1789296874.7259214,duet,TOTAL_PROCESS,2.304344654083252,2.0,576.09765625,,587.73046875,540.95703125,220.17578125,355.921875,0.0,,,,
fair,ductal_5000,duet,,,,condition,1,5,False,23.3,False,True,0-15,1789296874.7259214,ALL,TOTAL_RUN,2.304344654083252,2.0,576.09765625,,587.73046875,540.95703125,220.17578125,355.921875,0.0,,,25.946875,27.29375
fair,ductal_5000,mast,dense,TRUE,bayesglm,condition,1,5,False,26.1,False,True,0-15,1789296879.0394328,export,read,0.056,0.047,390.12109375,,,,,,,,,,
fair,ductal_5000,mast,dense,TRUE,bayesglm,condition,1,5,False,26.1,False,True,0-15,1789296879.0394328,export,export,0.445,3.891,604.5859375,,,,,,,,,,
fair,ductal_5000,mast,dense,TRUE,bayesglm,condition,1,5,False,26.1,False,True,0-15,1789296879.0394328,export,TOTAL_PROCESS,2.1285533905029297,5.4375,604.5859375,,604.58984375,562.92578125,192.296875,412.2890625,0.0,,,,
fair,ductal_5000,mast,dense,TRUE,bayesglm,condition,1,5,False,26.1,False,True,0-15,1789296879.0394328,R,read,5.58,5.35,1229.89453125,1010.7,,,,,,,,,
fair,ductal_5000,mast,dense,TRUE,bayesglm,condition,1,5,False,26.1,False,True,0-15,1789296879.0394328,R,singlecellassay,0.06,0.08,1234.1640625,1057.1,,,,,,,,,
fair,ductal_5000,mast,dense,TRUE,bayesglm,condition,1,5,False,26.1,False,True,0-15,1789296879.0394328,R,zlm,125.53,117.77,2737.95703125,2641.8,,,,,,,,,
fair,ductal_5000,mast,dense,TRUE,bayesglm,condition,1,5,False,26.1,False,True,0-15,1789296879.0394328,R,lrtest,92.6,91.49,2764.8125,2645.5,,,,,,,,,
fair,ductal_5000,mast,dense,TRUE,bayesglm,condition,1,5,False,26.1,False,True,0-15,1789296879.0394328,R,assemble,0.53,0.53,1745.12109375,1409.9,,,,,,,,,
fair,ductal_5000,mast,dense,TRUE,bayesglm,condition,1,5,False,26.1,False,True,0-15,1789296879.0394328,R,write,0.05,0.04,1540.69140625,1024.7,,,,,,,,,
fair,ductal_5000,mast,dense,TRUE,bayesglm,condition,1,5,False,26.1,False,True,0-15,1789296879.0394328,R,TOTAL_PROCESS,231.45710515975952,221.8125,2764.8125,,2756.2265625,2800.4296875,721.08203125,2043.73046875,0.0,,assay class after SingleCellAssay: matrix,,
fair,ductal_5000,mast,dense,TRUE,bayesglm,condition,1,5,False,26.1,False,True,0-15,1789296879.0394328,ALL,TOTAL_RUN,233.58565855026245,227.25,2764.8125,,2756.2265625,2800.4296875,192.296875,2043.73046875,0.0,,,32.7984375,35.3
fair,ductal_5000,duet,,,,condition,1,6,False,6.2,False,True,0-15,1789297114.6566534,duet,read,0.045,0.047,406.62109375,,,,,,,,,,
fair,ductal_5000,duet,,,,condition,1,6,False,6.2,False,True,0-15,1789297114.6566534,duet,fit_test,0.234,0.234,577.0546875,,,,,,,,,,
fair,ductal_5000,duet,,,,condition,1,6,False,6.2,False,True,0-15,1789297114.6566534,duet,write,0.11,0.109,314.42578125,,,,,,,,,,
fair,ductal_5000,duet,,,,condition,1,6,False,6.2,False,True,0-15,1789297114.6566534,duet,TOTAL_PROCESS,1.7691094875335693,1.71875,577.0546875,,588.78125,541.875,187.046875,390.0078125,0.0,,,,
fair,ductal_5000,duet,,,,condition,1,6,False,6.2,False,True,0-15,1789297114.6566534,ALL,TOTAL_RUN,1.7691094875335693,1.71875,577.0546875,,588.78125,541.875,187.046875,390.0078125,0.0,,,11.0,11.0
fair,ductal_5000,mast,dense,TRUE,bayesglm,condition,1,6,False,4.9,False,True,0-15,1789297118.4320652,export,read,0.046,0.047,387.328125,,,,,,,,,,
fair,ductal_5000,mast,dense,TRUE,bayesglm,condition,1,6,False,4.9,False,True,0-15,1789297118.4320652,export,export,0.389,3.516,604.859375,,,,,,,,,,
fair,ductal_5000,mast,dense,TRUE,bayesglm,condition,1,6,False,4.9,False,True,0-15,1789297118.4320652,export,TOTAL_PROCESS,1.6122429370880127,4.703125,604.859375,,604.86328125,563.5078125,166.45703125,438.40234375,0.0,,,,
fair,ductal_5000,mast,dense,TRUE,bayesglm,condition,1,6,False,4.9,False,True,0-15,1789297118.4320652,R,read,4.75,4.74,1230.67578125,1010.7,,,,,,,,,
fair,ductal_5000,mast,dense,TRUE,bayesglm,condition,1,6,False,4.9,False,True,0-15,1789297118.4320652,R,singlecellassay,0.06,0.04,1234.80078125,1057.1,,,,,,,,,
fair,ductal_5000,mast,dense,TRUE,bayesglm,condition,1,6,False,4.9,False,True,0-15,1789297118.4320652,R,zlm,100.58,100.44,2689.1484375,2758.8,,,,,,,,,
fair,ductal_5000,mast,dense,TRUE,bayesglm,condition,1,6,False,4.9,False,True,0-15,1789297118.4320652,R,lrtest,91.28,90.63,2875.9453125,2759.0,,,,,,,,,
fair,ductal_5000,mast,dense,TRUE,bayesglm,condition,1,6,False,4.9,False,True,0-15,1789297118.4320652,R,assemble,0.53,0.56,1936.40234375,1409.9,,,,,,,,,
fair,ductal_5000,mast,dense,TRUE,bayesglm,condition,1,6,False,4.9,False,True,0-15,1789297118.4320652,R,write,0.05,0.05,1542.671875,1024.7,,,,,,,,,
fair,ductal_5000,mast,dense,TRUE,bayesglm,condition,1,6,False,4.9,False,True,0-15,1789297118.4320652,R,TOTAL_PROCESS,203.2131154537201,202.3125,2875.9453125,,2866.52734375,2910.12109375,722.53125,2153.4140625,0.0,,assay class after SingleCellAssay: matrix,,
fair,ductal_5000,mast,dense,TRUE,bayesglm,condition,1,6,False,4.9,False,True,0-15,1789297118.4320652,ALL,TOTAL_RUN,204.8253583908081,207.015625,2875.9453125,,2866.52734375,2910.12109375,166.45703125,2153.4140625,0.0,,,9.2,64.52499999999999
fair,ductal_all,duet,,,,condition,1,1,True,52.6,False,True,0-15,1789297325.2882996,duet,read,0.883,0.031,458.21484375,,,,,,,,,,
fair,ductal_all,duet,,,,condition,1,1,True,52.6,False,True,0-15,1789297325.2882996,duet,fit_test,0.389,0.391,799.7109375,,,,,,,,,,
fair,ductal_all,duet,,,,condition,1,1,True,52.6,False,True,0-15,1789297325.2882996,duet,write,0.121,0.109,368.05859375,,,,,,,,,,
fair,ductal_all,duet,,,,condition,1,1,True,52.6,False,True,0-15,1789297325.2882996,duet,TOTAL_PROCESS,2.8874404430389404,1.953125,799.7109375,,818.296875,772.44921875,187.94921875,611.76171875,0.0,,,,
fair,ductal_all,duet,,,,condition,1,1,True,52.6,False,True,0-15,1789297325.2882996,ALL,TOTAL_RUN,2.8874404430389404,1.953125,799.7109375,,818.296875,772.44921875,187.94921875,611.76171875,0.0,,,6.8125,8.1
fair,ductal_all,mast,dense,TRUE,bayesglm,condition,1,1,True,4.5,False,True,0-15,1789297330.1822135,export,read,0.061,0.062,478.40625,,,,,,,,,,
fair,ductal_all,mast,dense,TRUE,bayesglm,condition,1,1,True,4.5,False,True,0-15,1789297330.1822135,export,export,0.669,5.703,858.19140625,,,,,,,,,,
fair,ductal_all,mast,dense,TRUE,bayesglm,condition,1,1,True,4.5,False,True,0-15,1789297330.1822135,export,TOTAL_PROCESS,2.015303611755371,6.96875,858.19140625,,858.1953125,816.62890625,160.734375,697.45703125,0.0,,,,
fair,ductal_all,mast,dense,TRUE,bayesglm,condition,1,1,True,4.5,False,True,0-15,1789297330.1822135,R,read,7.01,6.91,1551.171875,1331.5,,,,,,,,,
fair,ductal_all,mast,dense,TRUE,bayesglm,condition,1,1,True,4.5,False,True,0-15,1789297330.1822135,R,singlecellassay,0.06,0.06,1555.7421875,1378.1,,,,,,,,,
fair,ductal_all,mast,dense,TRUE,bayesglm,condition,1,1,True,4.5,False,True,0-15,1789297330.1822135,R,zlm,160.74,159.38,4613.140625,4525.0,,,,,,,,,
fair,ductal_all,mast,dense,TRUE,bayesglm,condition,1,1,True,4.5,False,True,0-15,1789297330.1822135,R,lrtest,140.09,137.26,3787.15234375,3768.3,,,,,,,,,
fair,ductal_all,mast,dense,TRUE,bayesglm,condition,1,1,True,4.5,False,True,0-15,1789297330.1822135,R,assemble,0.55,0.56,2243.3359375,1730.9,,,,,,,,,
fair,ductal_all,mast,dense,TRUE,bayesglm,condition,1,1,True,4.5,False,True,0-15,1789297330.1822135,R,write,0.05,0.04,1873.86328125,1346.0,,,,,,,,,
fair,ductal_all,mast,dense,TRUE,bayesglm,condition,1,1,True,4.5,False,True,0-15,1789297330.1822135,R,TOTAL_PROCESS,314.65949296951294,310.265625,4613.140625,,4598.6640625,4650.12890625,712.46875,3900.671875,0.0,,assay class after SingleCellAssay: matrix,,
fair,ductal_all,mast,dense,TRUE,bayesglm,condition,1,1,True,4.5,False,True,0-15,1789297330.1822135,ALL,TOTAL_RUN,316.6747965812683,317.234375,4613.140625,,4598.6640625,4650.12890625,160.734375,3900.671875,0.0,,,9.3,14.568750000000001
fair,ductal_all,duet,,,,condition,1,2,False,4.7,False,True,0-15,1789297648.8995082,duet,read,0.066,0.047,493.08203125,,,,,,,,,,
fair,ductal_all,duet,,,,condition,1,2,False,4.7,False,True,0-15,1789297648.8995082,duet,fit_test,0.381,0.375,802.0078125,,,,,,,,,,
fair,ductal_all,duet,,,,condition,1,2,False,4.7,False,True,0-15,1789297648.8995082,duet,write,0.115,0.125,370.15234375,,,,,,,,,,
fair,ductal_all,duet,,,,condition,1,2,False,4.7,False,True,0-15,1789297648.8995082,duet,TOTAL_PROCESS,2.044569253921509,1.921875,802.0078125,,820.5,774.84765625,187.25390625,614.75390625,0.0,,,,
fair,ductal_all,duet,,,,condition,1,2,False,4.7,False,True,0-15,1789297648.8995082,ALL,TOTAL_RUN,2.044569253921509,1.921875,802.0078125,,820.5,774.84765625,187.25390625,614.75390625,0.0,,,8.7,8.7
fair,ductal_all,mast,dense,TRUE,bayesglm,condition,1,2,False,5.5,False,True,0-15,1789297652.987159,export,read,0.067,0.062,472.20703125,,,,,,,,,,
fair,ductal_all,mast,dense,TRUE,bayesglm,condition,1,2,False,5.5,False,True,0-15,1789297652.987159,export,export,0.645,5.516,857.92578125,,,,,,,,,,
fair,ductal_all,mast,dense,TRUE,bayesglm,condition,1,2,False,5.5,False,True,0-15,1789297652.987159,export,TOTAL_PROCESS,1.9335756301879883,6.734375,857.92578125,,857.9296875,816.85546875,160.015625,697.91015625,0.0,,,,
fair,ductal_all,mast,dense,TRUE,bayesglm,condition,1,2,False,5.5,False,True,0-15,1789297652.987159,R,read,7.09,6.89,1551.265625,1331.5,,,,,,,,,
fair,ductal_all,mast,dense,TRUE,bayesglm,condition,1,2,False,5.5,False,True,0-15,1789297652.987159,R,singlecellassay,0.06,0.07,1555.94140625,1378.1,,,,,,,,,
fair,ductal_all,mast,dense,TRUE,bayesglm,condition,1,2,False,5.5,False,True,0-15,1789297652.987159,R,zlm,165.0,163.73,4600.26953125,4525.0,,,,,,,,,
fair,ductal_all,mast,dense,TRUE,bayesglm,condition,1,2,False,5.5,False,True,0-15,1789297652.987159,R,lrtest,141.95,138.39,3788.55859375,3768.3,,,,,,,,,
fair,ductal_all,mast,dense,TRUE,bayesglm,condition,1,2,False,5.5,False,True,0-15,1789297652.987159,R,assemble,0.54,0.53,2202.875,1730.9,,,,,,,,,
fair,ductal_all,mast,dense,TRUE,bayesglm,condition,1,2,False,5.5,False,True,0-15,1789297652.987159,R,write,0.05,0.03,1874.32421875,1346.0,,,,,,,,,
fair,ductal_all,mast,dense,TRUE,bayesglm,condition,1,2,False,5.5,False,True,0-15,1789297652.987159,R,TOTAL_PROCESS,320.8936810493469,315.6875,4600.26953125,,4597.921875,4649.10546875,712.2265625,3888.04296875,0.0,,assay class after SingleCellAssay: matrix,,
fair,ductal_all,mast,dense,TRUE,bayesglm,condition,1,2,False,5.5,False,True,0-15,1789297652.987159,ALL,TOTAL_RUN,322.8272566795349,322.421875,4600.26953125,,4597.921875,4649.10546875,160.015625,3888.04296875,0.0,,,8.0,14.375
fair,ductal_all,duet,,,,condition,1,3,False,5.0,False,True,0-15,1789297977.8613496,duet,read,0.067,0.062,508.6171875,,,,,,,,,,
fair,ductal_all,duet,,,,condition,1,3,False,5.0,False,True,0-15,1789297977.8613496,duet,fit_test,0.383,0.328,801.765625,,,,,,,,,,
fair,ductal_all,duet,,,,condition,1,3,False,5.0,False,True,0-15,1789297977.8613496,duet,write,0.117,0.125,369.953125,,,,,,,,,,
fair,ductal_all,duet,,,,condition,1,3,False,5.0,False,True,0-15,1789297977.8613496,duet,TOTAL_PROCESS,2.054075241088867,1.875,801.765625,,820.30078125,774.796875,200.24609375,601.51953125,0.0,,,,
fair,ductal_all,duet,,,,condition,1,3,False,5.0,False,True,0-15,1789297977.8613496,ALL,TOTAL_RUN,2.054075241088867,1.875,801.765625,,820.30078125,774.796875,200.24609375,601.51953125,0.0,,,11.1,11.1
fair,ductal_all,mast,dense,TRUE,bayesglm,condition,1,3,False,5.3,False,True,0-15,1789297981.9223852,export,read,0.066,0.062,481.69140625,,,,,,,,,,
fair,ductal_all,mast,dense,TRUE,bayesglm,condition,1,3,False,5.3,False,True,0-15,1789297981.9223852,export,export,0.653,5.625,857.53515625,,,,,,,,,,
fair,ductal_all,mast,dense,TRUE,bayesglm,condition,1,3,False,5.3,False,True,0-15,1789297981.9223852,export,TOTAL_PROCESS,1.954721450805664,6.84375,857.53515625,,857.5390625,815.92578125,167.1015625,690.43359375,0.0,,,,
fair,ductal_all,mast,dense,TRUE,bayesglm,condition,1,3,False,5.3,False,True,0-15,1789297981.9223852,R,read,7.17,7.02,1551.15234375,1331.5,,,,,,,,,
fair,ductal_all,mast,dense,TRUE,bayesglm,condition,1,3,False,5.3,False,True,0-15,1789297981.9223852,R,singlecellassay,0.06,0.06,1555.9765625,1378.1,,,,,,,,,
fair,ductal_all,mast,dense,TRUE,bayesglm,condition,1,3,False,5.3,False,True,0-15,1789297981.9223852,R,zlm,165.5,164.48,4594.11328125,4525.0,,,,,,,,,
fair,ductal_all,mast,dense,TRUE,bayesglm,condition,1,3,False,5.3,False,True,0-15,1789297981.9223852,R,lrtest,140.72,138.68,3788.06640625,3768.3,,,,,,,,,
fair,ductal_all,mast,dense,TRUE,bayesglm,condition,1,3,False,5.3,False,True,0-15,1789297981.9223852,R,assemble,0.58,0.61,2243.6953125,1730.9,,,,,,,,,
fair,ductal_all,mast,dense,TRUE,bayesglm,condition,1,3,False,5.3,False,True,0-15,1789297981.9223852,R,write,0.05,0.04,1874.609375,1346.0,,,,,,,,,
fair,ductal_all,mast,dense,TRUE,bayesglm,condition,1,3,False,5.3,False,True,0-15,1789297981.9223852,R,TOTAL_PROCESS,320.2776713371277,316.96875,4594.11328125,,4596.3125,4648.97265625,712.4609375,3881.65234375,0.0,,assay class after SingleCellAssay: matrix,,
fair,ductal_all,mast,dense,TRUE,bayesglm,condition,1,3,False,5.3,False,True,0-15,1789297981.9223852,ALL,TOTAL_RUN,322.23239278793335,323.8125,4594.11328125,,4596.3125,4648.97265625,167.1015625,3881.65234375,0.0,,,9.1,16.275
fair,ductal_all,duet,,,,condition,1,4,False,5.7,False,True,0-15,1789298306.1955183,duet,read,0.067,0.062,480.0703125,,,,,,,,,,
fair,ductal_all,duet,,,,condition,1,4,False,5.7,False,True,0-15,1789298306.1955183,duet,fit_test,0.38,0.391,801.9296875,,,,,,,,,,
fair,ductal_all,duet,,,,condition,1,4,False,5.7,False,True,0-15,1789298306.1955183,duet,write,0.117,0.109,370.109375,,,,,,,,,,
fair,ductal_all,duet,,,,condition,1,4,False,5.7,False,True,0-15,1789298306.1955183,duet,TOTAL_PROCESS,2.0201876163482666,1.96875,801.9296875,,820.4296875,774.73828125,222.73828125,579.19140625,0.0,,,,
fair,ductal_all,duet,,,,condition,1,4,False,5.7,False,True,0-15,1789298306.1955183,ALL,TOTAL_RUN,2.0201876163482666,1.96875,801.9296875,,820.4296875,774.73828125,222.73828125,579.19140625,0.0,,,7.8,7.8
fair,ductal_all,mast,dense,TRUE,bayesglm,condition,1,4,False,5.5,False,True,0-15,1789298310.222725,export,read,0.068,0.062,471.4140625,,,,,,,,,,
fair,ductal_all,mast,dense,TRUE,bayesglm,condition,1,4,False,5.5,False,True,0-15,1789298310.222725,export,export,0.648,5.781,857.70703125,,,,,,,,,,
fair,ductal_all,mast,dense,TRUE,bayesglm,condition,1,4,False,5.5,False,True,0-15,1789298310.222725,export,TOTAL_PROCESS,1.9335761070251465,6.984375,857.70703125,,857.7109375,816.5625,160.359375,697.34765625,0.0,,,,
fair,ductal_all,mast,dense,TRUE,bayesglm,condition,1,4,False,5.5,False,True,0-15,1789298310.222725,R,read,7.0,6.76,1551.1640625,1331.5,,,,,,,,,
fair,ductal_all,mast,dense,TRUE,bayesglm,condition,1,4,False,5.5,False,True,0-15,1789298310.222725,R,singlecellassay,0.06,0.06,1555.78125,1378.1,,,,,,,,,
fair,ductal_all,mast,dense,TRUE,bayesglm,condition,1,4,False,5.5,False,True,0-15,1789298310.222725,R,zlm,166.05,164.4,4609.2109375,4525.0,,,,,,,,,
fair,ductal_all,mast,dense,TRUE,bayesglm,condition,1,4,False,5.5,False,True,0-15,1789298310.222725,R,lrtest,141.16,138.85,3797.453125,3768.3,,,,,,,,,
fair,ductal_all,mast,dense,TRUE,bayesglm,condition,1,4,False,5.5,False,True,0-15,1789298310.222725,R,assemble,0.53,0.57,2246.53515625,1730.9,,,,,,,,,
fair,ductal_all,mast,dense,TRUE,bayesglm,condition,1,4,False,5.5,False,True,0-15,1789298310.222725,R,write,0.05,0.05,1874.2734375,1346.0,,,,,,,,,
fair,ductal_all,mast,dense,TRUE,bayesglm,condition,1,4,False,5.5,False,True,0-15,1789298310.222725,R,TOTAL_PROCESS,320.9960858821869,316.609375,4609.2109375,,4594.734375,4649.01953125,711.34375,3897.8671875,0.0,,assay class after SingleCellAssay: matrix,,
fair,ductal_all,mast,dense,TRUE,bayesglm,condition,1,4,False,5.5,False,True,0-15,1789298310.222725,ALL,TOTAL_RUN,322.92966198921204,323.59375,4609.2109375,,4594.734375,4649.01953125,160.359375,3897.8671875,0.0,,,9.0,11.825
fair,ductal_all,duet,,,,condition,1,5,False,7.8,False,True,0-15,1789298635.196152,duet,read,0.067,0.047,492.64453125,,,,,,,,,,
fair,ductal_all,duet,,,,condition,1,5,False,7.8,False,True,0-15,1789298635.196152,duet,fit_test,0.38,0.391,801.82421875,,,,,,,,,,
fair,ductal_all,duet,,,,condition,1,5,False,7.8,False,True,0-15,1789298635.196152,duet,write,0.115,0.109,370.01171875,,,,,,,,,,
fair,ductal_all,duet,,,,condition,1,5,False,7.8,False,True,0-15,1789298635.196152,duet,TOTAL_PROCESS,1.996537446975708,1.875,801.82421875,,820.296875,774.34375,187.0078125,614.81640625,0.0,,,,
fair,ductal_all,duet,,,,condition,1,5,False,7.8,False,True,0-15,1789298635.196152,ALL,TOTAL_RUN,1.996537446975708,1.875,801.82421875,,820.296875,774.34375,187.0078125,614.81640625,0.0,,,13.2,13.2
fair,ductal_all,mast,dense,TRUE,bayesglm,condition,1,5,False,4.7,False,True,0-15,1789298639.1995106,export,read,0.068,0.062,465.98828125,,,,,,,,,,
fair,ductal_all,mast,dense,TRUE,bayesglm,condition,1,5,False,4.7,False,True,0-15,1789298639.1995106,export,export,0.691,5.609,858.15625,,,,,,,,,,
fair,ductal_all,mast,dense,TRUE,bayesglm,condition,1,5,False,4.7,False,True,0-15,1789298639.1995106,export,TOTAL_PROCESS,2.0169482231140137,6.890625,858.15625,,858.16015625,816.5078125,161.01953125,697.13671875,0.0,,,,
fair,ductal_all,mast,dense,TRUE,bayesglm,condition,1,5,False,4.7,False,True,0-15,1789298639.1995106,R,read,7.08,6.89,1551.19140625,1331.5,,,,,,,,,
fair,ductal_all,mast,dense,TRUE,bayesglm,condition,1,5,False,4.7,False,True,0-15,1789298639.1995106,R,singlecellassay,0.06,0.07,1555.859375,1378.1,,,,,,,,,
fair,ductal_all,mast,dense,TRUE,bayesglm,condition,1,5,False,4.7,False,True,0-15,1789298639.1995106,R,zlm,166.18,164.85,4597.234375,4525.0,,,,,,,,,
fair,ductal_all,mast,dense,TRUE,bayesglm,condition,1,5,False,4.7,False,True,0-15,1789298639.1995106,R,lrtest,139.86,137.62,3790.25390625,3768.3,,,,,,,,,
fair,ductal_all,mast,dense,TRUE,bayesglm,condition,1,5,False,4.7,False,True,0-15,1789298639.1995106,R,assemble,0.57,0.56,2244.04296875,1730.9,,,,,,,,,
fair,ductal_all,mast,dense,TRUE,bayesglm,condition,1,5,False,4.7,False,True,0-15,1789298639.1995106,R,write,0.05,0.04,1874.1796875,1346.0,,,,,,,,,
fair,ductal_all,mast,dense,TRUE,bayesglm,condition,1,5,False,4.7,False,True,0-15,1789298639.1995106,R,TOTAL_PROCESS,319.9160702228546,316.046875,4597.234375,,4596.15234375,4648.734375,712.140625,3885.09375,0.0,,assay class after SingleCellAssay: matrix,,
fair,ductal_all,mast,dense,TRUE,bayesglm,condition,1,5,False,4.7,False,True,0-15,1789298639.1995106,ALL,TOTAL_RUN,321.9330184459686,322.9375,4597.234375,,4596.15234375,4648.734375,161.01953125,3885.09375,0.0,,,9.1,11.871875
fair,ductal_all,duet,,,,condition,1,6,False,5.3,False,True,0-15,1789298963.1762633,duet,read,0.067,0.062,500.8046875,,,,,,,,,,
fair,ductal_all,duet,,,,condition,1,6,False,5.3,False,True,0-15,1789298963.1762633,duet,fit_test,0.38,0.359,801.28515625,,,,,,,,,,
fair,ductal_all,duet,,,,condition,1,6,False,5.3,False,True,0-15,1789298963.1762633,duet,write,0.118,0.125,369.44140625,,,,,,,,,,
fair,ductal_all,duet,,,,condition,1,6,False,5.3,False,True,0-15,1789298963.1762633,duet,TOTAL_PROCESS,2.013667106628418,1.90625,801.28515625,,819.859375,774.3671875,187.484375,613.80078125,0.0,,,,
fair,ductal_all,duet,,,,condition,1,6,False,5.3,False,True,0-15,1789298963.1762633,ALL,TOTAL_RUN,2.013667106628418,1.90625,801.28515625,,819.859375,774.3671875,187.484375,613.80078125,0.0,,,10.5,10.5
fair,ductal_all,mast,dense,TRUE,bayesglm,condition,1,6,False,5.1,False,True,0-15,1789298967.1976614,export,read,0.07,0.078,477.26953125,,,,,,,,,,
fair,ductal_all,mast,dense,TRUE,bayesglm,condition,1,6,False,5.1,False,True,0-15,1789298967.1976614,export,export,0.64,5.641,858.1328125,,,,,,,,,,
fair,ductal_all,mast,dense,TRUE,bayesglm,condition,1,6,False,5.1,False,True,0-15,1789298967.1976614,export,TOTAL_PROCESS,1.942256212234497,6.875,858.1328125,,858.13671875,816.609375,162.2890625,695.84375,0.0,,,,
fair,ductal_all,mast,dense,TRUE,bayesglm,condition,1,6,False,5.1,False,True,0-15,1789298967.1976614,R,read,7.08,6.81,1551.23828125,1331.5,,,,,,,,,
fair,ductal_all,mast,dense,TRUE,bayesglm,condition,1,6,False,5.1,False,True,0-15,1789298967.1976614,R,singlecellassay,0.06,0.06,1555.69921875,1378.1,,,,,,,,,
fair,ductal_all,mast,dense,TRUE,bayesglm,condition,1,6,False,5.1,False,True,0-15,1789298967.1976614,R,zlm,166.73,165.61,4613.54296875,4525.0,,,,,,,,,
fair,ductal_all,mast,dense,TRUE,bayesglm,condition,1,6,False,5.1,False,True,0-15,1789298967.1976614,R,lrtest,141.0,137.74,3788.9921875,3768.3,,,,,,,,,
fair,ductal_all,mast,dense,TRUE,bayesglm,condition,1,6,False,5.1,False,True,0-15,1789298967.1976614,R,assemble,0.58,0.6,2243.53515625,1730.9,,,,,,,,,
fair,ductal_all,mast,dense,TRUE,bayesglm,condition,1,6,False,5.1,False,True,0-15,1789298967.1976614,R,write,0.06,0.05,1874.28125,1346.0,,,,,,,,,
fair,ductal_all,mast,dense,TRUE,bayesglm,condition,1,6,False,5.1,False,True,0-15,1789298967.1976614,R,TOTAL_PROCESS,321.6327142715454,316.8125,4613.54296875,,4598.8984375,4650.57421875,718.19921875,3895.34375,0.0,,assay class after SingleCellAssay: matrix,,
fair,ductal_all,mast,dense,TRUE,bayesglm,condition,1,6,False,5.1,False,True,0-15,1789298967.1976614,ALL,TOTAL_RUN,323.5749704837799,323.6875,4613.54296875,,4598.8984375,4650.57421875,162.2890625,3895.34375,0.0,,,10.7,78.921875
fair,pooled_2500,duet,,,,condition,1,1,True,5.5,False,True,0-15,1789299292.8156762,duet,read,0.315,0.031,309.4453125,,,,,,,,,,
fair,pooled_2500,duet,,,,condition,1,1,True,5.5,False,True,0-15,1789299292.8156762,duet,fit_test,0.12,0.109,329.30859375,,,,,,,,,,
fair,pooled_2500,duet,,,,condition,1,1,True,5.5,False,True,0-15,1789299292.8156762,duet,write,0.098,0.094,257.46484375,,,,,,,,,,
fair,pooled_2500,duet,,,,condition,1,1,True,5.5,False,True,0-15,1789299292.8156762,duet,TOTAL_PROCESS,2.0933244228363037,1.6875,329.30859375,,368.77734375,321.81640625,188.140625,141.16796875,0.0,,,,
fair,pooled_2500,duet,,,,condition,1,1,True,5.5,False,True,0-15,1789299292.8156762,ALL,TOTAL_RUN,2.0933244228363037,1.6875,329.30859375,,368.77734375,321.81640625,188.140625,141.16796875,0.0,,,10.575,10.9
fair,pooled_2500,mast,dense,TRUE,bayesglm,condition,1,1,True,6.3,False,True,0-15,1789299296.9154751,export,read,0.025,0.031,274.328125,,,,,,,,,,
fair,pooled_2500,mast,dense,TRUE,bayesglm,condition,1,1,True,6.3,False,True,0-15,1789299296.9154751,export,export,0.183,1.281,366.12890625,,,,,,,,,,
fair,pooled_2500,mast,dense,TRUE,bayesglm,condition,1,1,True,6.3,False,True,0-15,1789299296.9154751,export,TOTAL_PROCESS,1.3996734619140625,2.453125,366.12890625,,366.1328125,324.56640625,182.72265625,183.40625,0.0,,,,
fair,pooled_2500,mast,dense,TRUE,bayesglm,condition,1,1,True,6.3,False,True,0-15,1789299296.9154751,R,read,2.57,2.46,944.8203125,724.2,,,,,,,,,
fair,pooled_2500,mast,dense,TRUE,bayesglm,condition,1,1,True,6.3,False,True,0-15,1789299296.9154751,R,singlecellassay,0.05,0.04,948.51171875,771.2,,,,,,,,,
fair,pooled_2500,mast,dense,TRUE,bayesglm,condition,1,1,True,6.3,False,True,0-15,1789299296.9154751,R,zlm,52.84,52.01,1888.21875,1764.4,,,,,,,,,
fair,pooled_2500,mast,dense,TRUE,bayesglm,condition,1,1,True,6.3,False,True,0-15,1789299296.9154751,R,lrtest,45.25,44.55,1854.29296875,1748.3,,,,,,,,,
fair,pooled_2500,mast,dense,TRUE,bayesglm,condition,1,1,True,6.3,False,True,0-15,1789299296.9154751,R,assemble,0.53,0.51,1255.65625,1121.3,,,,,,,,,
fair,pooled_2500,mast,dense,TRUE,bayesglm,condition,1,1,True,6.3,False,True,0-15,1789299296.9154751,R,write,0.05,0.05,1249.86328125,738.5,,,,,,,,,
fair,pooled_2500,mast,dense,TRUE,bayesglm,condition,1,1,True,6.3,False,True,0-15,1789299296.9154751,R,TOTAL_PROCESS,107.32086777687073,105.46875,1888.21875,,1892.83203125,1933.83984375,711.69921875,1176.51953125,0.0,,assay class after SingleCellAssay: matrix,,
fair,pooled_2500,mast,dense,TRUE,bayesglm,condition,1,1,True,6.3,False,True,0-15,1789299296.9154751,ALL,TOTAL_RUN,108.72054123878479,107.921875,1888.21875,,1892.83203125,1933.83984375,182.72265625,1176.51953125,0.0,,,8.2,14.671875
fair,pooled_2500,duet,,,,condition,1,2,False,6.9,False,True,0-15,1789299407.735425,duet,read,0.024,0.016,300.76171875,,,,,,,,,,
fair,pooled_2500,duet,,,,condition,1,2,False,6.9,False,True,0-15,1789299407.735425,duet,fit_test,0.121,0.125,368.9921875,,,,,,,,,,
fair,pooled_2500,duet,,,,condition,1,2,False,6.9,False,True,0-15,1789299407.735425,duet,write,0.097,0.094,257.74609375,,,,,,,,,,
fair,pooled_2500,duet,,,,condition,1,2,False,6.9,False,True,0-15,1789299407.735425,duet,TOTAL_PROCESS,1.7141635417938232,1.65625,368.9921875,,368.9921875,322.27734375,187.45703125,181.53515625,0.0,,,,
fair,pooled_2500,duet,,,,condition,1,2,False,6.9,False,True,0-15,1789299407.735425,ALL,TOTAL_RUN,1.7141635417938232,1.65625,368.9921875,,368.9921875,322.27734375,187.45703125,181.53515625,0.0,,,12.2,12.2
fair,pooled_2500,mast,dense,TRUE,bayesglm,condition,1,2,False,5.5,False,True,0-15,1789299411.472284,export,read,0.024,0.031,310.53125,,,,,,,,,,
fair,pooled_2500,mast,dense,TRUE,bayesglm,condition,1,2,False,5.5,False,True,0-15,1789299411.472284,export,export,0.181,1.516,365.26953125,,,,,,,,,,
fair,pooled_2500,mast,dense,TRUE,bayesglm,condition,1,2,False,5.5,False,True,0-15,1789299411.472284,export,TOTAL_PROCESS,1.3951926231384277,2.625,365.26953125,,365.2734375,323.7421875,159.25,206.01953125,0.0,,,,
fair,pooled_2500,mast,dense,TRUE,bayesglm,condition,1,2,False,5.5,False,True,0-15,1789299411.472284,R,read,2.53,2.5,945.125,724.2,,,,,,,,,
fair,pooled_2500,mast,dense,TRUE,bayesglm,condition,1,2,False,5.5,False,True,0-15,1789299411.472284,R,singlecellassay,0.06,0.03,948.859375,771.2,,,,,,,,,
fair,pooled_2500,mast,dense,TRUE,bayesglm,condition,1,2,False,5.5,False,True,0-15,1789299411.472284,R,zlm,50.31,49.97,1886.0703125,1764.4,,,,,,,,,
fair,pooled_2500,mast,dense,TRUE,bayesglm,condition,1,2,False,5.5,False,True,0-15,1789299411.472284,R,lrtest,43.23,43.15,1799.109375,1639.2,,,,,,,,,
fair,pooled_2500,mast,dense,TRUE,bayesglm,condition,1,2,False,5.5,False,True,0-15,1789299411.472284,R,assemble,0.52,0.52,1251.546875,1121.3,,,,,,,,,
fair,pooled_2500,mast,dense,TRUE,bayesglm,condition,1,2,False,5.5,False,True,0-15,1789299411.472284,R,write,0.05,0.07,1251.62890625,738.5,,,,,,,,,
fair,pooled_2500,mast,dense,TRUE,bayesglm,condition,1,2,False,5.5,False,True,0-15,1789299411.472284,R,TOTAL_PROCESS,102.7022213935852,102.15625,1886.0703125,,1871.57421875,1912.16015625,712.75,1173.3203125,0.0,,assay class after SingleCellAssay: matrix,,
fair,pooled_2500,mast,dense,TRUE,bayesglm,condition,1,2,False,5.5,False,True,0-15,1789299411.472284,ALL,TOTAL_RUN,104.09741401672363,104.78125,1886.0703125,,1871.57421875,1912.16015625,159.25,1173.3203125,0.0,,,12.1,12.1
fair,pooled_2500,duet,,,,condition,1,3,False,5.0,False,True,0-15,1789299517.5886178,duet,read,0.024,0.031,300.8828125,,,,,,,,,,
fair,pooled_2500,duet,,,,condition,1,3,False,5.0,False,True,0-15,1789299517.5886178,duet,fit_test,0.116,0.109,368.796875,,,,,,,,,,
fair,pooled_2500,duet,,,,condition,1,3,False,5.0,False,True,0-15,1789299517.5886178,duet,write,0.109,0.109,257.37890625,,,,,,,,,,
fair,pooled_2500,duet,,,,condition,1,3,False,5.0,False,True,0-15,1789299517.5886178,duet,TOTAL_PROCESS,1.6547794342041016,1.578125,368.796875,,368.8125,322.08203125,189.17578125,179.62109375,0.0,,,,
fair,pooled_2500,duet,,,,condition,1,3,False,5.0,False,True,0-15,1789299517.5886178,ALL,TOTAL_RUN,1.6547794342041016,1.578125,368.796875,,368.8125,322.08203125,189.17578125,179.62109375,0.0,,,10.1,10.1
fair,pooled_2500,mast,dense,TRUE,bayesglm,condition,1,3,False,5.0,False,True,0-15,1789299521.25024,export,read,0.024,0.016,296.25390625,,,,,,,,,,
fair,pooled_2500,mast,dense,TRUE,bayesglm,condition,1,3,False,5.0,False,True,0-15,1789299521.25024,export,export,0.178,1.703,365.46875,,,,,,,,,,
fair,pooled_2500,mast,dense,TRUE,bayesglm,condition,1,3,False,5.0,False,True,0-15,1789299521.25024,export,TOTAL_PROCESS,1.3571600914001465,2.8125,365.46875,,365.47265625,323.57421875,194.25,171.21875,0.0,,,,
fair,pooled_2500,mast,dense,TRUE,bayesglm,condition,1,3,False,5.0,False,True,0-15,1789299521.25024,R,read,2.51,2.45,945.2734375,724.2,,,,,,,,,
fair,pooled_2500,mast,dense,TRUE,bayesglm,condition,1,3,False,5.0,False,True,0-15,1789299521.25024,R,singlecellassay,0.06,0.04,948.9296875,771.2,,,,,,,,,
fair,pooled_2500,mast,dense,TRUE,bayesglm,condition,1,3,False,5.0,False,True,0-15,1789299521.25024,R,zlm,49.98,49.67,1884.29296875,1764.4,,,,,,,,,
fair,pooled_2500,mast,dense,TRUE,bayesglm,condition,1,3,False,5.0,False,True,0-15,1789299521.25024,R,lrtest,43.08,42.98,1799.03515625,1639.2,,,,,,,,,
fair,pooled_2500,mast,dense,TRUE,bayesglm,condition,1,3,False,5.0,False,True,0-15,1789299521.25024,R,assemble,0.52,0.53,1482.61328125,1121.3,,,,,,,,,
fair,pooled_2500,mast,dense,TRUE,bayesglm,condition,1,3,False,5.0,False,True,0-15,1789299521.25024,R,write,0.04,0.05,1250.62109375,738.5,,,,,,,,,
fair,pooled_2500,mast,dense,TRUE,bayesglm,condition,1,3,False,5.0,False,True,0-15,1789299521.25024,R,TOTAL_PROCESS,102.08011889457703,101.609375,1884.29296875,,1869.796875,1910.69140625,721.578125,1162.71484375,0.0,,assay class after SingleCellAssay: matrix,,
fair,pooled_2500,mast,dense,TRUE,bayesglm,condition,1,3,False,5.0,False,True,0-15,1789299521.25024,ALL,TOTAL_RUN,103.43727898597717,104.421875,1884.29296875,,1869.796875,1910.69140625,194.25,1162.71484375,0.0,,,10.8,11.975
fair,pooled_2500,duet,,,,condition,1,4,False,7.6,False,True,0-15,1789299626.706525,duet,read,0.024,0.031,322.109375,,,,,,,,,,
fair,pooled_2500,duet,,,,condition,1,4,False,7.6,False,True,0-15,1789299626.706525,duet,fit_test,0.117,0.109,341.51953125,,,,,,,,,,
fair,pooled_2500,duet,,,,condition,1,4,False,7.6,False,True,0-15,1789299626.706525,duet,write,0.099,0.109,257.65234375,,,,,,,,,,
fair,pooled_2500,duet,,,,condition,1,4,False,7.6,False,True,0-15,1789299626.706525,duet,TOTAL_PROCESS,1.5883960723876953,1.515625,341.51953125,,369.1484375,322.51171875,222.43359375,119.0859375,0.0,,,,
fair,pooled_2500,duet,,,,condition,1,4,False,7.6,False,True,0-15,1789299626.706525,ALL,TOTAL_RUN,1.5883960723876953,1.515625,341.51953125,,369.1484375,322.51171875,222.43359375,119.0859375,0.0,,,10.0,10.0
fair,pooled_2500,mast,dense,TRUE,bayesglm,condition,1,4,False,5.0,False,True,0-15,1789299630.3017664,export,read,0.025,0.031,274.0234375,,,,,,,,,,
fair,pooled_2500,mast,dense,TRUE,bayesglm,condition,1,4,False,5.0,False,True,0-15,1789299630.3017664,export,export,0.177,1.484,365.265625,,,,,,,,,,
fair,pooled_2500,mast,dense,TRUE,bayesglm,condition,1,4,False,5.0,False,True,0-15,1789299630.3017664,export,TOTAL_PROCESS,1.3512537479400635,2.59375,365.265625,,365.26953125,323.5859375,160.3828125,204.8828125,0.0,,,,
fair,pooled_2500,mast,dense,TRUE,bayesglm,condition,1,4,False,5.0,False,True,0-15,1789299630.3017664,R,read,2.5,2.5,945.0234375,724.2,,,,,,,,,
fair,pooled_2500,mast,dense,TRUE,bayesglm,condition,1,4,False,5.0,False,True,0-15,1789299630.3017664,R,singlecellassay,0.06,0.06,948.67578125,771.2,,,,,,,,,
fair,pooled_2500,mast,dense,TRUE,bayesglm,condition,1,4,False,5.0,False,True,0-15,1789299630.3017664,R,zlm,49.76,49.79,1898.6796875,1764.4,,,,,,,,,
fair,pooled_2500,mast,dense,TRUE,bayesglm,condition,1,4,False,5.0,False,True,0-15,1789299630.3017664,R,lrtest,42.78,42.9,1807.90234375,1639.2,,,,,,,,,
fair,pooled_2500,mast,dense,TRUE,bayesglm,condition,1,4,False,5.0,False,True,0-15,1789299630.3017664,R,assemble,0.48,0.46,1252.30859375,1121.3,,,,,,,,,
fair,pooled_2500,mast,dense,TRUE,bayesglm,condition,1,4,False,5.0,False,True,0-15,1789299630.3017664,R,write,0.04,0.05,1252.41015625,738.5,,,,,,,,,
fair,pooled_2500,mast,dense,TRUE,bayesglm,condition,1,4,False,5.0,False,True,0-15,1789299630.3017664,R,TOTAL_PROCESS,101.50867772102356,101.609375,1898.6796875,,1905.7734375,1946.80078125,722.515625,1176.1640625,0.0,,assay class after SingleCellAssay: matrix,,
fair,pooled_2500,mast,dense,TRUE,bayesglm,condition,1,4,False,5.0,False,True,0-15,1789299630.3017664,ALL,TOTAL_RUN,102.85993146896362,104.203125,1898.6796875,,1905.7734375,1946.80078125,160.3828125,1176.1640625,0.0,,,10.1,11.775
fair,pooled_2500,duet,,,,condition,1,5,False,6.5,False,True,0-15,1789299735.1812067,duet,read,0.025,0.031,300.828125,,,,,,,,,,
fair,pooled_2500,duet,,,,condition,1,5,False,6.5,False,True,0-15,1789299735.1812067,duet,fit_test,0.12,0.125,368.75390625,,,,,,,,,,
fair,pooled_2500,duet,,,,condition,1,5,False,6.5,False,True,0-15,1789299735.1812067,duet,write,0.112,0.109,257.56640625,,,,,,,,,,
fair,pooled_2500,duet,,,,condition,1,5,False,6.5,False,True,0-15,1789299735.1812067,duet,TOTAL_PROCESS,1.6995313167572021,1.609375,368.75390625,,368.75390625,321.98046875,188.08984375,180.6640625,0.0,,,,
fair,pooled_2500,duet,,,,condition,1,5,False,6.5,False,True,0-15,1789299735.1812067,ALL,TOTAL_RUN,1.6995313167572021,1.609375,368.75390625,,368.75390625,321.98046875,188.08984375,180.6640625,0.0,,,11.0,11.0
fair,pooled_2500,mast,dense,TRUE,bayesglm,condition,1,5,False,6.3,False,True,0-15,1789299738.888236,export,read,0.024,0.016,273.73046875,,,,,,,,,,
fair,pooled_2500,mast,dense,TRUE,bayesglm,condition,1,5,False,6.3,False,True,0-15,1789299738.888236,export,export,0.186,1.766,365.32421875,,,,,,,,,,
fair,pooled_2500,mast,dense,TRUE,bayesglm,condition,1,5,False,6.3,False,True,0-15,1789299738.888236,export,TOTAL_PROCESS,1.3912031650543213,2.890625,365.32421875,,365.328125,323.4765625,159.859375,205.46484375,0.0,,,,
fair,pooled_2500,mast,dense,TRUE,bayesglm,condition,1,5,False,6.3,False,True,0-15,1789299738.888236,R,read,2.5,2.5,944.9296875,724.2,,,,,,,,,
fair,pooled_2500,mast,dense,TRUE,bayesglm,condition,1,5,False,6.3,False,True,0-15,1789299738.888236,R,singlecellassay,0.04,0.07,948.5859375,771.2,,,,,,,,,
fair,pooled_2500,mast,dense,TRUE,bayesglm,condition,1,5,False,6.3,False,True,0-15,1789299738.888236,R,zlm,49.4,49.4,1897.22265625,1764.4,,,,,,,,,
fair,pooled_2500,mast,dense,TRUE,bayesglm,condition,1,5,False,6.3,False,True,0-15,1789299738.888236,R,lrtest,42.96,43.06,1799.3203125,1639.2,,,,,,,,,
fair,pooled_2500,mast,dense,TRUE,bayesglm,condition,1,5,False,6.3,False,True,0-15,1789299738.888236,R,assemble,0.5,0.53,1485.0625,1121.3,,,,,,,,,
fair,pooled_2500,mast,dense,TRUE,bayesglm,condition,1,5,False,6.3,False,True,0-15,1789299738.888236,R,write,0.05,0.05,1249.859375,738.5,,,,,,,,,
fair,pooled_2500,mast,dense,TRUE,bayesglm,condition,1,5,False,6.3,False,True,0-15,1789299738.888236,R,TOTAL_PROCESS,101.33180546760559,101.375,1897.22265625,,1882.734375,1923.46484375,722.90234375,1174.3203125,0.0,,assay class after SingleCellAssay: matrix,,
fair,pooled_2500,mast,dense,TRUE,bayesglm,condition,1,5,False,6.3,False,True,0-15,1789299738.888236,ALL,TOTAL_RUN,102.72300863265991,104.265625,1897.22265625,,1882.734375,1923.46484375,159.859375,1174.3203125,0.0,,,11.6,12.2
fair,pooled_2500,duet,,,,condition,1,6,False,5.1,False,True,0-15,1789299843.6298208,duet,read,0.024,0.031,300.83984375,,,,,,,,,,
fair,pooled_2500,duet,,,,condition,1,6,False,5.1,False,True,0-15,1789299843.6298208,duet,fit_test,0.118,0.109,368.76171875,,,,,,,,,,
fair,pooled_2500,duet,,,,condition,1,6,False,5.1,False,True,0-15,1789299843.6298208,duet,write,0.108,0.109,257.8828125,,,,,,,,,,
fair,pooled_2500,duet,,,,condition,1,6,False,5.1,False,True,0-15,1789299843.6298208,duet,TOTAL_PROCESS,1.6519784927368164,1.59375,368.76171875,,368.89453125,322.015625,196.90625,171.85546875,0.0,,,,
fair,pooled_2500,duet,,,,condition,1,6,False,5.1,False,True,0-15,1789299843.6298208,ALL,TOTAL_RUN,1.6519784927368164,1.59375,368.76171875,,368.89453125,322.015625,196.90625,171.85546875,0.0,,,12.7,12.7
fair,pooled_2500,mast,dense,TRUE,bayesglm,condition,1,6,False,5.1,False,True,0-15,1789299847.2889566,export,read,0.024,0.031,274.4765625,,,,,,,,,,
fair,pooled_2500,mast,dense,TRUE,bayesglm,condition,1,6,False,5.1,False,True,0-15,1789299847.2889566,export,export,0.18,1.453,365.54296875,,,,,,,,,,
fair,pooled_2500,mast,dense,TRUE,bayesglm,condition,1,6,False,5.1,False,True,0-15,1789299847.2889566,export,TOTAL_PROCESS,1.4103782176971436,2.625,365.54296875,,365.546875,323.6875,172.5625,192.98046875,0.0,,,,
fair,pooled_2500,mast,dense,TRUE,bayesglm,condition,1,6,False,5.1,False,True,0-15,1789299847.2889566,R,read,2.51,2.51,944.8984375,724.2,,,,,,,,,
fair,pooled_2500,mast,dense,TRUE,bayesglm,condition,1,6,False,5.1,False,True,0-15,1789299847.2889566,R,singlecellassay,0.04,0.04,948.45703125,771.2,,,,,,,,,
fair,pooled_2500,mast,dense,TRUE,bayesglm,condition,1,6,False,5.1,False,True,0-15,1789299847.2889566,R,zlm,49.89,49.74,1902.84375,1764.4,,,,,,,,,
fair,pooled_2500,mast,dense,TRUE,bayesglm,condition,1,6,False,5.1,False,True,0-15,1789299847.2889566,R,lrtest,42.78,42.68,1872.94140625,1639.2,,,,,,,,,
fair,pooled_2500,mast,dense,TRUE,bayesglm,condition,1,6,False,5.1,False,True,0-15,1789299847.2889566,R,assemble,0.5,0.5,1526.4375,1121.3,,,,,,,,,
fair,pooled_2500,mast,dense,TRUE,bayesglm,condition,1,6,False,5.1,False,True,0-15,1789299847.2889566,R,write,0.04,0.05,1235.62109375,738.5,,,,,,,,,
fair,pooled_2500,mast,dense,TRUE,bayesglm,condition,1,6,False,5.1,False,True,0-15,1789299847.2889566,R,TOTAL_PROCESS,101.63738894462585,101.359375,1902.84375,,1895.84765625,1936.67578125,722.375,1180.46875,0.0,,assay class after SingleCellAssay: matrix,,
fair,pooled_2500,mast,dense,TRUE,bayesglm,condition,1,6,False,5.1,False,True,0-15,1789299847.2889566,ALL,TOTAL_RUN,103.047767162323,103.984375,1902.84375,,1895.84765625,1936.67578125,172.5625,1180.46875,0.0,,,10.0,11.075
fair,pooled_5000,duet,,,,condition,1,1,True,4.4,False,True,0-15,1789299952.355506,duet,read,0.53,0.062,389.76171875,,,,,,,,,,
fair,pooled_5000,duet,,,,condition,1,1,True,4.4,False,True,0-15,1789299952.355506,duet,fit_test,0.208,0.219,525.65234375,,,,,,,,,,
fair,pooled_5000,duet,,,,condition,1,1,True,4.4,False,True,0-15,1789299952.355506,duet,write,0.099,0.094,299.07421875,,,,,,,,,,
fair,pooled_5000,duet,,,,condition,1,1,True,4.4,False,True,0-15,1789299952.355506,duet,TOTAL_PROCESS,2.2183287143707275,1.75,525.65234375,,535.6875,488.68359375,188.10546875,337.546875,0.0,,,,
fair,pooled_5000,duet,,,,condition,1,1,True,4.4,False,True,0-15,1789299952.355506,ALL,TOTAL_RUN,2.2183287143707275,1.75,525.65234375,,535.6875,488.68359375,188.10546875,337.546875,0.0,,,9.3203125,11.3
fair,pooled_5000,mast,dense,TRUE,bayesglm,condition,1,1,True,6.8,False,True,0-15,1789299956.5808117,export,read,0.038,0.031,367.14453125,,,,,,,,,,
fair,pooled_5000,mast,dense,TRUE,bayesglm,condition,1,1,True,6.8,False,True,0-15,1789299956.5808117,export,export,0.344,3.172,546.7734375,,,,,,,,,,
fair,pooled_5000,mast,dense,TRUE,bayesglm,condition,1,1,True,6.8,False,True,0-15,1789299956.5808117,export,TOTAL_PROCESS,1.5462145805358887,4.296875,546.7734375,,546.77734375,505.23828125,162.6171875,384.15625,0.0,,,,
fair,pooled_5000,mast,dense,TRUE,bayesglm,condition,1,1,True,6.8,False,True,0-15,1789299956.5808117,R,read,3.88,3.88,1182.78125,962.1,,,,,,,,,
fair,pooled_5000,mast,dense,TRUE,bayesglm,condition,1,1,True,6.8,False,True,0-15,1789299956.5808117,R,singlecellassay,0.04,0.05,1186.86328125,1009.3,,,,,,,,,
fair,pooled_5000,mast,dense,TRUE,bayesglm,condition,1,1,True,6.8,False,True,0-15,1789299956.5808117,R,zlm,93.42,93.44,2547.37109375,2598.2,,,,,,,,,
fair,pooled_5000,mast,dense,TRUE,bayesglm,condition,1,1,True,6.8,False,True,0-15,1789299956.5808117,R,lrtest,80.24,80.78,2758.4921875,2620.0,,,,,,,,,
fair,pooled_5000,mast,dense,TRUE,bayesglm,condition,1,1,True,6.8,False,True,0-15,1789299956.5808117,R,assemble,0.48,0.5,1610.33984375,1358.5,,,,,,,,,
fair,pooled_5000,mast,dense,TRUE,bayesglm,condition,1,1,True,6.8,False,True,0-15,1789299956.5808117,R,write,0.04,0.05,1446.11328125,976.6,,,,,,,,,
fair,pooled_5000,mast,dense,TRUE,bayesglm,condition,1,1,True,6.8,False,True,0-15,1789299956.5808117,R,TOTAL_PROCESS,184.0343565940857,184.53125,2758.4921875,,2758.6875,2801.47265625,723.1796875,2035.3125,0.0,,assay class after SingleCellAssay: matrix,,
fair,pooled_5000,mast,dense,TRUE,bayesglm,condition,1,1,True,6.8,False,True,0-15,1789299956.5808117,ALL,TOTAL_RUN,185.58057117462158,188.828125,2758.4921875,,2758.6875,2801.47265625,162.6171875,2035.3125,0.0,,,9.6,14.475000000000001
fair,pooled_5000,duet,,,,condition,1,2,False,6.2,False,True,0-15,1789300144.188893,duet,read,0.038,0.047,387.27734375,,,,,,,,,,
fair,pooled_5000,duet,,,,condition,1,2,False,6.2,False,True,0-15,1789300144.188893,duet,fit_test,0.209,0.188,525.08984375,,,,,,,,,,
fair,pooled_5000,duet,,,,condition,1,2,False,6.2,False,True,0-15,1789300144.188893,duet,write,0.097,0.094,298.94140625,,,,,,,,,,
fair,pooled_5000,duet,,,,condition,1,2,False,6.2,False,True,0-15,1789300144.188893,duet,TOTAL_PROCESS,1.7657763957977295,1.6875,525.08984375,,535.26171875,488.2421875,186.453125,338.63671875,0.0,,,,
fair,pooled_5000,duet,,,,condition,1,2,False,6.2,False,True,0-15,1789300144.188893,ALL,TOTAL_RUN,1.7657763957977295,1.6875,525.08984375,,535.26171875,488.2421875,186.453125,338.63671875,0.0,,,9.3,9.3
fair,pooled_5000,mast,dense,TRUE,bayesglm,condition,1,2,False,4.7,False,True,0-15,1789300147.9634097,export,read,0.038,0.031,355.90625,,,,,,,,,,
fair,pooled_5000,mast,dense,TRUE,bayesglm,condition,1,2,False,4.7,False,True,0-15,1789300147.9634097,export,export,0.343,3.172,546.66796875,,,,,,,,,,
fair,pooled_5000,mast,dense,TRUE,bayesglm,condition,1,2,False,4.7,False,True,0-15,1789300147.9634097,export,TOTAL_PROCESS,1.5753180980682373,4.359375,546.66796875,,546.671875,505.08203125,189.18359375,357.484375,0.0,,,,
fair,pooled_5000,mast,dense,TRUE,bayesglm,condition,1,2,False,4.7,False,True,0-15,1789300147.9634097,R,read,3.91,3.9,1183.04296875,962.1,,,,,,,,,
fair,pooled_5000,mast,dense,TRUE,bayesglm,condition,1,2,False,4.7,False,True,0-15,1789300147.9634097,R,singlecellassay,0.04,0.07,1186.890625,1009.3,,,,,,,,,
fair,pooled_5000,mast,dense,TRUE,bayesglm,condition,1,2,False,4.7,False,True,0-15,1789300147.9634097,R,zlm,93.11,93.48,2551.421875,2598.2,,,,,,,,,
fair,pooled_5000,mast,dense,TRUE,bayesglm,condition,1,2,False,4.7,False,True,0-15,1789300147.9634097,R,lrtest,80.22,80.55,2757.16796875,2620.0,,,,,,,,,
fair,pooled_5000,mast,dense,TRUE,bayesglm,condition,1,2,False,4.7,False,True,0-15,1789300147.9634097,R,assemble,0.52,0.52,1485.72265625,1358.5,,,,,,,,,
fair,pooled_5000,mast,dense,TRUE,bayesglm,condition,1,2,False,4.7,False,True,0-15,1789300147.9634097,R,write,0.05,0.03,1485.9453125,976.6,,,,,,,,,
fair,pooled_5000,mast,dense,TRUE,bayesglm,condition,1,2,False,4.7,False,True,0-15,1789300147.9634097,R,TOTAL_PROCESS,183.84205055236816,184.421875,2757.16796875,,2742.69140625,2785.51953125,711.90625,2045.26171875,0.0,,assay class after SingleCellAssay: matrix,,
fair,pooled_5000,mast,dense,TRUE,bayesglm,condition,1,2,False,4.7,False,True,0-15,1789300147.9634097,ALL,TOTAL_RUN,185.4173686504364,188.78125,2757.16796875,,2742.69140625,2785.51953125,189.18359375,2045.26171875,0.0,,,11.1,13.315625
fair,pooled_5000,duet,,,,condition,1,3,False,6.6,False,True,0-15,1789300335.4124272,duet,read,0.038,0.047,397.0,,,,,,,,,,
fair,pooled_5000,duet,,,,condition,1,3,False,6.6,False,True,0-15,1789300335.4124272,duet,fit_test,0.21,0.188,525.74609375,,,,,,,,,,
fair,pooled_5000,duet,,,,condition,1,3,False,6.6,False,True,0-15,1789300335.4124272,duet,write,0.097,0.109,300.48046875,,,,,,,,,,
fair,pooled_5000,duet,,,,condition,1,3,False,6.6,False,True,0-15,1789300335.4124272,duet,TOTAL_PROCESS,1.701737403869629,1.609375,525.74609375,,535.90625,488.90234375,194.45703125,331.2890625,0.0,,,,
fair,pooled_5000,duet,,,,condition,1,3,False,6.6,False,True,0-15,1789300335.4124272,ALL,TOTAL_RUN,1.701737403869629,1.609375,525.74609375,,535.90625,488.90234375,194.45703125,331.2890625,0.0,,,10.4,10.4
fair,pooled_5000,mast,dense,TRUE,bayesglm,condition,1,3,False,6.9,False,True,0-15,1789300339.1219668,export,read,0.038,0.047,365.09375,,,,,,,,,,
fair,pooled_5000,mast,dense,TRUE,bayesglm,condition,1,3,False,6.9,False,True,0-15,1789300339.1219668,export,export,0.347,2.859,546.984375,,,,,,,,,,
fair,pooled_5000,mast,dense,TRUE,bayesglm,condition,1,3,False,6.9,False,True,0-15,1789300339.1219668,export,TOTAL_PROCESS,1.56748628616333,4.0,546.984375,,546.98828125,505.15625,162.52734375,384.45703125,0.0,,,,
fair,pooled_5000,mast,dense,TRUE,bayesglm,condition,1,3,False,6.9,False,True,0-15,1789300339.1219668,R,read,3.89,3.87,1182.578125,962.1,,,,,,,,,
fair,pooled_5000,mast,dense,TRUE,bayesglm,condition,1,3,False,6.9,False,True,0-15,1789300339.1219668,R,singlecellassay,0.06,0.06,1186.8515625,1009.3,,,,,,,,,
fair,pooled_5000,mast,dense,TRUE,bayesglm,condition,1,3,False,6.9,False,True,0-15,1789300339.1219668,R,zlm,93.62,93.83,2546.609375,2598.2,,,,,,,,,
fair,pooled_5000,mast,dense,TRUE,bayesglm,condition,1,3,False,6.9,False,True,0-15,1789300339.1219668,R,lrtest,81.34,81.85,2768.91796875,2620.0,,,,,,,,,
fair,pooled_5000,mast,dense,TRUE,bayesglm,condition,1,3,False,6.9,False,True,0-15,1789300339.1219668,R,assemble,0.5,0.49,1609.5234375,1358.5,,,,,,,,,
fair,pooled_5000,mast,dense,TRUE,bayesglm,condition,1,3,False,6.9,False,True,0-15,1789300339.1219668,R,write,0.05,0.05,1446.12890625,976.6,,,,,,,,,
fair,pooled_5000,mast,dense,TRUE,bayesglm,condition,1,3,False,6.9,False,True,0-15,1789300339.1219668,R,TOTAL_PROCESS,185.35496306419373,185.96875,2768.91796875,,2760.35546875,2803.3046875,722.85546875,2046.0625,0.0,,assay class after SingleCellAssay: matrix,,
fair,pooled_5000,mast,dense,TRUE,bayesglm,condition,1,3,False,6.9,False,True,0-15,1789300339.1219668,ALL,TOTAL_RUN,186.92244935035706,189.96875,2768.91796875,,2760.35546875,2803.3046875,162.52734375,2046.0625,0.0,,,11.3,12.528125
fair,pooled_5000,duet,,,,condition,1,4,False,4.8,False,True,0-15,1789300528.0724623,duet,read,0.04,0.047,394.72265625,,,,,,,,,,
fair,pooled_5000,duet,,,,condition,1,4,False,4.8,False,True,0-15,1789300528.0724623,duet,fit_test,0.215,0.203,525.76171875,,,,,,,,,,
fair,pooled_5000,duet,,,,condition,1,4,False,4.8,False,True,0-15,1789300528.0724623,duet,write,0.098,0.094,300.34375,,,,,,,,,,
fair,pooled_5000,duet,,,,condition,1,4,False,4.8,False,True,0-15,1789300528.0724623,duet,TOTAL_PROCESS,1.7558188438415527,1.671875,525.76171875,,535.93359375,488.75390625,209.7734375,315.98828125,0.0,,,,
fair,pooled_5000,duet,,,,condition,1,4,False,4.8,False,True,0-15,1789300528.0724623,ALL,TOTAL_RUN,1.7558188438415527,1.671875,525.76171875,,535.93359375,488.75390625,209.7734375,315.98828125,0.0,,,11.4,11.4
fair,pooled_5000,mast,dense,TRUE,bayesglm,condition,1,4,False,6.4,False,True,0-15,1789300531.8363004,export,read,0.038,0.047,362.984375,,,,,,,,,,
fair,pooled_5000,mast,dense,TRUE,bayesglm,condition,1,4,False,6.4,False,True,0-15,1789300531.8363004,export,export,0.343,2.891,546.64453125,,,,,,,,,,
fair,pooled_5000,mast,dense,TRUE,bayesglm,condition,1,4,False,6.4,False,True,0-15,1789300531.8363004,export,TOTAL_PROCESS,1.5469799041748047,4.046875,546.64453125,,546.6484375,505.12109375,160.09765625,386.546875,0.0,,,,
fair,pooled_5000,mast,dense,TRUE,bayesglm,condition,1,4,False,6.4,False,True,0-15,1789300531.8363004,R,read,3.89,3.89,1182.89453125,962.1,,,,,,,,,
fair,pooled_5000,mast,dense,TRUE,bayesglm,condition,1,4,False,6.4,False,True,0-15,1789300531.8363004,R,singlecellassay,0.06,0.05,1186.54296875,1009.3,,,,,,,,,
fair,pooled_5000,mast,dense,TRUE,bayesglm,condition,1,4,False,6.4,False,True,0-15,1789300531.8363004,R,zlm,93.6,94.23,2547.5859375,2598.2,,,,,,,,,
fair,pooled_5000,mast,dense,TRUE,bayesglm,condition,1,4,False,6.4,False,True,0-15,1789300531.8363004,R,lrtest,93.88,90.26,2755.4140625,2620.0,,,,,,,,,
fair,pooled_5000,mast,dense,TRUE,bayesglm,condition,1,4,False,6.4,False,True,0-15,1789300531.8363004,R,assemble,0.64,0.56,1615.66796875,1358.5,,,,,,,,,
fair,pooled_5000,mast,dense,TRUE,bayesglm,condition,1,4,False,6.4,False,True,0-15,1789300531.8363004,R,write,0.05,0.06,1459.859375,976.6,,,,,,,,,
fair,pooled_5000,mast,dense,TRUE,bayesglm,condition,1,4,False,6.4,False,True,0-15,1789300531.8363004,R,TOTAL_PROCESS,198.31578183174133,195.09375,2755.4140625,,2759.55859375,2802.1640625,722.55078125,2032.86328125,0.0,,assay class after SingleCellAssay: matrix,,
fair,pooled_5000,mast,dense,TRUE,bayesglm,condition,1,4,False,6.4,False,True,0-15,1789300531.8363004,ALL,TOTAL_RUN,199.86276173591614,199.140625,2755.4140625,,2759.55859375,2802.1640625,160.09765625,2032.86328125,0.0,,,12.510064102564103,31.615624999999998
fair,pooled_5000,duet,,,,condition,1,5,False,20.1,False,True,0-15,1789300733.7329845,duet,read,0.045,0.047,392.65625,,,,,,,,,,
fair,pooled_5000,duet,,,,condition,1,5,False,20.1,False,True,0-15,1789300733.7329845,duet,fit_test,0.236,0.234,525.13671875,,,,,,,,,,
fair,pooled_5000,duet,,,,condition,1,5,False,20.1,False,True,0-15,1789300733.7329845,duet,write,0.111,0.109,300.19140625,,,,,,,,,,
fair,pooled_5000,duet,,,,condition,1,5,False,20.1,False,True,0-15,1789300733.7329845,duet,TOTAL_PROCESS,2.147278070449829,1.984375,525.13671875,,535.25390625,488.30859375,188.37890625,336.7578125,0.0,,,,
fair,pooled_5000,duet,,,,condition,1,5,False,20.1,False,True,0-15,1789300733.7329845,ALL,TOTAL_RUN,2.147278070449829,1.984375,525.13671875,,535.25390625,488.30859375,188.37890625,336.7578125,0.0,,,26.9609375,28.4
fair,pooled_5000,mast,dense,TRUE,bayesglm,condition,1,5,False,20.4,False,True,0-15,1789300737.8897629,export,read,0.045,0.047,358.91796875,,,,,,,,,,
fair,pooled_5000,mast,dense,TRUE,bayesglm,condition,1,5,False,20.4,False,True,0-15,1789300737.8897629,export,export,0.376,3.031,546.77734375,,,,,,,,,,
fair,pooled_5000,mast,dense,TRUE,bayesglm,condition,1,5,False,20.4,False,True,0-15,1789300737.8897629,export,TOTAL_PROCESS,1.8879857063293457,4.390625,546.77734375,,546.78125,505.34765625,161.1328125,385.64453125,0.0,,,,
fair,pooled_5000,mast,dense,TRUE,bayesglm,condition,1,5,False,20.4,False,True,0-15,1789300737.8897629,R,read,4.53,4.25,1184.3125,962.1,,,,,,,,,
fair,pooled_5000,mast,dense,TRUE,bayesglm,condition,1,5,False,20.4,False,True,0-15,1789300737.8897629,R,singlecellassay,0.06,0.06,1186.2578125,1009.3,,,,,,,,,
fair,pooled_5000,mast,dense,TRUE,bayesglm,condition,1,5,False,20.4,False,True,0-15,1789300737.8897629,R,zlm,112.97,106.33,2546.66796875,2598.2,,,,,,,,,
fair,pooled_5000,mast,dense,TRUE,bayesglm,condition,1,5,False,20.4,False,True,0-15,1789300737.8897629,R,lrtest,101.05,95.13,2741.4140625,2620.0,,,,,,,,,
fair,pooled_5000,mast,dense,TRUE,bayesglm,condition,1,5,False,20.4,False,True,0-15,1789300737.8897629,R,assemble,0.59,0.59,1608.6328125,1358.5,,,,,,,,,
fair,pooled_5000,mast,dense,TRUE,bayesglm,condition,1,5,False,20.4,False,True,0-15,1789300737.8897629,R,write,0.04,0.07,1459.27734375,976.6,,,,,,,,,
fair,pooled_5000,mast,dense,TRUE,bayesglm,condition,1,5,False,20.4,False,True,0-15,1789300737.8897629,R,TOTAL_PROCESS,226.54687452316284,213.15625,2741.4140625,,2742.28515625,2786.35546875,719.65625,2021.7578125,0.0,,assay class after SingleCellAssay: matrix,,
fair,pooled_5000,mast,dense,TRUE,bayesglm,condition,1,5,False,20.4,False,True,0-15,1789300737.8897629,ALL,TOTAL_RUN,228.4348602294922,217.546875,2741.4140625,,2742.28515625,2786.35546875,161.1328125,2021.7578125,0.0,,,22.315399774774775,74.32187499999999
fair,pooled_5000,duet,,,,condition,1,6,False,17.6,False,True,0-15,1789300968.3573377,duet,read,0.049,0.016,384.95703125,,,,,,,,,,
fair,pooled_5000,duet,,,,condition,1,6,False,17.6,False,True,0-15,1789300968.3573377,duet,fit_test,0.239,0.234,525.77734375,,,,,,,,,,
fair,pooled_5000,duet,,,,condition,1,6,False,17.6,False,True,0-15,1789300968.3573377,duet,write,0.111,0.109,300.37109375,,,,,,,,,,
fair,pooled_5000,duet,,,,condition,1,6,False,17.6,False,True,0-15,1789300968.3573377,duet,TOTAL_PROCESS,2.16762638092041,1.921875,525.77734375,,535.9296875,488.69921875,187.95703125,337.8203125,0.0,,,,
fair,pooled_5000,duet,,,,condition,1,6,False,17.6,False,True,0-15,1789300968.3573377,ALL,TOTAL_RUN,2.16762638092041,1.921875,525.77734375,,535.9296875,488.69921875,187.95703125,337.8203125,0.0,,,22.9078125,24.7
fair,pooled_5000,mast,dense,TRUE,bayesglm,condition,1,6,False,18.9,False,True,0-15,1789300972.5349252,export,read,0.048,0.047,357.23828125,,,,,,,,,,
fair,pooled_5000,mast,dense,TRUE,bayesglm,condition,1,6,False,18.9,False,True,0-15,1789300972.5349252,export,export,0.372,3.031,547.640625,,,,,,,,,,
fair,pooled_5000,mast,dense,TRUE,bayesglm,condition,1,6,False,18.9,False,True,0-15,1789300972.5349252,export,TOTAL_PROCESS,1.8717916011810303,4.375,547.640625,,547.64453125,506.2890625,161.36328125,386.27734375,0.0,,,,
fair,pooled_5000,mast,dense,TRUE,bayesglm,condition,1,6,False,18.9,False,True,0-15,1789300972.5349252,R,read,4.44,4.14,1184.44921875,962.1,,,,,,,,,
fair,pooled_5000,mast,dense,TRUE,bayesglm,condition,1,6,False,18.9,False,True,0-15,1789300972.5349252,R,singlecellassay,0.06,0.08,1186.4296875,1009.3,,,,,,,,,
fair,pooled_5000,mast,dense,TRUE,bayesglm,condition,1,6,False,18.9,False,True,0-15,1789300972.5349252,R,zlm,112.89,106.4,2543.80859375,2598.2,,,,,,,,,
fair,pooled_5000,mast,dense,TRUE,bayesglm,condition,1,6,False,18.9,False,True,0-15,1789300972.5349252,R,lrtest,100.02,93.87,2747.234375,2620.0,,,,,,,,,
fair,pooled_5000,mast,dense,TRUE,bayesglm,condition,1,6,False,18.9,False,True,0-15,1789300972.5349252,R,assemble,0.67,0.68,1894.71484375,1358.5,,,,,,,,,
fair,pooled_5000,mast,dense,TRUE,bayesglm,condition,1,6,False,18.9,False,True,0-15,1789300972.5349252,R,write,0.06,0.04,1486.265625,976.6,,,,,,,,,
fair,pooled_5000,mast,dense,TRUE,bayesglm,condition,1,6,False,18.9,False,True,0-15,1789300972.5349252,R,TOTAL_PROCESS,225.40862345695496,211.9375,2747.234375,,2744.76171875,2787.43359375,720.92578125,2026.30859375,0.0,,assay class after SingleCellAssay: matrix,,
fair,pooled_5000,mast,dense,TRUE,bayesglm,condition,1,6,False,18.9,False,True,0-15,1789300972.5349252,ALL,TOTAL_RUN,227.280415058136,216.3125,2747.234375,,2744.76171875,2787.43359375,161.36328125,2026.30859375,0.0,,,22.3,31.768750000000004
fair,pooled_10000,duet,,,,condition,1,1,True,21.2,False,True,0-15,1789301201.8518326,duet,read,0.984,0.062,461.50390625,,,,,,,,,,
fair,pooled_10000,duet,,,,condition,1,1,True,21.2,False,True,0-15,1789301201.8518326,duet,fit_test,0.466,0.453,857.1640625,,,,,,,,,,
fair,pooled_10000,duet,,,,condition,1,1,True,21.2,False,True,0-15,1789301201.8518326,duet,write,0.122,0.078,383.51953125,,,,,,,,,,
fair,pooled_10000,duet,,,,condition,1,1,True,21.2,False,True,0-15,1789301201.8518326,duet,TOTAL_PROCESS,3.3326730728149414,2.0625,857.1640625,,877.390625,831.21875,187.953125,669.2109375,0.0,,,,
fair,pooled_10000,duet,,,,condition,1,1,True,21.2,False,True,0-15,1789301201.8518326,ALL,TOTAL_RUN,3.3326730728149414,2.0625,857.1640625,,877.390625,831.21875,187.953125,669.2109375,0.0,,,26.739583333333332,29.878125
fair,pooled_10000,mast,dense,TRUE,bayesglm,condition,1,1,True,22.8,False,True,0-15,1789301207.194324,export,read,0.072,0.062,495.0390625,,,,,,,,,,
fair,pooled_10000,mast,dense,TRUE,bayesglm,condition,1,1,True,22.8,False,True,0-15,1789301207.194324,export,export,0.761,6.547,920.71875,,,,,,,,,,
fair,pooled_10000,mast,dense,TRUE,bayesglm,condition,1,1,True,22.8,False,True,0-15,1789301207.194324,export,TOTAL_PROCESS,2.3486528396606445,7.953125,920.71875,,920.71875,879.25,161.66015625,759.05859375,0.0,,,,
fair,pooled_10000,mast,dense,TRUE,bayesglm,condition,1,1,True,22.8,False,True,0-15,1789301207.194324,R,read,8.8,8.17,1675.3203125,1455.6,,,,,,,,,
fair,pooled_10000,mast,dense,TRUE,bayesglm,condition,1,1,True,22.8,False,True,0-15,1789301207.194324,R,singlecellassay,0.08,0.09,1680.28125,1503.4,,,,,,,,,
fair,pooled_10000,mast,dense,TRUE,bayesglm,condition,1,1,True,22.8,False,True,0-15,1789301207.194324,R,zlm,221.64,206.56,5115.07421875,5124.0,,,,,,,,,
fair,pooled_10000,mast,dense,TRUE,bayesglm,condition,1,1,True,22.8,False,True,0-15,1789301207.194324,R,lrtest,201.91,187.64,4261.87890625,4247.7,,,,,,,,,
fair,pooled_10000,mast,dense,TRUE,bayesglm,condition,1,1,True,22.8,False,True,0-15,1789301207.194324,R,assemble,0.62,0.55,2254.69921875,1853.3,,,,,,,,,
fair,pooled_10000,mast,dense,TRUE,bayesglm,condition,1,1,True,22.8,False,True,0-15,1789301207.194324,R,write,0.05,0.03,2000.01171875,1471.2,,,,,,,,,
fair,pooled_10000,mast,dense,TRUE,bayesglm,condition,1,1,True,22.8,False,True,0-15,1789301207.194324,R,TOTAL_PROCESS,440.75766229629517,410.09375,5115.07421875,,5113.4765625,5168.703125,718.90234375,4396.171875,0.0,,assay class after SingleCellAssay: matrix,,
fair,pooled_10000,mast,dense,TRUE,bayesglm,condition,1,1,True,22.8,False,True,0-15,1789301207.194324,ALL,TOTAL_RUN,443.1063151359558,418.046875,5115.07421875,,5113.4765625,5168.703125,161.66015625,4396.171875,0.0,,,23.73258516166282,33.49375
fair,pooled_10000,duet,,,,condition,1,2,False,23.7,False,True,0-15,1789301652.3639166,duet,read,0.083,0.062,489.13671875,,,,,,,,,,
fair,pooled_10000,duet,,,,condition,1,2,False,23.7,False,True,0-15,1789301652.3639166,duet,fit_test,0.467,0.422,867.34765625,,,,,,,,,,
fair,pooled_10000,duet,,,,condition,1,2,False,23.7,False,True,0-15,1789301652.3639166,duet,write,0.115,0.125,379.06640625,,,,,,,,,,
fair,pooled_10000,duet,,,,condition,1,2,False,23.7,False,True,0-15,1789301652.3639166,duet,TOTAL_PROCESS,2.5049004554748535,2.234375,867.34765625,,878.80859375,832.76953125,188.06640625,679.28125,0.0,,,,
fair,pooled_10000,duet,,,,condition,1,2,False,23.7,False,True,0-15,1789301652.3639166,ALL,TOTAL_RUN,2.5049004554748535,2.234375,867.34765625,,878.80859375,832.76953125,188.06640625,679.28125,0.0,,,25.0546875,25.9
fair,pooled_10000,mast,dense,TRUE,bayesglm,condition,1,2,False,22.5,False,True,0-15,1789301656.8815231,export,read,0.085,0.094,422.34375,,,,,,,,,,
fair,pooled_10000,mast,dense,TRUE,bayesglm,condition,1,2,False,22.5,False,True,0-15,1789301656.8815231,export,export,0.778,6.344,921.2578125,,,,,,,,,,
fair,pooled_10000,mast,dense,TRUE,bayesglm,condition,1,2,False,22.5,False,True,0-15,1789301656.8815231,export,TOTAL_PROCESS,2.4022533893585205,7.828125,921.2578125,,921.2734375,880.06640625,160.84765625,760.41015625,0.0,,,,
fair,pooled_10000,mast,dense,TRUE,bayesglm,condition,1,2,False,22.5,False,True,0-15,1789301656.8815231,R,read,8.7,7.9,1675.86328125,1455.6,,,,,,,,,
fair,pooled_10000,mast,dense,TRUE,bayesglm,condition,1,2,False,22.5,False,True,0-15,1789301656.8815231,R,singlecellassay,0.08,0.06,1680.73828125,1503.4,,,,,,,,,
fair,pooled_10000,mast,dense,TRUE,bayesglm,condition,1,2,False,22.5,False,True,0-15,1789301656.8815231,R,zlm,214.73,200.77,5124.2890625,5124.0,,,,,,,,,
fair,pooled_10000,mast,dense,TRUE,bayesglm,condition,1,2,False,22.5,False,True,0-15,1789301656.8815231,R,lrtest,180.06,174.33,4264.41796875,4247.7,,,,,,,,,
fair,pooled_10000,mast,dense,TRUE,bayesglm,condition,1,2,False,22.5,False,True,0-15,1789301656.8815231,R,assemble,0.54,0.61,2408.359375,1853.3,,,,,,,,,
fair,pooled_10000,mast,dense,TRUE,bayesglm,condition,1,2,False,22.5,False,True,0-15,1789301656.8815231,R,write,0.05,0.05,2000.8203125,1471.2,,,,,,,,,
fair,pooled_10000,mast,dense,TRUE,bayesglm,condition,1,2,False,22.5,False,True,0-15,1789301656.8815231,R,TOTAL_PROCESS,411.33164715766907,390.515625,5124.2890625,,5111.82421875,5166.96484375,720.3671875,4403.921875,0.0,,assay class after SingleCellAssay: matrix,,
fair,pooled_10000,mast,dense,TRUE,bayesglm,condition,1,2,False,22.5,False,True,0-15,1789301656.8815231,ALL,TOTAL_RUN,413.7339005470276,398.34375,5124.2890625,,5111.82421875,5166.96484375,160.84765625,4403.921875,0.0,,,26.2984375,54.224999999999994
fair,pooled_10000,duet,,,,condition,1,3,False,8.0,False,True,0-15,1789302072.722244,duet,read,0.069,0.078,529.60546875,,,,,,,,,,
fair,pooled_10000,duet,,,,condition,1,3,False,8.0,False,True,0-15,1789302072.722244,duet,fit_test,0.413,0.375,858.046875,,,,,,,,,,
fair,pooled_10000,duet,,,,condition,1,3,False,8.0,False,True,0-15,1789302072.722244,duet,write,0.116,0.109,384.58203125,,,,,,,,,,
fair,pooled_10000,duet,,,,condition,1,3,False,8.0,False,True,0-15,1789302072.722244,duet,TOTAL_PROCESS,2.1786720752716064,2.0,858.046875,,878.52734375,832.63671875,188.5234375,669.5234375,0.0,,,,
fair,pooled_10000,duet,,,,condition,1,3,False,8.0,False,True,0-15,1789302072.722244,ALL,TOTAL_RUN,2.1786720752716064,2.0,858.046875,,878.52734375,832.63671875,188.5234375,669.5234375,0.0,,,8.4359375,10.5
fair,pooled_10000,mast,dense,TRUE,bayesglm,condition,1,3,False,22.7,False,True,0-15,1789302076.9096708,export,read,0.08,0.078,496.3359375,,,,,,,,,,
fair,pooled_10000,mast,dense,TRUE,bayesglm,condition,1,3,False,22.7,False,True,0-15,1789302076.9096708,export,export,0.763,6.703,920.78125,,,,,,,,,,
fair,pooled_10000,mast,dense,TRUE,bayesglm,condition,1,3,False,22.7,False,True,0-15,1789302076.9096708,export,TOTAL_PROCESS,2.380197286605835,8.171875,920.78125,,920.78125,879.07421875,162.9453125,757.8359375,0.0,,,,
fair,pooled_10000,mast,dense,TRUE,bayesglm,condition,1,3,False,22.7,False,True,0-15,1789302076.9096708,R,read,8.67,7.99,1675.81640625,1455.6,,,,,,,,,
fair,pooled_10000,mast,dense,TRUE,bayesglm,condition,1,3,False,22.7,False,True,0-15,1789302076.9096708,R,singlecellassay,0.08,0.07,1680.97265625,1503.4,,,,,,,,,
fair,pooled_10000,mast,dense,TRUE,bayesglm,condition,1,3,False,22.7,False,True,0-15,1789302076.9096708,R,zlm,209.44,199.1,5125.61328125,5124.0,,,,,,,,,
fair,pooled_10000,mast,dense,TRUE,bayesglm,condition,1,3,False,22.7,False,True,0-15,1789302076.9096708,R,lrtest,196.71,183.67,4265.83203125,4247.7,,,,,,,,,
fair,pooled_10000,mast,dense,TRUE,bayesglm,condition,1,3,False,22.7,False,True,0-15,1789302076.9096708,R,assemble,0.65,0.65,2401.140625,1853.3,,,,,,,,,
fair,pooled_10000,mast,dense,TRUE,bayesglm,condition,1,3,False,22.7,False,True,0-15,1789302076.9096708,R,write,0.06,0.05,2000.83984375,1471.2,,,,,,,,,
fair,pooled_10000,mast,dense,TRUE,bayesglm,condition,1,3,False,22.7,False,True,0-15,1789302076.9096708,R,TOTAL_PROCESS,423.08212518692017,398.40625,5125.61328125,,5111.0,5166.00390625,720.16796875,4405.4453125,0.0,,assay class after SingleCellAssay: matrix,,
fair,pooled_10000,mast,dense,TRUE,bayesglm,condition,1,3,False,22.7,False,True,0-15,1789302076.9096708,ALL,TOTAL_RUN,425.462322473526,406.578125,5125.61328125,,5111.0,5166.00390625,162.9453125,4405.4453125,0.0,,,28.740625,56.175
fair,pooled_10000,duet,,,,condition,1,4,False,22.7,False,True,0-15,1789302504.4293664,duet,read,0.083,0.078,447.8203125,,,,,,,,,,
fair,pooled_10000,duet,,,,condition,1,4,False,22.7,False,True,0-15,1789302504.4293664,duet,fit_test,0.462,0.453,857.6171875,,,,,,,,,,
fair,pooled_10000,duet,,,,condition,1,4,False,22.7,False,True,0-15,1789302504.4293664,duet,write,0.116,0.109,378.89453125,,,,,,,,,,
fair,pooled_10000,duet,,,,condition,1,4,False,22.7,False,True,0-15,1789302504.4293664,duet,TOTAL_PROCESS,2.467369794845581,2.265625,857.6171875,,878.09765625,832.0703125,216.0234375,641.59375,0.0,,,,
fair,pooled_10000,duet,,,,condition,1,4,False,22.7,False,True,0-15,1789302504.4293664,ALL,TOTAL_RUN,2.467369794845581,2.265625,857.6171875,,878.09765625,832.0703125,216.0234375,641.59375,0.0,,,28.984375,29.5
fair,pooled_10000,mast,dense,TRUE,bayesglm,condition,1,4,False,24.1,False,True,0-15,1789302508.9079294,export,read,0.083,0.078,494.40234375,,,,,,,,,,
fair,pooled_10000,mast,dense,TRUE,bayesglm,condition,1,4,False,24.1,False,True,0-15,1789302508.9079294,export,export,0.76,6.453,920.63671875,,,,,,,,,,
fair,pooled_10000,mast,dense,TRUE,bayesglm,condition,1,4,False,24.1,False,True,0-15,1789302508.9079294,export,TOTAL_PROCESS,2.362624168395996,7.828125,920.63671875,,920.63671875,879.09765625,171.9453125,748.69140625,0.0,,,,
fair,pooled_10000,mast,dense,TRUE,bayesglm,condition,1,4,False,24.1,False,True,0-15,1789302508.9079294,R,read,8.59,7.93,1676.29296875,1455.6,,,,,,,,,
fair,pooled_10000,mast,dense,TRUE,bayesglm,condition,1,4,False,24.1,False,True,0-15,1789302508.9079294,R,singlecellassay,0.07,0.06,1681.58203125,1503.4,,,,,,,,,
fair,pooled_10000,mast,dense,TRUE,bayesglm,condition,1,4,False,24.1,False,True,0-15,1789302508.9079294,R,zlm,216.92,202.92,5095.9453125,5124.0,,,,,,,,,
fair,pooled_10000,mast,dense,TRUE,bayesglm,condition,1,4,False,24.1,False,True,0-15,1789302508.9079294,R,lrtest,188.44,177.94,4265.37890625,4247.7,,,,,,,,,
fair,pooled_10000,mast,dense,TRUE,bayesglm,condition,1,4,False,24.1,False,True,0-15,1789302508.9079294,R,assemble,0.61,0.56,2254.64453125,1853.3,,,,,,,,,
fair,pooled_10000,mast,dense,TRUE,bayesglm,condition,1,4,False,24.1,False,True,0-15,1789302508.9079294,R,write,0.05,0.05,2001.0390625,1471.2,,,,,,,,,
fair,pooled_10000,mast,dense,TRUE,bayesglm,condition,1,4,False,24.1,False,True,0-15,1789302508.9079294,R,TOTAL_PROCESS,421.96569204330444,396.15625,5095.9453125,,5097.25390625,5155.58203125,720.5,4375.4453125,0.0,,assay class after SingleCellAssay: matrix,,
fair,pooled_10000,mast,dense,TRUE,bayesglm,condition,1,4,False,24.1,False,True,0-15,1789302508.9079294,ALL,TOTAL_RUN,424.32831621170044,403.984375,5095.9453125,,5097.25390625,5155.58203125,171.9453125,4375.4453125,0.0,,,26.7265625,96.053125
fair,pooled_10000,duet,,,,condition,1,5,False,20.8,False,True,0-15,1789302935.2947128,duet,read,0.086,0.078,484.72265625,,,,,,,,,,
fair,pooled_10000,duet,,,,condition,1,5,False,20.8,False,True,0-15,1789302935.2947128,duet,fit_test,0.458,0.422,858.16015625,,,,,,,,,,
fair,pooled_10000,duet,,,,condition,1,5,False,20.8,False,True,0-15,1789302935.2947128,duet,write,0.123,0.125,374.5,,,,,,,,,,
fair,pooled_10000,duet,,,,condition,1,5,False,20.8,False,True,0-15,1789302935.2947128,duet,TOTAL_PROCESS,2.3911707401275635,2.15625,858.16015625,,878.5078125,832.44140625,186.88671875,671.2734375,0.0,,,,
fair,pooled_10000,duet,,,,condition,1,5,False,20.8,False,True,0-15,1789302935.2947128,ALL,TOTAL_RUN,2.3911707401275635,2.15625,858.16015625,,878.5078125,832.44140625,186.88671875,671.2734375,0.0,,,22.8546875,23.409375
fair,pooled_10000,mast,dense,TRUE,bayesglm,condition,1,5,False,20.4,False,True,0-15,1789302939.6967683,export,read,0.079,0.078,490.48828125,,,,,,,,,,
fair,pooled_10000,mast,dense,TRUE,bayesglm,condition,1,5,False,20.4,False,True,0-15,1789302939.6967683,export,export,0.751,6.531,920.37109375,,,,,,,,,,
fair,pooled_10000,mast,dense,TRUE,bayesglm,condition,1,5,False,20.4,False,True,0-15,1789302939.6967683,export,TOTAL_PROCESS,2.345388174057007,7.921875,920.37109375,,920.37109375,878.87109375,161.61328125,758.7578125,0.0,,,,
fair,pooled_10000,mast,dense,TRUE,bayesglm,condition,1,5,False,20.4,False,True,0-15,1789302939.6967683,R,read,8.64,7.83,1675.69921875,1455.6,,,,,,,,,
fair,pooled_10000,mast,dense,TRUE,bayesglm,condition,1,5,False,20.4,False,True,0-15,1789302939.6967683,R,singlecellassay,0.06,0.06,1680.83203125,1503.4,,,,,,,,,
fair,pooled_10000,mast,dense,TRUE,bayesglm,condition,1,5,False,20.4,False,True,0-15,1789302939.6967683,R,zlm,214.23,201.87,5123.19140625,5124.0,,,,,,,,,
fair,pooled_10000,mast,dense,TRUE,bayesglm,condition,1,5,False,20.4,False,True,0-15,1789302939.6967683,R,lrtest,196.2,185.14,4266.17578125,4247.7,,,,,,,,,
fair,pooled_10000,mast,dense,TRUE,bayesglm,condition,1,5,False,20.4,False,True,0-15,1789302939.6967683,R,assemble,0.61,0.58,2000.4921875,1853.3,,,,,,,,,
fair,pooled_10000,mast,dense,TRUE,bayesglm,condition,1,5,False,20.4,False,True,0-15,1789302939.6967683,R,write,0.05,0.06,1847.86328125,1471.2,,,,,,,,,
fair,pooled_10000,mast,dense,TRUE,bayesglm,condition,1,5,False,20.4,False,True,0-15,1789302939.6967683,R,TOTAL_PROCESS,427.05027866363525,402.25,5123.19140625,,5111.609375,5166.58203125,720.23046875,4402.9609375,0.0,,assay class after SingleCellAssay: matrix,,
fair,pooled_10000,mast,dense,TRUE,bayesglm,condition,1,5,False,20.4,False,True,0-15,1789302939.6967683,ALL,TOTAL_RUN,429.39566683769226,410.171875,5123.19140625,,5111.609375,5166.58203125,161.61328125,4402.9609375,0.0,,,23.715625000000003,53.51875
fair,pooled_10000,duet,,,,condition,1,6,False,24.3,False,True,0-15,1789303371.149124,duet,read,0.078,0.078,502.0234375,,,,,,,,,,
fair,pooled_10000,duet,,,,condition,1,6,False,24.3,False,True,0-15,1789303371.149124,duet,fit_test,0.456,0.453,858.2265625,,,,,,,,,,
fair,pooled_10000,duet,,,,condition,1,6,False,24.3,False,True,0-15,1789303371.149124,duet,write,0.111,0.125,379.03125,,,,,,,,,,
fair,pooled_10000,duet,,,,condition,1,6,False,24.3,False,True,0-15,1789303371.149124,duet,TOTAL_PROCESS,2.428881883621216,2.21875,858.2265625,,878.48828125,832.61328125,187.08203125,671.14453125,0.0,,,,
fair,pooled_10000,duet,,,,condition,1,6,False,24.3,False,True,0-15,1789303371.149124,ALL,TOTAL_RUN,2.428881883621216,2.21875,858.2265625,,878.48828125,832.61328125,187.08203125,671.14453125,0.0,,,24.859375,30.0
fair,pooled_10000,mast,dense,TRUE,bayesglm,condition,1,6,False,25.8,False,True,0-15,1789303375.5895922,export,read,0.08,0.062,465.87109375,,,,,,,,,,
fair,pooled_10000,mast,dense,TRUE,bayesglm,condition,1,6,False,25.8,False,True,0-15,1789303375.5895922,export,export,0.755,6.312,920.55078125,,,,,,,,,,
fair,pooled_10000,mast,dense,TRUE,bayesglm,condition,1,6,False,25.8,False,True,0-15,1789303375.5895922,export,TOTAL_PROCESS,2.3593759536743164,7.78125,920.55078125,,920.55078125,878.9609375,161.17578125,759.375,0.0,,,,
fair,pooled_10000,mast,dense,TRUE,bayesglm,condition,1,6,False,25.8,False,True,0-15,1789303375.5895922,R,read,8.52,7.79,1676.078125,1455.6,,,,,,,,,
fair,pooled_10000,mast,dense,TRUE,bayesglm,condition,1,6,False,25.8,False,True,0-15,1789303375.5895922,R,singlecellassay,0.08,0.07,1681.015625,1503.4,,,,,,,,,
fair,pooled_10000,mast,dense,TRUE,bayesglm,condition,1,6,False,25.8,False,True,0-15,1789303375.5895922,R,zlm,213.02,202.12,5128.6328125,5124.0,,,,,,,,,
fair,pooled_10000,mast,dense,TRUE,bayesglm,condition,1,6,False,25.8,False,True,0-15,1789303375.5895922,R,lrtest,192.33,182.44,4264.8046875,4247.7,,,,,,,,,
fair,pooled_10000,mast,dense,TRUE,bayesglm,condition,1,6,False,25.8,False,True,0-15,1789303375.5895922,R,assemble,0.64,0.63,2405.98046875,1853.3,,,,,,,,,
fair,pooled_10000,mast,dense,TRUE,bayesglm,condition,1,6,False,25.8,False,True,0-15,1789303375.5895922,R,write,0.04,0.07,2001.24609375,1471.2,,,,,,,,,
fair,pooled_10000,mast,dense,TRUE,bayesglm,condition,1,6,False,25.8,False,True,0-15,1789303375.5895922,R,TOTAL_PROCESS,421.8628695011139,400.015625,5128.6328125,,5114.03125,5168.71875,720.83203125,4407.80078125,0.0,,assay class after SingleCellAssay: matrix,,
fair,pooled_10000,mast,dense,TRUE,bayesglm,condition,1,6,False,25.8,False,True,0-15,1789303375.5895922,ALL,TOTAL_RUN,424.2222454547882,407.796875,5128.6328125,,5114.03125,5168.71875,161.17578125,4407.80078125,0.0,,,28.284375,33.006249999999994
fair,pooled_15000,duet,,,,condition,1,1,True,22.3,False,True,0-15,1789303801.8727806,duet,read,1.363,0.125,575.37890625,,,,,,,,,,
fair,pooled_15000,duet,,,,condition,1,1,True,22.3,False,True,0-15,1789303801.8727806,duet,fit_test,0.691,0.656,1175.10546875,,,,,,,,,,
fair,pooled_15000,duet,,,,condition,1,1,True,22.3,False,True,0-15,1789303801.8727806,duet,write,0.125,0.125,458.80078125,,,,,,,,,,
fair,pooled_15000,duet,,,,condition,1,1,True,22.3,False,True,0-15,1789303801.8727806,duet,TOTAL_PROCESS,3.995400905609131,2.546875,1175.10546875,,1205.54296875,1159.99609375,187.20703125,987.8984375,0.0,,,,
fair,pooled_15000,duet,,,,condition,1,1,True,22.3,False,True,0-15,1789303801.8727806,ALL,TOTAL_RUN,3.995400905609131,2.546875,1175.10546875,,1205.54296875,1159.99609375,187.20703125,987.8984375,0.0,,,23.496875,26.8
fair,pooled_15000,mast,dense,TRUE,bayesglm,condition,1,1,True,22.4,False,True,0-15,1789303807.8788333,export,read,0.104,0.109,622.03515625,,,,,,,,,,
fair,pooled_15000,mast,dense,TRUE,bayesglm,condition,1,1,True,22.4,False,True,0-15,1789303807.8788333,export,export,1.114,9.5,1291.53125,,,,,,,,,,
fair,pooled_15000,mast,dense,TRUE,bayesglm,condition,1,1,True,22.4,False,True,0-15,1789303807.8788333,export,TOTAL_PROCESS,2.719435453414917,11.03125,1291.53125,,1291.53125,1250.1171875,167.96875,1123.5625,0.0,,,,
fair,pooled_15000,mast,dense,TRUE,bayesglm,condition,1,1,True,22.4,False,True,0-15,1789303807.8788333,R,read,11.82,10.89,2164.3515625,1943.4,,,,,,,,,
fair,pooled_15000,mast,dense,TRUE,bayesglm,condition,1,1,True,22.4,False,True,0-15,1789303807.8788333,R,singlecellassay,0.08,0.08,2169.234375,1991.3,,,,,,,,,
fair,pooled_15000,mast,dense,TRUE,bayesglm,condition,1,1,True,22.4,False,True,0-15,1789303807.8788333,R,zlm,290.57,281.78,7211.1328125,7225.9,,,,,,,,,
fair,pooled_15000,mast,dense,TRUE,bayesglm,condition,1,1,True,22.4,False,True,0-15,1789303807.8788333,R,lrtest,245.73,241.37,5980.03515625,5929.4,,,,,,,,,
fair,pooled_15000,mast,dense,TRUE,bayesglm,condition,1,1,True,22.4,False,True,0-15,1789303807.8788333,R,assemble,0.53,0.46,2793.87109375,2341.6,,,,,,,,,
fair,pooled_15000,mast,dense,TRUE,bayesglm,condition,1,1,True,22.4,False,True,0-15,1789303807.8788333,R,write,0.05,0.04,2501.4140625,1959.8,,,,,,,,,
fair,pooled_15000,mast,dense,TRUE,bayesglm,condition,1,1,True,22.4,False,True,0-15,1789303807.8788333,R,TOTAL_PROCESS,555.6811947822571,541.140625,7211.1328125,,7196.5234375,7264.0,720.3203125,6490.8125,0.0,,assay class after SingleCellAssay: matrix,,
fair,pooled_15000,mast,dense,TRUE,bayesglm,condition,1,1,True,22.4,False,True,0-15,1789303807.8788333,ALL,TOTAL_RUN,558.400630235672,552.171875,7211.1328125,,7196.5234375,7264.0,167.96875,6490.8125,0.0,,,23.0484375,31.812500000000004
fair,pooled_15000,duet,,,,condition,1,2,False,5.4,False,True,0-15,1789304368.350963,duet,read,0.115,0.109,637.03125,,,,,,,,,,
fair,pooled_15000,duet,,,,condition,1,2,False,5.4,False,True,0-15,1789304368.350963,duet,fit_test,0.633,0.609,1191.234375,,,,,,,,,,
fair,pooled_15000,duet,,,,condition,1,2,False,5.4,False,True,0-15,1789304368.350963,duet,write,0.103,0.109,462.98828125,,,,,,,,,,
fair,pooled_15000,duet,,,,condition,1,2,False,5.4,False,True,0-15,1789304368.350963,duet,TOTAL_PROCESS,2.280778646469116,2.171875,1191.234375,,1221.875,1177.078125,211.96484375,979.26953125,0.0,,,,
fair,pooled_15000,duet,,,,condition,1,2,False,5.4,False,True,0-15,1789304368.350963,ALL,TOTAL_RUN,2.280778646469116,2.171875,1191.234375,,1221.875,1177.078125,211.96484375,979.26953125,0.0,,,11.884375,15.668750000000001
fair,pooled_15000,mast,dense,TRUE,bayesglm,condition,1,2,False,4.1,False,True,0-15,1789304372.6551738,export,read,0.101,0.094,621.40234375,,,,,,,,,,
fair,pooled_15000,mast,dense,TRUE,bayesglm,condition,1,2,False,4.1,False,True,0-15,1789304372.6551738,export,export,1.054,8.922,1291.74609375,,,,,,,,,,
fair,pooled_15000,mast,dense,TRUE,bayesglm,condition,1,2,False,4.1,False,True,0-15,1789304372.6551738,export,TOTAL_PROCESS,2.3635764122009277,10.140625,1291.74609375,,1291.77734375,1250.625,167.48828125,1124.2578125,0.0,,,,
fair,pooled_15000,mast,dense,TRUE,bayesglm,condition,1,2,False,4.1,False,True,0-15,1789304372.6551738,R,read,10.32,10.21,2164.90234375,1943.4,,,,,,,,,
fair,pooled_15000,mast,dense,TRUE,bayesglm,condition,1,2,False,4.1,False,True,0-15,1789304372.6551738,R,singlecellassay,0.05,0.06,2170.10546875,1991.3,,,,,,,,,
fair,pooled_15000,mast,dense,TRUE,bayesglm,condition,1,2,False,4.1,False,True,0-15,1789304372.6551738,R,zlm,266.54,263.89,7209.92578125,7225.9,,,,,,,,,
fair,pooled_15000,mast,dense,TRUE,bayesglm,condition,1,2,False,4.1,False,True,0-15,1789304372.6551738,R,lrtest,262.71,252.93,5982.55859375,5929.4,,,,,,,,,
fair,pooled_15000,mast,dense,TRUE,bayesglm,condition,1,2,False,4.1,False,True,0-15,1789304372.6551738,R,assemble,0.61,0.54,2501.43359375,2341.6,,,,,,,,,
fair,pooled_15000,mast,dense,TRUE,bayesglm,condition,1,2,False,4.1,False,True,0-15,1789304372.6551738,R,write,0.06,0.04,2345.82421875,1959.8,,,,,,,,,
fair,pooled_15000,mast,dense,TRUE,bayesglm,condition,1,2,False,4.1,False,True,0-15,1789304372.6551738,R,TOTAL_PROCESS,546.6810722351074,533.875,7209.92578125,,7198.85546875,7259.79296875,724.15625,6485.76953125,0.0,,assay class after SingleCellAssay: matrix,,
fair,pooled_15000,mast,dense,TRUE,bayesglm,condition,1,2,False,4.1,False,True,0-15,1789304372.6551738,ALL,TOTAL_RUN,549.0446486473083,544.015625,7209.92578125,,7198.85546875,7259.79296875,167.48828125,6485.76953125,0.0,,,12.004577137546468,84.0
fair,pooled_15000,duet,,,,condition,1,3,False,15.2,False,True,0-15,1789304923.79663,duet,read,0.119,0.094,618.5234375,,,,,,,,,,
fair,pooled_15000,duet,,,,condition,1,3,False,15.2,False,True,0-15,1789304923.79663,duet,fit_test,0.649,0.609,1176.3515625,,,,,,,,,,
fair,pooled_15000,duet,,,,condition,1,3,False,15.2,False,True,0-15,1789304923.79663,duet,write,0.11,0.109,460.04296875,,,,,,,,,,
fair,pooled_15000,duet,,,,condition,1,3,False,15.2,False,True,0-15,1789304923.79663,duet,TOTAL_PROCESS,2.6433050632476807,2.359375,1176.3515625,,1206.765625,1161.59375,214.9375,961.4140625,0.0,,,,
fair,pooled_15000,duet,,,,condition,1,3,False,15.2,False,True,0-15,1789304923.79663,ALL,TOTAL_RUN,2.6433050632476807,2.359375,1176.3515625,,1206.765625,1161.59375,214.9375,961.4140625,0.0,,,20.353125,22.0
fair,pooled_15000,mast,dense,TRUE,bayesglm,condition,1,3,False,17.4,False,True,0-15,1789304928.4594426,export,read,0.114,0.125,551.1484375,,,,,,,,,,
fair,pooled_15000,mast,dense,TRUE,bayesglm,condition,1,3,False,17.4,False,True,0-15,1789304928.4594426,export,export,1.095,9.656,1292.37109375,,,,,,,,,,
fair,pooled_15000,mast,dense,TRUE,bayesglm,condition,1,3,False,17.4,False,True,0-15,1789304928.4594426,export,TOTAL_PROCESS,2.6260454654693604,11.046875,1292.37109375,,1292.37109375,1250.9765625,161.20703125,1131.1640625,0.0,,,,
fair,pooled_15000,mast,dense,TRUE,bayesglm,condition,1,3,False,17.4,False,True,0-15,1789304928.4594426,R,read,11.34,10.75,2164.37109375,1943.4,,,,,,,,,
fair,pooled_15000,mast,dense,TRUE,bayesglm,condition,1,3,False,17.4,False,True,0-15,1789304928.4594426,R,singlecellassay,0.08,0.06,2169.03125,1991.3,,,,,,,,,
fair,pooled_15000,mast,dense,TRUE,bayesglm,condition,1,3,False,17.4,False,True,0-15,1789304928.4594426,R,zlm,292.75,285.46,7203.5625,7225.9,,,,,,,,,
fair,pooled_15000,mast,dense,TRUE,bayesglm,condition,1,3,False,17.4,False,True,0-15,1789304928.4594426,R,lrtest,238.16,236.36,5978.1640625,5929.4,,,,,,,,,
fair,pooled_15000,mast,dense,TRUE,bayesglm,condition,1,3,False,17.4,False,True,0-15,1789304928.4594426,R,assemble,0.48,0.48,2794.5078125,2341.6,,,,,,,,,
fair,pooled_15000,mast,dense,TRUE,bayesglm,condition,1,3,False,17.4,False,True,0-15,1789304928.4594426,R,write,0.05,0.03,2500.8203125,1959.8,,,,,,,,,
fair,pooled_15000,mast,dense,TRUE,bayesglm,condition,1,3,False,17.4,False,True,0-15,1789304928.4594426,R,TOTAL_PROCESS,549.4923734664917,539.53125,7203.5625,,7189.45703125,7255.55859375,720.51171875,6483.05078125,0.0,,assay class after SingleCellAssay: matrix,,
fair,pooled_15000,mast,dense,TRUE,bayesglm,condition,1,3,False,17.4,False,True,0-15,1789304928.4594426,ALL,TOTAL_RUN,552.1184189319611,550.578125,7203.5625,,7189.45703125,7255.55859375,161.20703125,6483.05078125,0.0,,,19.89375,31.159375
fair,pooled_15000,duet,,,,condition,1,4,False,6.3,False,True,0-15,1789305482.6448784,duet,read,0.104,0.094,631.58984375,,,,,,,,,,
fair,pooled_15000,duet,,,,condition,1,4,False,6.3,False,True,0-15,1789305482.6448784,duet,fit_test,0.595,0.594,1191.0,,,,,,,,,,
fair,pooled_15000,duet,,,,condition,1,4,False,6.3,False,True,0-15,1789305482.6448784,duet,write,0.102,0.094,469.53515625,,,,,,,,,,
fair,pooled_15000,duet,,,,condition,1,4,False,6.3,False,True,0-15,1789305482.6448784,duet,TOTAL_PROCESS,2.166999101638794,2.0625,1191.0,,1221.640625,1176.8984375,189.2421875,1001.7578125,0.0,,,,
fair,pooled_15000,duet,,,,condition,1,4,False,6.3,False,True,0-15,1789305482.6448784,ALL,TOTAL_RUN,2.166999101638794,2.0625,1191.0,,1221.640625,1176.8984375,189.2421875,1001.7578125,0.0,,,8.9375,9.3
fair,pooled_15000,mast,dense,TRUE,bayesglm,condition,1,4,False,3.9,False,True,0-15,1789305486.8211832,export,read,0.102,0.094,582.6953125,,,,,,,,,,
fair,pooled_15000,mast,dense,TRUE,bayesglm,condition,1,4,False,3.9,False,True,0-15,1789305486.8211832,export,export,1.035,9.438,1291.24609375,,,,,,,,,,
fair,pooled_15000,mast,dense,TRUE,bayesglm,condition,1,4,False,3.9,False,True,0-15,1789305486.8211832,export,TOTAL_PROCESS,2.3175723552703857,10.609375,1291.24609375,,1291.24609375,1249.828125,162.5,1128.74609375,0.0,,,,
fair,pooled_15000,mast,dense,TRUE,bayesglm,condition,1,4,False,3.9,False,True,0-15,1789305486.8211832,R,read,10.3,10.15,2164.36328125,1943.4,,,,,,,,,
fair,pooled_15000,mast,dense,TRUE,bayesglm,condition,1,4,False,3.9,False,True,0-15,1789305486.8211832,R,singlecellassay,0.06,0.05,2169.32421875,1991.3,,,,,,,,,
fair,pooled_15000,mast,dense,TRUE,bayesglm,condition,1,4,False,3.9,False,True,0-15,1789305486.8211832,R,zlm,252.98,253.43,7214.2421875,7225.9,,,,,,,,,
fair,pooled_15000,mast,dense,TRUE,bayesglm,condition,1,4,False,3.9,False,True,0-15,1789305486.8211832,R,lrtest,241.15,237.65,5979.4765625,5929.4,,,,,,,,,
fair,pooled_15000,mast,dense,TRUE,bayesglm,condition,1,4,False,3.9,False,True,0-15,1789305486.8211832,R,assemble,0.58,0.56,2796.5234375,2341.6,,,,,,,,,
fair,pooled_15000,mast,dense,TRUE,bayesglm,condition,1,4,False,3.9,False,True,0-15,1789305486.8211832,R,write,0.05,0.06,2501.0703125,1959.8,,,,,,,,,
fair,pooled_15000,mast,dense,TRUE,bayesglm,condition,1,4,False,3.9,False,True,0-15,1789305486.8211832,R,TOTAL_PROCESS,511.3859009742737,507.984375,7214.2421875,,7199.63671875,7267.1796875,722.71875,6491.5234375,0.0,,assay class after SingleCellAssay: matrix,,
fair,pooled_15000,mast,dense,TRUE,bayesglm,condition,1,4,False,3.9,False,True,0-15,1789305486.8211832,ALL,TOTAL_RUN,513.7034733295441,518.59375,7214.2421875,,7199.63671875,7267.1796875,162.5,6491.5234375,0.0,,,8.302357673267327,28.365625
fair,pooled_15000,duet,,,,condition,1,5,False,20.7,False,True,0-15,1789306002.7040353,duet,read,0.119,0.109,645.5,,,,,,,,,,
fair,pooled_15000,duet,,,,condition,1,5,False,20.7,False,True,0-15,1789306002.7040353,duet,fit_test,0.657,0.641,1176.04296875,,,,,,,,,,
fair,pooled_15000,duet,,,,condition,1,5,False,20.7,False,True,0-15,1789306002.7040353,duet,write,0.115,0.125,459.859375,,,,,,,,,,
fair,pooled_15000,duet,,,,condition,1,5,False,20.7,False,True,0-15,1789306002.7040353,duet,TOTAL_PROCESS,2.6012115478515625,2.40625,1176.04296875,,1206.51171875,1176.14453125,186.546875,989.49609375,0.0,,,,
fair,pooled_15000,duet,,,,condition,1,5,False,20.7,False,True,0-15,1789306002.7040353,ALL,TOTAL_RUN,2.6012115478515625,2.40625,1176.04296875,,1206.51171875,1176.14453125,186.546875,989.49609375,0.0,,,20.8609375,24.3
fair,pooled_15000,mast,dense,TRUE,bayesglm,condition,1,5,False,19.0,False,True,0-15,1789306007.3164384,export,read,0.117,0.109,551.125,,,,,,,,,,
fair,pooled_15000,mast,dense,TRUE,bayesglm,condition,1,5,False,19.0,False,True,0-15,1789306007.3164384,export,export,1.103,9.812,1292.47265625,,,,,,,,,,
fair,pooled_15000,mast,dense,TRUE,bayesglm,condition,1,5,False,19.0,False,True,0-15,1789306007.3164384,export,TOTAL_PROCESS,2.67873215675354,11.265625,1292.47265625,,1292.47265625,1250.953125,161.74609375,1130.7265625,0.0,,,,
fair,pooled_15000,mast,dense,TRUE,bayesglm,condition,1,5,False,19.0,False,True,0-15,1789306007.3164384,R,read,11.67,10.87,2163.99609375,1943.4,,,,,,,,,
fair,pooled_15000,mast,dense,TRUE,bayesglm,condition,1,5,False,19.0,False,True,0-15,1789306007.3164384,R,singlecellassay,0.06,0.08,2168.59375,1991.3,,,,,,,,,
fair,pooled_15000,mast,dense,TRUE,bayesglm,condition,1,5,False,19.0,False,True,0-15,1789306007.3164384,R,zlm,304.4,293.87,7201.83203125,7225.9,,,,,,,,,
fair,pooled_15000,mast,dense,TRUE,bayesglm,condition,1,5,False,19.0,False,True,0-15,1789306007.3164384,R,lrtest,283.17,268.07,5984.3984375,5929.4,,,,,,,,,
fair,pooled_15000,mast,dense,TRUE,bayesglm,condition,1,5,False,19.0,False,True,0-15,1789306007.3164384,R,assemble,0.61,0.61,2778.42578125,2341.6,,,,,,,,,
fair,pooled_15000,mast,dense,TRUE,bayesglm,condition,1,5,False,19.0,False,True,0-15,1789306007.3164384,R,write,0.06,0.04,2500.65625,1959.8,,,,,,,,,
fair,pooled_15000,mast,dense,TRUE,bayesglm,condition,1,5,False,19.0,False,True,0-15,1789306007.3164384,R,TOTAL_PROCESS,607.0942587852478,580.25,7201.83203125,,7187.22265625,7255.203125,720.04296875,6481.7890625,0.0,,assay class after SingleCellAssay: matrix,,
fair,pooled_15000,mast,dense,TRUE,bayesglm,condition,1,5,False,19.0,False,True,0-15,1789306007.3164384,ALL,TOTAL_RUN,609.7729909420013,591.515625,7201.83203125,,7187.22265625,7255.203125,161.74609375,6481.7890625,0.0,,,21.909804229480738,74.515625
fair,pooled_15000,duet,,,,condition,1,6,False,22.6,False,True,0-15,1789306619.1706564,duet,read,0.121,0.125,606.34765625,,,,,,,,,,
fair,pooled_15000,duet,,,,condition,1,6,False,22.6,False,True,0-15,1789306619.1706564,duet,fit_test,0.667,0.656,1176.4921875,,,,,,,,,,
fair,pooled_15000,duet,,,,condition,1,6,False,22.6,False,True,0-15,1789306619.1706564,duet,write,0.12,0.125,460.12109375,,,,,,,,,,
fair,pooled_15000,duet,,,,condition,1,6,False,22.6,False,True,0-15,1789306619.1706564,duet,TOTAL_PROCESS,2.6622464656829834,2.546875,1176.4921875,,1206.90234375,1161.73828125,213.07421875,963.41796875,0.0,,,,
fair,pooled_15000,duet,,,,condition,1,6,False,22.6,False,True,0-15,1789306619.1706564,ALL,TOTAL_RUN,2.6622464656829834,2.546875,1176.4921875,,1206.90234375,1161.73828125,213.07421875,963.41796875,0.0,,,23.4625,26.4
fair,pooled_15000,mast,dense,TRUE,bayesglm,condition,1,6,False,19.8,False,True,0-15,1789306623.843669,export,read,0.121,0.094,621.0078125,,,,,,,,,,
fair,pooled_15000,mast,dense,TRUE,bayesglm,condition,1,6,False,19.8,False,True,0-15,1789306623.843669,export,export,1.18,9.641,1292.24609375,,,,,,,,,,
fair,pooled_15000,mast,dense,TRUE,bayesglm,condition,1,6,False,19.8,False,True,0-15,1789306623.843669,export,TOTAL_PROCESS,2.7967514991760254,10.984375,1292.24609375,,1292.25390625,1250.8515625,161.2734375,1130.97265625,0.0,,,,
fair,pooled_15000,mast,dense,TRUE,bayesglm,condition,1,6,False,19.8,False,True,0-15,1789306623.843669,R,read,11.5,10.77,2164.1796875,1943.4,,,,,,,,,
fair,pooled_15000,mast,dense,TRUE,bayesglm,condition,1,6,False,19.8,False,True,0-15,1789306623.843669,R,singlecellassay,0.07,0.06,2168.92578125,1991.3,,,,,,,,,
fair,pooled_15000,mast,dense,TRUE,bayesglm,condition,1,6,False,19.8,False,True,0-15,1789306623.843669,R,zlm,318.08,302.68,7210.41015625,7225.9,,,,,,,,,
fair,pooled_15000,mast,dense,TRUE,bayesglm,condition,1,6,False,19.8,False,True,0-15,1789306623.843669,R,lrtest,274.21,260.71,5985.12890625,5929.4,,,,,,,,,
fair,pooled_15000,mast,dense,TRUE,bayesglm,condition,1,6,False,19.8,False,True,0-15,1789306623.843669,R,assemble,0.64,0.58,2500.390625,2341.6,,,,,,,,,
fair,pooled_15000,mast,dense,TRUE,bayesglm,condition,1,6,False,19.8,False,True,0-15,1789306623.843669,R,write,0.05,0.04,2343.25,1959.8,,,,,,,,,
fair,pooled_15000,mast,dense,TRUE,bayesglm,condition,1,6,False,19.8,False,True,0-15,1789306623.843669,R,TOTAL_PROCESS,611.6501798629761,581.625,7210.41015625,,7196.359375,7263.7109375,720.04296875,6490.3671875,0.0,,assay class after SingleCellAssay: matrix,,
fair,pooled_15000,mast,dense,TRUE,bayesglm,condition,1,6,False,19.8,False,True,0-15,1789306623.843669,ALL,TOTAL_RUN,614.4469313621521,592.609375,7210.41015625,,7196.359375,7263.7109375,161.2734375,6490.3671875,0.0,,,24.567187499999996,33.2125
fair,pooled_all,duet,,,,condition,1,1,True,20.5,False,True,0-15,1789307240.430387,duet,read,1.646,0.141,627.125,,,,,,,,,,
fair,pooled_all,duet,,,,condition,1,1,True,20.5,False,True,0-15,1789307240.430387,duet,fit_test,0.771,0.703,1311.37890625,,,,,,,,,,
fair,pooled_all,duet,,,,condition,1,1,True,20.5,False,True,0-15,1789307240.430387,duet,write,0.118,0.094,494.0703125,,,,,,,,,,
fair,pooled_all,duet,,,,condition,1,1,True,20.5,False,True,0-15,1789307240.430387,duet,TOTAL_PROCESS,4.263897895812988,2.546875,1311.37890625,,1346.02734375,1299.92578125,187.33203125,1124.046875,0.0,,,,
fair,pooled_all,duet,,,,condition,1,1,True,20.5,False,True,0-15,1789307240.430387,ALL,TOTAL_RUN,4.263897895812988,2.546875,1311.37890625,,1346.02734375,1299.92578125,187.33203125,1124.046875,0.0,,,22.0109375,23.6
fair,pooled_all,mast,dense,TRUE,bayesglm,condition,1,1,True,22.2,False,True,0-15,1789307246.7069638,export,read,0.114,0.125,635.51953125,,,,,,,,,,
fair,pooled_all,mast,dense,TRUE,bayesglm,condition,1,1,True,22.2,False,True,0-15,1789307246.7069638,export,export,1.318,10.953,1444.62890625,,,,,,,,,,
fair,pooled_all,mast,dense,TRUE,bayesglm,condition,1,1,True,22.2,False,True,0-15,1789307246.7069638,export,TOTAL_PROCESS,2.923579692840576,12.421875,1444.62890625,,1444.63671875,1403.42578125,175.8359375,1268.79296875,0.0,,,,
fair,pooled_all,mast,dense,TRUE,bayesglm,condition,1,1,True,22.2,False,True,0-15,1789307246.7069638,R,read,12.93,12.1,2367.6640625,2146.7,,,,,,,,,
fair,pooled_all,mast,dense,TRUE,bayesglm,condition,1,1,True,22.2,False,True,0-15,1789307246.7069638,R,singlecellassay,0.08,0.06,2373.28125,2195.2,,,,,,,,,
fair,pooled_all,mast,dense,TRUE,bayesglm,condition,1,1,True,22.2,False,True,0-15,1789307246.7069638,R,zlm,349.84,332.05,8077.41796875,8104.3,,,,,,,,,
fair,pooled_all,mast,dense,TRUE,bayesglm,condition,1,1,True,22.2,False,True,0-15,1789307246.7069638,R,lrtest,300.5,285.72,6687.82421875,6632.2,,,,,,,,,
fair,pooled_all,mast,dense,TRUE,bayesglm,condition,1,1,True,22.2,False,True,0-15,1789307246.7069638,R,assemble,0.59,0.59,3054.02734375,2545.2,,,,,,,,,
fair,pooled_all,mast,dense,TRUE,bayesglm,condition,1,1,True,22.2,False,True,0-15,1789307246.7069638,R,write,0.05,0.06,2708.3203125,2163.5,,,,,,,,,
fair,pooled_all,mast,dense,TRUE,bayesglm,condition,1,1,True,22.2,False,True,0-15,1789307246.7069638,R,TOTAL_PROCESS,671.2599785327911,637.296875,8077.41796875,,8062.5859375,8136.4921875,720.1953125,7357.22265625,0.0,,assay class after SingleCellAssay: matrix,,
fair,pooled_all,mast,dense,TRUE,bayesglm,condition,1,1,True,22.2,False,True,0-15,1789307246.7069638,ALL,TOTAL_RUN,674.1835582256317,649.71875,8077.41796875,,8062.5859375,8136.4921875,175.8359375,7357.22265625,0.0,,,23.884375,41.66875
fair,pooled_all,duet,,,,condition,1,2,False,22.4,False,True,0-15,1789307922.9844508,duet,read,0.132,0.109,628.984375,,,,,,,,,,
fair,pooled_all,duet,,,,condition,1,2,False,22.4,False,True,0-15,1789307922.9844508,duet,fit_test,0.757,0.688,1313.12109375,,,,,,,,,,
fair,pooled_all,duet,,,,condition,1,2,False,22.4,False,True,0-15,1789307922.9844508,duet,write,0.113,0.094,495.71875,,,,,,,,,,
fair,pooled_all,duet,,,,condition,1,2,False,22.4,False,True,0-15,1789307922.9844508,duet,TOTAL_PROCESS,2.8598926067352295,2.578125,1313.12109375,,1347.78125,1301.8984375,186.91796875,1126.203125,0.0,,,,
fair,pooled_all,duet,,,,condition,1,2,False,22.4,False,True,0-15,1789307922.9844508,ALL,TOTAL_RUN,2.8598926067352295,2.578125,1313.12109375,,1347.78125,1301.8984375,186.91796875,1126.203125,0.0,,,25.6546875,27.2
fair,pooled_all,mast,dense,TRUE,bayesglm,condition,1,2,False,22.5,False,True,0-15,1789307927.8715343,export,read,0.131,0.141,602.22265625,,,,,,,,,,
fair,pooled_all,mast,dense,TRUE,bayesglm,condition,1,2,False,22.5,False,True,0-15,1789307927.8715343,export,export,1.288,10.609,1444.69140625,,,,,,,,,,
fair,pooled_all,mast,dense,TRUE,bayesglm,condition,1,2,False,22.5,False,True,0-15,1789307927.8715343,export,TOTAL_PROCESS,2.926567316055298,12.1875,1444.69140625,,1444.6953125,1403.390625,161.203125,1283.48828125,0.0,,,,
fair,pooled_all,mast,dense,TRUE,bayesglm,condition,1,2,False,22.5,False,True,0-15,1789307927.8715343,R,read,13.17,12.35,2366.88671875,2146.7,,,,,,,,,
fair,pooled_all,mast,dense,TRUE,bayesglm,condition,1,2,False,22.5,False,True,0-15,1789307927.8715343,R,singlecellassay,0.08,0.07,2372.45703125,2195.2,,,,,,,,,
fair,pooled_all,mast,dense,TRUE,bayesglm,condition,1,2,False,22.5,False,True,0-15,1789307927.8715343,R,zlm,344.84,328.73,8085.265625,8104.3,,,,,,,,,
fair,pooled_all,mast,dense,TRUE,bayesglm,condition,1,2,False,22.5,False,True,0-15,1789307927.8715343,R,lrtest,305.7,290.51,6681.15625,6632.2,,,,,,,,,
fair,pooled_all,mast,dense,TRUE,bayesglm,condition,1,2,False,22.5,False,True,0-15,1789307927.8715343,R,assemble,0.59,0.61,3043.30859375,2545.2,,,,,,,,,
fair,pooled_all,mast,dense,TRUE,bayesglm,condition,1,2,False,22.5,False,True,0-15,1789307927.8715343,R,write,0.06,0.05,2707.8203125,2163.5,,,,,,,,,
fair,pooled_all,mast,dense,TRUE,bayesglm,condition,1,2,False,22.5,False,True,0-15,1789307927.8715343,R,TOTAL_PROCESS,672.2133955955505,639.265625,8085.265625,,8088.421875,8152.1484375,720.359375,7364.90625,0.0,,assay class after SingleCellAssay: matrix,,
fair,pooled_all,mast,dense,TRUE,bayesglm,condition,1,2,False,22.5,False,True,0-15,1789307927.8715343,ALL,TOTAL_RUN,675.1399629116058,651.453125,8085.265625,,8088.421875,8152.1484375,161.203125,7364.90625,0.0,,,24.173317307692308,74.153125
fair,pooled_all,duet,,,,condition,1,3,False,23.3,False,True,0-15,1789308605.1040254,duet,read,0.128,0.141,628.60546875,,,,,,,,,,
fair,pooled_all,duet,,,,condition,1,3,False,23.3,False,True,0-15,1789308605.1040254,duet,fit_test,0.758,0.719,1312.67578125,,,,,,,,,,
fair,pooled_all,duet,,,,condition,1,3,False,23.3,False,True,0-15,1789308605.1040254,duet,write,0.113,0.125,495.2734375,,,,,,,,,,
fair,pooled_all,duet,,,,condition,1,3,False,23.3,False,True,0-15,1789308605.1040254,duet,TOTAL_PROCESS,2.737494707107544,2.53125,1312.67578125,,1347.3359375,1301.5625,216.203125,1096.47265625,0.0,,,,
fair,pooled_all,duet,,,,condition,1,3,False,23.3,False,True,0-15,1789308605.1040254,ALL,TOTAL_RUN,2.737494707107544,2.53125,1312.67578125,,1347.3359375,1301.5625,216.203125,1096.47265625,0.0,,,23.684375000000003,23.76875
fair,pooled_all,mast,dense,TRUE,bayesglm,condition,1,3,False,21.9,False,True,0-15,1789308609.8528264,export,read,0.131,0.141,601.57421875,,,,,,,,,,
fair,pooled_all,mast,dense,TRUE,bayesglm,condition,1,3,False,21.9,False,True,0-15,1789308609.8528264,export,export,1.4,11.141,1443.796875,,,,,,,,,,
fair,pooled_all,mast,dense,TRUE,bayesglm,condition,1,3,False,21.9,False,True,0-15,1789308609.8528264,export,TOTAL_PROCESS,3.047041893005371,12.640625,1443.796875,,1443.80078125,1402.42578125,160.953125,1282.84375,0.0,,,,
fair,pooled_all,mast,dense,TRUE,bayesglm,condition,1,3,False,21.9,False,True,0-15,1789308609.8528264,R,read,13.24,12.37,2367.86328125,2146.7,,,,,,,,,
fair,pooled_all,mast,dense,TRUE,bayesglm,condition,1,3,False,21.9,False,True,0-15,1789308609.8528264,R,singlecellassay,0.06,0.06,2373.21484375,2195.2,,,,,,,,,
fair,pooled_all,mast,dense,TRUE,bayesglm,condition,1,3,False,21.9,False,True,0-15,1789308609.8528264,R,zlm,342.93,328.13,8083.6875,8104.3,,,,,,,,,
fair,pooled_all,mast,dense,TRUE,bayesglm,condition,1,3,False,21.9,False,True,0-15,1789308609.8528264,R,lrtest,302.39,289.93,6683.171875,6632.2,,,,,,,,,
fair,pooled_all,mast,dense,TRUE,bayesglm,condition,1,3,False,21.9,False,True,0-15,1789308609.8528264,R,assemble,0.6,0.59,3053.328125,2545.2,,,,,,,,,
fair,pooled_all,mast,dense,TRUE,bayesglm,condition,1,3,False,21.9,False,True,0-15,1789308609.8528264,R,write,0.05,0.03,2708.35546875,2163.5,,,,,,,,,
fair,pooled_all,mast,dense,TRUE,bayesglm,condition,1,3,False,21.9,False,True,0-15,1789308609.8528264,R,TOTAL_PROCESS,666.4486744403839,637.84375,8083.6875,,8069.0625,8136.73828125,720.69140625,7362.99609375,0.0,,assay class after SingleCellAssay: matrix,,
fair,pooled_all,mast,dense,TRUE,bayesglm,condition,1,3,False,21.9,False,True,0-15,1789308609.8528264,ALL,TOTAL_RUN,669.4957163333893,650.484375,8083.6875,,8069.0625,8136.73828125,160.953125,7362.99609375,0.0,,,26.728125000000002,37.475
fair,pooled_all,duet,,,,condition,1,4,False,21.5,False,True,0-15,1789309281.439754,duet,read,0.13,0.125,642.29296875,,,,,,,,,,
fair,pooled_all,duet,,,,condition,1,4,False,21.5,False,True,0-15,1789309281.439754,duet,fit_test,0.74,0.703,1312.70703125,,,,,,,,,,
fair,pooled_all,duet,,,,condition,1,4,False,21.5,False,True,0-15,1789309281.439754,duet,write,0.114,0.125,494.51171875,,,,,,,,,,
fair,pooled_all,duet,,,,condition,1,4,False,21.5,False,True,0-15,1789309281.439754,duet,TOTAL_PROCESS,2.6627776622772217,2.578125,1312.70703125,,1347.3359375,1301.6484375,187.05078125,1125.65625,0.0,,,,
fair,pooled_all,duet,,,,condition,1,4,False,21.5,False,True,0-15,1789309281.439754,ALL,TOTAL_RUN,2.6627776622772217,2.578125,1312.70703125,,1347.3359375,1301.6484375,187.05078125,1125.65625,0.0,,,24.660937500000003,26.3
fair,pooled_all,mast,dense,TRUE,bayesglm,condition,1,4,False,21.2,False,True,0-15,1789309286.113107,export,read,0.135,0.141,666.48828125,,,,,,,,,,
fair,pooled_all,mast,dense,TRUE,bayesglm,condition,1,4,False,21.2,False,True,0-15,1789309286.113107,export,export,1.374,10.781,1443.75390625,,,,,,,,,,
fair,pooled_all,mast,dense,TRUE,bayesglm,condition,1,4,False,21.2,False,True,0-15,1789309286.113107,export,TOTAL_PROCESS,2.9831016063690186,12.21875,1443.75390625,,1443.80859375,1402.56640625,180.42578125,1263.328125,0.0,,,,
fair,pooled_all,mast,dense,TRUE,bayesglm,condition,1,4,False,21.2,False,True,0-15,1789309286.113107,R,read,13.03,12.22,2367.5703125,2146.7,,,,,,,,,
fair,pooled_all,mast,dense,TRUE,bayesglm,condition,1,4,False,21.2,False,True,0-15,1789309286.113107,R,singlecellassay,0.08,0.07,2373.13671875,2195.2,,,,,,,,,
fair,pooled_all,mast,dense,TRUE,bayesglm,condition,1,4,False,21.2,False,True,0-15,1789309286.113107,R,zlm,339.5,325.45,8075.75390625,8104.3,,,,,,,,,
fair,pooled_all,mast,dense,TRUE,bayesglm,condition,1,4,False,21.2,False,True,0-15,1789309286.113107,R,lrtest,298.66,286.31,6683.07421875,6632.2,,,,,,,,,
fair,pooled_all,mast,dense,TRUE,bayesglm,condition,1,4,False,21.2,False,True,0-15,1789309286.113107,R,assemble,0.57,0.61,3051.10546875,2545.2,,,,,,,,,
fair,pooled_all,mast,dense,TRUE,bayesglm,condition,1,4,False,21.2,False,True,0-15,1789309286.113107,R,write,0.05,0.05,2708.02734375,2163.5,,,,,,,,,
fair,pooled_all,mast,dense,TRUE,bayesglm,condition,1,4,False,21.2,False,True,0-15,1789309286.113107,R,TOTAL_PROCESS,659.1061823368073,631.53125,8075.75390625,,8071.62890625,8136.6328125,719.578125,7356.17578125,0.0,,assay class after SingleCellAssay: matrix,,
fair,pooled_all,mast,dense,TRUE,bayesglm,condition,1,4,False,21.2,False,True,0-15,1789309286.113107,ALL,TOTAL_RUN,662.0892839431763,643.75,8075.75390625,,8071.62890625,8136.6328125,180.42578125,7356.17578125,0.0,,,28.8984375,76.315625
fair,pooled_all,duet,,,,condition,1,5,False,22.4,False,True,0-15,1789309950.2979262,duet,read,0.137,0.141,629.25,,,,,,,,,,
fair,pooled_all,duet,,,,condition,1,5,False,22.4,False,True,0-15,1789309950.2979262,duet,fit_test,0.752,0.75,1312.8203125,,,,,,,,,,
fair,pooled_all,duet,,,,condition,1,5,False,22.4,False,True,0-15,1789309950.2979262,duet,write,0.113,0.109,494.62890625,,,,,,,,,,
fair,pooled_all,duet,,,,condition,1,5,False,22.4,False,True,0-15,1789309950.2979262,duet,TOTAL_PROCESS,2.674300193786621,2.53125,1312.8203125,,1347.46484375,1301.6640625,188.125,1124.6953125,0.0,,,,
fair,pooled_all,duet,,,,condition,1,5,False,22.4,False,True,0-15,1789309950.2979262,ALL,TOTAL_RUN,2.674300193786621,2.53125,1312.8203125,,1347.46484375,1301.6640625,188.125,1124.6953125,0.0,,,25.1875,28.6
fair,pooled_all,mast,dense,TRUE,bayesglm,condition,1,5,False,24.2,False,True,0-15,1789309954.983184,export,read,0.133,0.109,662.046875,,,,,,,,,,
fair,pooled_all,mast,dense,TRUE,bayesglm,condition,1,5,False,24.2,False,True,0-15,1789309954.983184,export,export,1.282,10.672,1444.4140625,,,,,,,,,,
fair,pooled_all,mast,dense,TRUE,bayesglm,condition,1,5,False,24.2,False,True,0-15,1789309954.983184,export,TOTAL_PROCESS,2.846057653427124,12.09375,1444.4140625,,1444.4140625,1403.1953125,168.93359375,1275.48046875,0.0,,,,
fair,pooled_all,mast,dense,TRUE,bayesglm,condition,1,5,False,24.2,False,True,0-15,1789309954.983184,R,read,12.98,12.28,2368.13671875,2146.7,,,,,,,,,
fair,pooled_all,mast,dense,TRUE,bayesglm,condition,1,5,False,24.2,False,True,0-15,1789309954.983184,R,singlecellassay,0.06,0.05,2373.07421875,2195.2,,,,,,,,,
fair,pooled_all,mast,dense,TRUE,bayesglm,condition,1,5,False,24.2,False,True,0-15,1789309954.983184,R,zlm,338.94,325.87,8085.671875,8104.3,,,,,,,,,
fair,pooled_all,mast,dense,TRUE,bayesglm,condition,1,5,False,24.2,False,True,0-15,1789309954.983184,R,lrtest,296.82,284.44,6690.1640625,6632.2,,,,,,,,,
fair,pooled_all,mast,dense,TRUE,bayesglm,condition,1,5,False,24.2,False,True,0-15,1789309954.983184,R,assemble,0.51,0.53,3061.55078125,2545.2,,,,,,,,,
fair,pooled_all,mast,dense,TRUE,bayesglm,condition,1,5,False,24.2,False,True,0-15,1789309954.983184,R,write,0.04,0.04,2708.96484375,2163.5,,,,,,,,,
fair,pooled_all,mast,dense,TRUE,bayesglm,condition,1,5,False,24.2,False,True,0-15,1789309954.983184,R,TOTAL_PROCESS,656.2473051548004,630.0,8085.671875,,8090.12109375,8153.296875,720.28125,7365.390625,0.0,,assay class after SingleCellAssay: matrix,,
fair,pooled_all,mast,dense,TRUE,bayesglm,condition,1,5,False,24.2,False,True,0-15,1789309954.983184,ALL,TOTAL_RUN,659.0933628082275,642.09375,8085.671875,,8090.12109375,8153.296875,168.93359375,7365.390625,0.0,,,22.793749999999996,34.86875
fair,pooled_all,duet,,,,condition,1,6,False,7.4,False,True,0-15,1789310616.152936,duet,read,0.119,0.125,628.78515625,,,,,,,,,,
fair,pooled_all,duet,,,,condition,1,6,False,7.4,False,True,0-15,1789310616.152936,duet,fit_test,0.694,0.656,1326.765625,,,,,,,,,,
fair,pooled_all,duet,,,,condition,1,6,False,7.4,False,True,0-15,1789310616.152936,duet,write,0.11,0.109,493.6953125,,,,,,,,,,
fair,pooled_all,duet,,,,condition,1,6,False,7.4,False,True,0-15,1789310616.152936,duet,TOTAL_PROCESS,2.4250545501708984,2.28125,1326.765625,,1361.609375,1316.41796875,222.06640625,1104.69921875,0.0,,,,
fair,pooled_all,duet,,,,condition,1,6,False,7.4,False,True,0-15,1789310616.152936,ALL,TOTAL_RUN,2.4250545501708984,2.28125,1326.765625,,1361.609375,1316.41796875,222.06640625,1104.69921875,0.0,,,9.9109375,12.4
fair,pooled_all,mast,dense,TRUE,bayesglm,condition,1,6,False,8.7,False,True,0-15,1789310620.5896025,export,read,0.135,0.141,627.0390625,,,,,,,,,,
fair,pooled_all,mast,dense,TRUE,bayesglm,condition,1,6,False,8.7,False,True,0-15,1789310620.5896025,export,export,1.349,10.672,1443.8125,,,,,,,,,,
fair,pooled_all,mast,dense,TRUE,bayesglm,condition,1,6,False,8.7,False,True,0-15,1789310620.5896025,export,TOTAL_PROCESS,3.045053720474243,12.203125,1443.8125,,1444.3828125,1403.42578125,161.58203125,1282.23046875,0.0,,,,
fair,pooled_all,mast,dense,TRUE,bayesglm,condition,1,6,False,8.7,False,True,0-15,1789310620.5896025,R,read,13.58,12.51,2368.5390625,2146.7,,,,,,,,,
fair,pooled_all,mast,dense,TRUE,bayesglm,condition,1,6,False,8.7,False,True,0-15,1789310620.5896025,R,singlecellassay,0.08,0.05,2372.828125,2195.2,,,,,,,,,
fair,pooled_all,mast,dense,TRUE,bayesglm,condition,1,6,False,8.7,False,True,0-15,1789310620.5896025,R,zlm,350.08,332.63,8073.125,8104.3,,,,,,,,,
fair,pooled_all,mast,dense,TRUE,bayesglm,condition,1,6,False,8.7,False,True,0-15,1789310620.5896025,R,lrtest,304.08,289.06,6687.92578125,6632.2,,,,,,,,,
fair,pooled_all,mast,dense,TRUE,bayesglm,condition,1,6,False,8.7,False,True,0-15,1789310620.5896025,R,assemble,0.64,0.61,3060.140625,2545.2,,,,,,,,,
fair,pooled_all,mast,dense,TRUE,bayesglm,condition,1,6,False,8.7,False,True,0-15,1789310620.5896025,R,write,0.06,0.07,2708.6953125,2163.5,,,,,,,,,
fair,pooled_all,mast,dense,TRUE,bayesglm,condition,1,6,False,8.7,False,True,0-15,1789310620.5896025,R,TOTAL_PROCESS,675.9322566986084,641.9375,8073.125,,8067.30859375,8132.8203125,720.81640625,7352.30859375,0.0,,assay class after SingleCellAssay: matrix,,
fair,pooled_all,mast,dense,TRUE,bayesglm,condition,1,6,False,8.7,False,True,0-15,1789310620.5896025,ALL,TOTAL_RUN,678.9773104190826,654.140625,8073.125,,8067.30859375,8132.8203125,161.58203125,7352.30859375,0.0,,,24.4515625,33.765625
