tag,input,engine,mast_input,ebayes,method,design,threads,run,warmup,cpu_load_before,contaminated,shared_machine,cpus,started,process,stage,elapsed_s,cpu_s,peak_rss_mb,rheap_mb,os_peak_wset_mb,os_peak_private_mb,baseline_rss_mb,delta_rss_mb,returncode,errors,info,background_cpu_mean,background_cpu_max,sampler_errors
grid,cells_1000_g8000,duet,,,,condition,1,1,True,5.4,False,True,0-15,1789318153.8446116,duet,read,0.013,0.016,237.97265625,,,,,,,,,,,
grid,cells_1000_g8000,duet,,,,condition,1,1,True,5.4,False,True,0-15,1789318153.8446116,duet,fit_test,0.059,0.062,237.97265625,,,,,,,,,,,
grid,cells_1000_g8000,duet,,,,condition,1,1,True,5.4,False,True,0-15,1789318153.8446116,duet,write,0.079,0.078,235.01171875,,,,,,,,,,,
grid,cells_1000_g8000,duet,,,,condition,1,1,True,5.4,False,True,0-15,1789318153.8446116,duet,TOTAL_PROCESS,1.5851211547851562,1.53125,237.97265625,,246.41796875,199.38671875,187.78125,50.19140625,0.0,,,,,
grid,cells_1000_g8000,duet,,,,condition,1,1,True,5.4,False,True,0-15,1789318153.8446116,ALL,TOTAL_RUN,1.5851211547851562,1.53125,237.97265625,,246.41796875,199.38671875,187.78125,50.19140625,0.0,,,10.6,10.6,
grid,cells_1000_g8000,mast,dense,True,bayesglm,condition,1,1,True,6.6,False,True,0-15,1789318157.4365685,export,read,0.014,0.016,231.625,,,,,,,,,,,
grid,cells_1000_g8000,mast,dense,True,bayesglm,condition,1,1,True,6.6,False,True,0-15,1789318157.4365685,export,export,0.056,0.328,231.625,,,,,,,,,,,
grid,cells_1000_g8000,mast,dense,True,bayesglm,condition,1,1,True,6.6,False,True,0-15,1789318157.4365685,export,TOTAL_PROCESS,1.2613484859466553,1.46875,231.625,,231.62890625,188.7421875,179.30859375,52.31640625,0.0,,,,,
grid,cells_1000_g8000,mast,dense,True,bayesglm,condition,1,1,True,6.6,False,True,0-15,1789318157.4365685,R,read,0.81,0.79,842.4765625,559.5,,,,,,,,,,
grid,cells_1000_g8000,mast,dense,True,bayesglm,condition,1,1,True,6.6,False,True,0-15,1789318157.4365685,R,singlecellassay,0.05,0.06,783.390625,605.4,,,,,,,,,,
grid,cells_1000_g8000,mast,dense,True,bayesglm,condition,1,1,True,6.6,False,True,0-15,1789318157.4365685,R,zlm,22.87,22.7,1279.21875,1045.7,,,,,,,,,,
grid,cells_1000_g8000,mast,dense,True,bayesglm,condition,1,1,True,6.6,False,True,0-15,1789318157.4365685,R,lrtest,20.23,20.13,1309.5625,1044.5,,,,,,,,,,
grid,cells_1000_g8000,mast,dense,True,bayesglm,condition,1,1,True,6.6,False,True,0-15,1789318157.4365685,R,assemble,0.46,0.45,1074.328125,949.4,,,,,,,,,,
grid,cells_1000_g8000,mast,dense,True,bayesglm,condition,1,1,True,6.6,False,True,0-15,1789318157.4365685,R,write,0.03,0.03,1074.421875,572.3,,,,,,,,,,
grid,cells_1000_g8000,mast,dense,True,bayesglm,condition,1,1,True,6.6,False,True,0-15,1789318157.4365685,R,TOTAL_PROCESS,50.33915114402771,49.953125,1309.5625,,1294.94140625,1334.48828125,723.24609375,586.31640625,0.0,,assay class after SingleCellAssay: matrix,,,
grid,cells_1000_g8000,mast,dense,True,bayesglm,condition,1,1,True,6.6,False,True,0-15,1789318157.4365685,ALL,TOTAL_RUN,51.600499629974365,51.421875,1309.5625,,1294.94140625,1334.48828125,179.30859375,586.31640625,0.0,,,12.3,12.525,
grid,cells_1000_g8000,duet,,,,condition,1,2,False,6.3,False,True,0-15,1789318211.0458517,duet,read,0.013,0.016,246.078125,,,,,,,,,,,
grid,cells_1000_g8000,duet,,,,condition,1,2,False,6.3,False,True,0-15,1789318211.0458517,duet,fit_test,0.059,0.047,246.078125,,,,,,,,,,,
grid,cells_1000_g8000,duet,,,,condition,1,2,False,6.3,False,True,0-15,1789318211.0458517,duet,write,0.08,0.094,235.0078125,,,,,,,,,,,
grid,cells_1000_g8000,duet,,,,condition,1,2,False,6.3,False,True,0-15,1789318211.0458517,duet,TOTAL_PROCESS,1.667330980300903,1.46875,246.078125,,246.1953125,199.23828125,188.69921875,57.37890625,0.0,,,,,
grid,cells_1000_g8000,duet,,,,condition,1,2,False,6.3,False,True,0-15,1789318211.0458517,ALL,TOTAL_RUN,1.667330980300903,1.46875,246.078125,,246.1953125,199.23828125,188.69921875,57.37890625,0.0,,,14.3,14.3,
grid,cells_1000_g8000,mast,dense,True,bayesglm,condition,1,2,False,6.3,False,True,0-15,1789318214.7286785,export,read,0.013,0.016,208.3515625,,,,,,,,,,,
grid,cells_1000_g8000,mast,dense,True,bayesglm,condition,1,2,False,6.3,False,True,0-15,1789318214.7286785,export,export,0.056,0.25,208.3515625,,,,,,,,,,,
grid,cells_1000_g8000,mast,dense,True,bayesglm,condition,1,2,False,6.3,False,True,0-15,1789318214.7286785,export,TOTAL_PROCESS,1.2338855266571045,1.375,208.3515625,,230.6015625,188.0390625,162.2265625,46.125,0.0,,,,,
grid,cells_1000_g8000,mast,dense,True,bayesglm,condition,1,2,False,6.3,False,True,0-15,1789318214.7286785,R,read,0.79,0.8,842.02734375,559.5,,,,,,,,,,
grid,cells_1000_g8000,mast,dense,True,bayesglm,condition,1,2,False,6.3,False,True,0-15,1789318214.7286785,R,singlecellassay,0.06,0.05,783.0625,605.4,,,,,,,,,,
grid,cells_1000_g8000,mast,dense,True,bayesglm,condition,1,2,False,6.3,False,True,0-15,1789318214.7286785,R,zlm,22.68,22.67,1275.34765625,1045.7,,,,,,,,,,
grid,cells_1000_g8000,mast,dense,True,bayesglm,condition,1,2,False,6.3,False,True,0-15,1789318214.7286785,R,lrtest,19.91,19.83,1306.796875,1044.5,,,,,,,,,,
grid,cells_1000_g8000,mast,dense,True,bayesglm,condition,1,2,False,6.3,False,True,0-15,1789318214.7286785,R,assemble,0.45,0.45,1074.1953125,949.4,,,,,,,,,,
grid,cells_1000_g8000,mast,dense,True,bayesglm,condition,1,2,False,6.3,False,True,0-15,1789318214.7286785,R,write,0.03,0.03,1074.3125,572.3,,,,,,,,,,
grid,cells_1000_g8000,mast,dense,True,bayesglm,condition,1,2,False,6.3,False,True,0-15,1789318214.7286785,R,TOTAL_PROCESS,49.71869969367981,49.59375,1306.796875,,1292.171875,1331.66796875,722.5390625,584.2578125,0.0,,assay class after SingleCellAssay: matrix,,,
grid,cells_1000_g8000,mast,dense,True,bayesglm,condition,1,2,False,6.3,False,True,0-15,1789318214.7286785,ALL,TOTAL_RUN,50.952585220336914,50.96875,1306.796875,,1292.171875,1331.66796875,162.2265625,584.2578125,0.0,,,7.0,16.075,
grid,cells_1000_g8000,duet,,,,condition,1,3,False,5.1,False,True,0-15,1789318267.6891809,duet,read,0.014,0.016,240.32421875,,,,,,,,,,,
grid,cells_1000_g8000,duet,,,,condition,1,3,False,5.1,False,True,0-15,1789318267.6891809,duet,fit_test,0.059,0.047,240.32421875,,,,,,,,,,,
grid,cells_1000_g8000,duet,,,,condition,1,3,False,5.1,False,True,0-15,1789318267.6891809,duet,write,0.078,0.078,235.6796875,,,,,,,,,,,
grid,cells_1000_g8000,duet,,,,condition,1,3,False,5.1,False,True,0-15,1789318267.6891809,duet,TOTAL_PROCESS,1.528125286102295,1.453125,240.32421875,,246.32421875,199.48828125,202.44140625,37.8828125,0.0,,,,,
grid,cells_1000_g8000,duet,,,,condition,1,3,False,5.1,False,True,0-15,1789318267.6891809,ALL,TOTAL_RUN,1.528125286102295,1.453125,240.32421875,,246.32421875,199.48828125,202.44140625,37.8828125,0.0,,,11.2,11.2,
grid,cells_1000_g8000,mast,dense,True,bayesglm,condition,1,3,False,5.2,False,True,0-15,1789318271.221217,export,read,0.013,0.016,229.61328125,,,,,,,,,,,
grid,cells_1000_g8000,mast,dense,True,bayesglm,condition,1,3,False,5.2,False,True,0-15,1789318271.221217,export,export,0.055,0.312,229.61328125,,,,,,,,,,,
grid,cells_1000_g8000,mast,dense,True,bayesglm,condition,1,3,False,5.2,False,True,0-15,1789318271.221217,export,TOTAL_PROCESS,1.219571590423584,1.421875,229.61328125,,231.0625,188.3125,175.62109375,53.9921875,0.0,,,,,
grid,cells_1000_g8000,mast,dense,True,bayesglm,condition,1,3,False,5.2,False,True,0-15,1789318271.221217,R,read,0.81,0.8,790.82421875,559.5,,,,,,,,,,
grid,cells_1000_g8000,mast,dense,True,bayesglm,condition,1,3,False,5.2,False,True,0-15,1789318271.221217,R,singlecellassay,0.05,0.05,794.421875,605.4,,,,,,,,,,
grid,cells_1000_g8000,mast,dense,True,bayesglm,condition,1,3,False,5.2,False,True,0-15,1789318271.221217,R,zlm,22.57,22.51,1279.15625,1045.7,,,,,,,,,,
grid,cells_1000_g8000,mast,dense,True,bayesglm,condition,1,3,False,5.2,False,True,0-15,1789318271.221217,R,lrtest,19.83,19.86,1307.70703125,1044.5,,,,,,,,,,
grid,cells_1000_g8000,mast,dense,True,bayesglm,condition,1,3,False,5.2,False,True,0-15,1789318271.221217,R,assemble,0.45,0.45,1075.08984375,949.4,,,,,,,,,,
grid,cells_1000_g8000,mast,dense,True,bayesglm,condition,1,3,False,5.2,False,True,0-15,1789318271.221217,R,write,0.05,0.04,1075.1796875,572.3,,,,,,,,,,
grid,cells_1000_g8000,mast,dense,True,bayesglm,condition,1,3,False,5.2,False,True,0-15,1789318271.221217,R,TOTAL_PROCESS,49.64642834663391,49.609375,1307.70703125,,1293.078125,1332.4296875,722.58203125,585.125,0.0,,assay class after SingleCellAssay: matrix,,,
grid,cells_1000_g8000,mast,dense,True,bayesglm,condition,1,3,False,5.2,False,True,0-15,1789318271.221217,ALL,TOTAL_RUN,50.865999937057495,51.03125,1307.70703125,,1293.078125,1332.4296875,175.62109375,585.125,0.0,,,10.0,13.425,
grid,cells_1000_g8000,duet,,,,condition,1,4,False,5.3,False,True,0-15,1789318324.0953972,duet,read,0.014,0.016,237.99609375,,,,,,,,,,,
grid,cells_1000_g8000,duet,,,,condition,1,4,False,5.3,False,True,0-15,1789318324.0953972,duet,fit_test,0.058,0.062,237.99609375,,,,,,,,,,,
grid,cells_1000_g8000,duet,,,,condition,1,4,False,5.3,False,True,0-15,1789318324.0953972,duet,write,0.078,0.078,235.0390625,,,,,,,,,,,
grid,cells_1000_g8000,duet,,,,condition,1,4,False,5.3,False,True,0-15,1789318324.0953972,duet,TOTAL_PROCESS,1.522707223892212,1.484375,237.99609375,,246.31640625,199.70703125,187.9296875,50.06640625,0.0,,,,,
grid,cells_1000_g8000,duet,,,,condition,1,4,False,5.3,False,True,0-15,1789318324.0953972,ALL,TOTAL_RUN,1.522707223892212,1.484375,237.99609375,,246.31640625,199.70703125,187.9296875,50.06640625,0.0,,,9.7,9.7,
grid,cells_1000_g8000,mast,dense,True,bayesglm,condition,1,4,False,5.4,False,True,0-15,1789318327.6225843,export,read,0.013,0.016,220.5078125,,,,,,,,,,,
grid,cells_1000_g8000,mast,dense,True,bayesglm,condition,1,4,False,5.4,False,True,0-15,1789318327.6225843,export,export,0.055,0.484,220.5078125,,,,,,,,,,,
grid,cells_1000_g8000,mast,dense,True,bayesglm,condition,1,4,False,5.4,False,True,0-15,1789318327.6225843,export,TOTAL_PROCESS,1.2363669872283936,1.59375,220.5078125,,231.76953125,188.98046875,178.08203125,42.42578125,0.0,,,,,
grid,cells_1000_g8000,mast,dense,True,bayesglm,condition,1,4,False,5.4,False,True,0-15,1789318327.6225843,R,read,0.8,0.8,842.66796875,559.5,,,,,,,,,,
grid,cells_1000_g8000,mast,dense,True,bayesglm,condition,1,4,False,5.4,False,True,0-15,1789318327.6225843,R,singlecellassay,0.05,0.06,783.56640625,605.4,,,,,,,,,,
grid,cells_1000_g8000,mast,dense,True,bayesglm,condition,1,4,False,5.4,False,True,0-15,1789318327.6225843,R,zlm,22.64,22.64,1273.84375,1045.7,,,,,,,,,,
grid,cells_1000_g8000,mast,dense,True,bayesglm,condition,1,4,False,5.4,False,True,0-15,1789318327.6225843,R,lrtest,19.9,19.84,1299.59765625,1044.5,,,,,,,,,,
grid,cells_1000_g8000,mast,dense,True,bayesglm,condition,1,4,False,5.4,False,True,0-15,1789318327.6225843,R,assemble,0.46,0.47,1237.05859375,949.4,,,,,,,,,,
grid,cells_1000_g8000,mast,dense,True,bayesglm,condition,1,4,False,5.4,False,True,0-15,1789318327.6225843,R,write,0.03,0.04,1074.69921875,572.3,,,,,,,,,,
grid,cells_1000_g8000,mast,dense,True,bayesglm,condition,1,4,False,5.4,False,True,0-15,1789318327.6225843,R,TOTAL_PROCESS,49.730812311172485,49.578125,1299.59765625,,1285.22265625,1324.578125,722.87890625,576.71875,0.0,,assay class after SingleCellAssay: matrix,,,
grid,cells_1000_g8000,mast,dense,True,bayesglm,condition,1,4,False,5.4,False,True,0-15,1789318327.6225843,ALL,TOTAL_RUN,50.96717929840088,51.171875,1299.59765625,,1285.22265625,1324.578125,178.08203125,576.71875,0.0,,,12.6,12.6,
grid,cells_1000_g8000,duet,,,,condition,1,5,False,9.4,False,True,0-15,1789318380.597857,duet,read,0.014,0.016,237.66015625,,,,,,,,,,,
grid,cells_1000_g8000,duet,,,,condition,1,5,False,9.4,False,True,0-15,1789318380.597857,duet,fit_test,0.059,0.062,239.140625,,,,,,,,,,,
grid,cells_1000_g8000,duet,,,,condition,1,5,False,9.4,False,True,0-15,1789318380.597857,duet,write,0.08,0.078,236.17578125,,,,,,,,,,,
grid,cells_1000_g8000,duet,,,,condition,1,5,False,9.4,False,True,0-15,1789318380.597857,duet,TOTAL_PROCESS,1.5212159156799316,1.46875,239.140625,,246.890625,199.9296875,206.33984375,32.80078125,0.0,,,,,
grid,cells_1000_g8000,duet,,,,condition,1,5,False,9.4,False,True,0-15,1789318380.597857,ALL,TOTAL_RUN,1.5212159156799316,1.46875,239.140625,,246.890625,199.9296875,206.33984375,32.80078125,0.0,,,9.8,9.8,
grid,cells_1000_g8000,mast,dense,True,bayesglm,condition,1,5,False,4.9,False,True,0-15,1789318384.1240375,export,read,0.014,0.0,224.78515625,,,,,,,,,,,
grid,cells_1000_g8000,mast,dense,True,bayesglm,condition,1,5,False,4.9,False,True,0-15,1789318384.1240375,export,export,0.055,0.406,224.78515625,,,,,,,,,,,
grid,cells_1000_g8000,mast,dense,True,bayesglm,condition,1,5,False,4.9,False,True,0-15,1789318384.1240375,export,TOTAL_PROCESS,1.2260527610778809,1.59375,224.78515625,,231.89453125,189.2734375,161.74609375,63.0390625,0.0,,,,,
grid,cells_1000_g8000,mast,dense,True,bayesglm,condition,1,5,False,4.9,False,True,0-15,1789318384.1240375,R,read,0.81,0.8,842.7734375,559.5,,,,,,,,,,
grid,cells_1000_g8000,mast,dense,True,bayesglm,condition,1,5,False,4.9,False,True,0-15,1789318384.1240375,R,singlecellassay,0.06,0.07,783.38671875,605.4,,,,,,,,,,
grid,cells_1000_g8000,mast,dense,True,bayesglm,condition,1,5,False,4.9,False,True,0-15,1789318384.1240375,R,zlm,22.91,22.69,1277.53515625,1045.7,,,,,,,,,,
grid,cells_1000_g8000,mast,dense,True,bayesglm,condition,1,5,False,4.9,False,True,0-15,1789318384.1240375,R,lrtest,20.14,20.14,1298.2265625,1044.5,,,,,,,,,,
grid,cells_1000_g8000,mast,dense,True,bayesglm,condition,1,5,False,4.9,False,True,0-15,1789318384.1240375,R,assemble,0.45,0.45,1205.95703125,949.4,,,,,,,,,,
grid,cells_1000_g8000,mast,dense,True,bayesglm,condition,1,5,False,4.9,False,True,0-15,1789318384.1240375,R,write,0.03,0.04,1074.48828125,572.3,,,,,,,,,,
grid,cells_1000_g8000,mast,dense,True,bayesglm,condition,1,5,False,4.9,False,True,0-15,1789318384.1240375,R,TOTAL_PROCESS,50.23809218406677,49.890625,1298.2265625,,1284.421875,1323.77734375,723.72265625,574.50390625,0.0,,assay class after SingleCellAssay: matrix,,,
grid,cells_1000_g8000,mast,dense,True,bayesglm,condition,1,5,False,4.9,False,True,0-15,1789318384.1240375,ALL,TOTAL_RUN,51.46414494514465,51.484375,1298.2265625,,1284.421875,1323.77734375,161.74609375,574.50390625,0.0,,,9.6,12.475,
grid,cells_1000_g8000,duet,,,,condition,1,6,False,3.6,False,True,0-15,1789318437.5976808,duet,read,0.013,0.016,246.3046875,,,,,,,,,,,
grid,cells_1000_g8000,duet,,,,condition,1,6,False,3.6,False,True,0-15,1789318437.5976808,duet,fit_test,0.059,0.047,246.3046875,,,,,,,,,,,
grid,cells_1000_g8000,duet,,,,condition,1,6,False,3.6,False,True,0-15,1789318437.5976808,duet,write,0.079,0.078,234.98828125,,,,,,,,,,,
grid,cells_1000_g8000,duet,,,,condition,1,6,False,3.6,False,True,0-15,1789318437.5976808,duet,TOTAL_PROCESS,1.5253057479858398,1.4375,246.3046875,,246.3046875,199.3828125,187.80078125,58.50390625,0.0,,,,,
grid,cells_1000_g8000,duet,,,,condition,1,6,False,3.6,False,True,0-15,1789318437.5976808,ALL,TOTAL_RUN,1.5253057479858398,1.4375,246.3046875,,246.3046875,199.3828125,187.80078125,58.50390625,0.0,,,8.3,8.3,
grid,cells_1000_g8000,mast,dense,True,bayesglm,condition,1,6,False,6.2,False,True,0-15,1789318441.127542,export,read,0.013,0.016,230.78125,,,,,,,,,,,
grid,cells_1000_g8000,mast,dense,True,bayesglm,condition,1,6,False,6.2,False,True,0-15,1789318441.127542,export,export,0.055,0.422,230.78125,,,,,,,,,,,
grid,cells_1000_g8000,mast,dense,True,bayesglm,condition,1,6,False,6.2,False,True,0-15,1789318441.127542,export,TOTAL_PROCESS,1.2236087322235107,1.53125,230.78125,,231.66015625,188.84375,166.98046875,63.80078125,0.0,,,,,
grid,cells_1000_g8000,mast,dense,True,bayesglm,condition,1,6,False,6.2,False,True,0-15,1789318441.127542,R,read,0.81,0.81,842.1015625,559.5,,,,,,,,,,
grid,cells_1000_g8000,mast,dense,True,bayesglm,condition,1,6,False,6.2,False,True,0-15,1789318441.127542,R,singlecellassay,0.06,0.06,783.0546875,605.4,,,,,,,,,,
grid,cells_1000_g8000,mast,dense,True,bayesglm,condition,1,6,False,6.2,False,True,0-15,1789318441.127542,R,zlm,22.44,22.47,1275.9921875,1045.7,,,,,,,,,,
grid,cells_1000_g8000,mast,dense,True,bayesglm,condition,1,6,False,6.2,False,True,0-15,1789318441.127542,R,lrtest,19.73,19.78,1291.765625,1044.5,,,,,,,,,,
grid,cells_1000_g8000,mast,dense,True,bayesglm,condition,1,6,False,6.2,False,True,0-15,1789318441.127542,R,assemble,0.47,0.49,1230.9453125,949.4,,,,,,,,,,
grid,cells_1000_g8000,mast,dense,True,bayesglm,condition,1,6,False,6.2,False,True,0-15,1789318441.127542,R,write,0.04,0.05,1074.86328125,572.3,,,,,,,,,,
grid,cells_1000_g8000,mast,dense,True,bayesglm,condition,1,6,False,6.2,False,True,0-15,1789318441.127542,R,TOTAL_PROCESS,49.29948687553406,49.328125,1291.765625,,1277.14453125,1316.7421875,723.3515625,568.4140625,0.0,,assay class after SingleCellAssay: matrix,,,
grid,cells_1000_g8000,mast,dense,True,bayesglm,condition,1,6,False,6.2,False,True,0-15,1789318441.127542,ALL,TOTAL_RUN,50.52309560775757,50.859375,1291.765625,,1277.14453125,1316.7421875,166.98046875,568.4140625,0.0,,,10.6,10.96875,
grid,cells_2500_g8000,duet,,,,condition,1,1,True,5.5,False,True,0-15,1789318493.6593356,duet,read,0.021,0.016,280.82421875,,,,,,,,,,,
grid,cells_2500_g8000,duet,,,,condition,1,1,True,5.5,False,True,0-15,1789318493.6593356,duet,fit_test,0.098,0.094,287.05078125,,,,,,,,,,,
grid,cells_2500_g8000,duet,,,,condition,1,1,True,5.5,False,True,0-15,1789318493.6593356,duet,write,0.08,0.078,242.375,,,,,,,,,,,
grid,cells_2500_g8000,duet,,,,condition,1,1,True,5.5,False,True,0-15,1789318493.6593356,duet,TOTAL_PROCESS,1.550785779953003,1.515625,287.05078125,,312.4765625,265.72265625,187.83984375,99.2109375,0.0,,,,,
grid,cells_2500_g8000,duet,,,,condition,1,1,True,5.5,False,True,0-15,1789318493.6593356,ALL,TOTAL_RUN,1.550785779953003,1.515625,287.05078125,,312.4765625,265.72265625,187.83984375,99.2109375,0.0,,,8.3,8.3,
grid,cells_2500_g8000,mast,dense,True,bayesglm,condition,1,1,True,5.7,False,True,0-15,1789318497.2151618,export,read,0.021,0.016,300.890625,,,,,,,,,,,
grid,cells_2500_g8000,mast,dense,True,bayesglm,condition,1,1,True,5.7,False,True,0-15,1789318497.2151618,export,export,0.128,1.031,303.734375,,,,,,,,,,,
grid,cells_2500_g8000,mast,dense,True,bayesglm,condition,1,1,True,5.7,False,True,0-15,1789318497.2151618,export,TOTAL_PROCESS,1.291107416152954,2.109375,303.734375,,303.73828125,260.91796875,181.2265625,122.5078125,0.0,,,,,
grid,cells_2500_g8000,mast,dense,True,bayesglm,condition,1,1,True,5.7,False,True,0-15,1789318497.2151618,R,read,1.83,1.81,905.703125,685.2,,,,,,,,,,
grid,cells_2500_g8000,mast,dense,True,bayesglm,condition,1,1,True,5.7,False,True,0-15,1789318497.2151618,R,singlecellassay,0.05,0.05,908.3828125,731.1,,,,,,,,,,
grid,cells_2500_g8000,mast,dense,True,bayesglm,condition,1,1,True,5.7,False,True,0-15,1789318497.2151618,R,zlm,45.49,45.51,1775.5625,1645.5,,,,,,,,,,
grid,cells_2500_g8000,mast,dense,True,bayesglm,condition,1,1,True,5.7,False,True,0-15,1789318497.2151618,R,lrtest,42.19,41.95,1799.73046875,1640.8,,,,,,,,,,
grid,cells_2500_g8000,mast,dense,True,bayesglm,condition,1,1,True,5.7,False,True,0-15,1789318497.2151618,R,assemble,0.43,0.46,1384.9453125,1075.3,,,,,,,,,,
grid,cells_2500_g8000,mast,dense,True,bayesglm,condition,1,1,True,5.7,False,True,0-15,1789318497.2151618,R,write,0.03,0.03,1192.453125,698.3,,,,,,,,,,
grid,cells_2500_g8000,mast,dense,True,bayesglm,condition,1,1,True,5.7,False,True,0-15,1789318497.2151618,R,TOTAL_PROCESS,95.90051889419556,95.71875,1799.73046875,,1793.40625,1834.03515625,723.01171875,1076.71875,0.0,,assay class after SingleCellAssay: matrix,,,
grid,cells_2500_g8000,mast,dense,True,bayesglm,condition,1,1,True,5.7,False,True,0-15,1789318497.2151618,ALL,TOTAL_RUN,97.19162631034852,97.828125,1799.73046875,,1793.40625,1834.03515625,181.2265625,1076.71875,0.0,,,7.4,12.7,
grid,cells_2500_g8000,duet,,,,condition,1,2,False,4.5,False,True,0-15,1789318596.4236224,duet,read,0.021,0.016,281.171875,,,,,,,,,,,
grid,cells_2500_g8000,duet,,,,condition,1,2,False,4.5,False,True,0-15,1789318596.4236224,duet,fit_test,0.102,0.109,286.3984375,,,,,,,,,,,
grid,cells_2500_g8000,duet,,,,condition,1,2,False,4.5,False,True,0-15,1789318596.4236224,duet,write,0.081,0.078,241.890625,,,,,,,,,,,
grid,cells_2500_g8000,duet,,,,condition,1,2,False,4.5,False,True,0-15,1789318596.4236224,duet,TOTAL_PROCESS,1.6095693111419678,1.59375,286.3984375,,311.56640625,265.00390625,192.33203125,94.06640625,0.0,,,,,
grid,cells_2500_g8000,duet,,,,condition,1,2,False,4.5,False,True,0-15,1789318596.4236224,ALL,TOTAL_RUN,1.6095693111419678,1.59375,286.3984375,,311.56640625,265.00390625,192.33203125,94.06640625,0.0,,,8.3,8.3,
grid,cells_2500_g8000,mast,dense,True,bayesglm,condition,1,2,False,4.4,False,True,0-15,1789318600.039849,export,read,0.021,0.031,262.98046875,,,,,,,,,,,
grid,cells_2500_g8000,mast,dense,True,bayesglm,condition,1,2,False,4.4,False,True,0-15,1789318600.039849,export,export,0.131,0.875,303.703125,,,,,,,,,,,
grid,cells_2500_g8000,mast,dense,True,bayesglm,condition,1,2,False,4.4,False,True,0-15,1789318600.039849,export,TOTAL_PROCESS,1.362001895904541,2.0625,303.703125,,303.70703125,260.9453125,160.63671875,143.06640625,0.0,,,,,
grid,cells_2500_g8000,mast,dense,True,bayesglm,condition,1,2,False,4.4,False,True,0-15,1789318600.039849,R,read,1.89,1.84,905.74609375,685.2,,,,,,,,,,
grid,cells_2500_g8000,mast,dense,True,bayesglm,condition,1,2,False,4.4,False,True,0-15,1789318600.039849,R,singlecellassay,0.06,0.05,908.75,731.1,,,,,,,,,,
grid,cells_2500_g8000,mast,dense,True,bayesglm,condition,1,2,False,4.4,False,True,0-15,1789318600.039849,R,zlm,47.35,46.9,1788.17578125,1645.5,,,,,,,,,,
grid,cells_2500_g8000,mast,dense,True,bayesglm,condition,1,2,False,4.4,False,True,0-15,1789318600.039849,R,lrtest,42.09,41.94,1779.421875,1640.8,,,,,,,,,,
grid,cells_2500_g8000,mast,dense,True,bayesglm,condition,1,2,False,4.4,False,True,0-15,1789318600.039849,R,assemble,0.46,0.46,1382.91015625,1075.3,,,,,,,,,,
grid,cells_2500_g8000,mast,dense,True,bayesglm,condition,1,2,False,4.4,False,True,0-15,1789318600.039849,R,write,0.04,0.03,1192.921875,698.3,,,,,,,,,,
grid,cells_2500_g8000,mast,dense,True,bayesglm,condition,1,2,False,4.4,False,True,0-15,1789318600.039849,R,TOTAL_PROCESS,97.86768078804016,97.1875,1788.17578125,,1789.625,1830.37890625,721.94140625,1066.234375,0.0,,assay class after SingleCellAssay: matrix,,,
grid,cells_2500_g8000,mast,dense,True,bayesglm,condition,1,2,False,4.4,False,True,0-15,1789318600.039849,ALL,TOTAL_RUN,99.2296826839447,99.25,1788.17578125,,1789.625,1830.37890625,160.63671875,1066.234375,0.0,,,10.0,14.075,
grid,cells_2500_g8000,duet,,,,condition,1,3,False,6.5,False,True,0-15,1789318701.284433,duet,read,0.021,0.016,283.17578125,,,,,,,,,,,
grid,cells_2500_g8000,duet,,,,condition,1,3,False,6.5,False,True,0-15,1789318701.284433,duet,fit_test,0.101,0.109,287.08984375,,,,,,,,,,,
grid,cells_2500_g8000,duet,,,,condition,1,3,False,6.5,False,True,0-15,1789318701.284433,duet,write,0.091,0.094,242.44921875,,,,,,,,,,,
grid,cells_2500_g8000,duet,,,,condition,1,3,False,6.5,False,True,0-15,1789318701.284433,duet,TOTAL_PROCESS,1.6966633796691897,1.5625,287.08984375,,312.2578125,265.2421875,192.6484375,94.44140625,0.0,,,,,
grid,cells_2500_g8000,duet,,,,condition,1,3,False,6.5,False,True,0-15,1789318701.284433,ALL,TOTAL_RUN,1.6966633796691897,1.5625,287.08984375,,312.2578125,265.2421875,192.6484375,94.44140625,0.0,,,7.4,7.4,
grid,cells_2500_g8000,mast,dense,True,bayesglm,condition,1,3,False,4.6,False,True,0-15,1789318704.9865184,export,read,0.023,0.016,270.64453125,,,,,,,,,,,
grid,cells_2500_g8000,mast,dense,True,bayesglm,condition,1,3,False,4.6,False,True,0-15,1789318704.9865184,export,export,0.131,0.859,303.8203125,,,,,,,,,,,
grid,cells_2500_g8000,mast,dense,True,bayesglm,condition,1,3,False,4.6,False,True,0-15,1789318704.9865184,export,TOTAL_PROCESS,1.4221887588500977,2.0625,303.8203125,,303.82421875,261.0859375,161.65234375,142.16796875,0.0,,,,,
grid,cells_2500_g8000,mast,dense,True,bayesglm,condition,1,3,False,4.6,False,True,0-15,1789318704.9865184,R,read,1.84,1.84,905.6875,685.2,,,,,,,,,,
grid,cells_2500_g8000,mast,dense,True,bayesglm,condition,1,3,False,4.6,False,True,0-15,1789318704.9865184,R,singlecellassay,0.05,0.05,908.6953125,731.1,,,,,,,,,,
grid,cells_2500_g8000,mast,dense,True,bayesglm,condition,1,3,False,4.6,False,True,0-15,1789318704.9865184,R,zlm,47.66,47.28,1799.97265625,1645.5,,,,,,,,,,
grid,cells_2500_g8000,mast,dense,True,bayesglm,condition,1,3,False,4.6,False,True,0-15,1789318704.9865184,R,lrtest,42.55,42.1,1763.8671875,1640.8,,,,,,,,,,
grid,cells_2500_g8000,mast,dense,True,bayesglm,condition,1,3,False,4.6,False,True,0-15,1789318704.9865184,R,assemble,0.49,0.48,1559.78125,1075.3,,,,,,,,,,
grid,cells_2500_g8000,mast,dense,True,bayesglm,condition,1,3,False,4.6,False,True,0-15,1789318704.9865184,R,write,0.05,0.03,1201.8359375,698.3,,,,,,,,,,
grid,cells_2500_g8000,mast,dense,True,bayesglm,condition,1,3,False,4.6,False,True,0-15,1789318704.9865184,R,TOTAL_PROCESS,98.69485569000244,97.78125,1799.97265625,,1785.3515625,1825.9609375,721.9921875,1077.98046875,0.0,,assay class after SingleCellAssay: matrix,,,
grid,cells_2500_g8000,mast,dense,True,bayesglm,condition,1,3,False,4.6,False,True,0-15,1789318704.9865184,ALL,TOTAL_RUN,100.11704444885254,99.84375,1799.97265625,,1785.3515625,1825.9609375,161.65234375,1077.98046875,0.0,,,10.4,13.471875,
grid,cells_2500_g8000,duet,,,,condition,1,4,False,4.9,False,True,0-15,1789318807.1185217,duet,read,0.023,0.016,281.31640625,,,,,,,,,,,
grid,cells_2500_g8000,duet,,,,condition,1,4,False,4.9,False,True,0-15,1789318807.1185217,duet,fit_test,0.101,0.109,287.55859375,,,,,,,,,,,
grid,cells_2500_g8000,duet,,,,condition,1,4,False,4.9,False,True,0-15,1789318807.1185217,duet,write,0.086,0.078,242.4765625,,,,,,,,,,,
grid,cells_2500_g8000,duet,,,,condition,1,4,False,4.9,False,True,0-15,1789318807.1185217,duet,TOTAL_PROCESS,1.6748793125152588,1.609375,287.55859375,,312.97265625,266.10546875,189.171875,98.38671875,0.0,,,,,
grid,cells_2500_g8000,duet,,,,condition,1,4,False,4.9,False,True,0-15,1789318807.1185217,ALL,TOTAL_RUN,1.6748793125152588,1.609375,287.55859375,,312.97265625,266.10546875,189.171875,98.38671875,0.0,,,10.5,10.5,
grid,cells_2500_g8000,mast,dense,True,bayesglm,condition,1,4,False,6.2,False,True,0-15,1789318810.798647,export,read,0.022,0.031,286.63671875,,,,,,,,,,,
grid,cells_2500_g8000,mast,dense,True,bayesglm,condition,1,4,False,6.2,False,True,0-15,1789318810.798647,export,export,0.132,1.031,303.890625,,,,,,,,,,,
grid,cells_2500_g8000,mast,dense,True,bayesglm,condition,1,4,False,6.2,False,True,0-15,1789318810.798647,export,TOTAL_PROCESS,1.361386775970459,2.15625,303.890625,,303.91796875,261.07421875,179.7578125,124.1328125,0.0,,,,,
grid,cells_2500_g8000,mast,dense,True,bayesglm,condition,1,4,False,6.2,False,True,0-15,1789318810.798647,R,read,1.88,1.85,905.76953125,685.2,,,,,,,,,,
grid,cells_2500_g8000,mast,dense,True,bayesglm,condition,1,4,False,6.2,False,True,0-15,1789318810.798647,R,singlecellassay,0.07,0.04,908.5859375,731.1,,,,,,,,,,
grid,cells_2500_g8000,mast,dense,True,bayesglm,condition,1,4,False,6.2,False,True,0-15,1789318810.798647,R,zlm,47.58,47.31,1793.12109375,1645.5,,,,,,,,,,
grid,cells_2500_g8000,mast,dense,True,bayesglm,condition,1,4,False,6.2,False,True,0-15,1789318810.798647,R,lrtest,42.2,42.01,1751.0703125,1640.8,,,,,,,,,,
grid,cells_2500_g8000,mast,dense,True,bayesglm,condition,1,4,False,6.2,False,True,0-15,1789318810.798647,R,assemble,0.5,0.54,1560.0,1075.3,,,,,,,,,,
grid,cells_2500_g8000,mast,dense,True,bayesglm,condition,1,4,False,6.2,False,True,0-15,1789318810.798647,R,write,0.03,0.03,1202.99609375,698.3,,,,,,,,,,
grid,cells_2500_g8000,mast,dense,True,bayesglm,condition,1,4,False,6.2,False,True,0-15,1789318810.798647,R,TOTAL_PROCESS,98.2501802444458,97.71875,1793.12109375,,1791.27734375,1831.62890625,712.71875,1080.40234375,0.0,,assay class after SingleCellAssay: matrix,,,
grid,cells_2500_g8000,mast,dense,True,bayesglm,condition,1,4,False,6.2,False,True,0-15,1789318810.798647,ALL,TOTAL_RUN,99.61156702041626,99.875,1793.12109375,,1791.27734375,1831.62890625,179.7578125,1080.40234375,0.0,,,11.1,11.1,
grid,cells_2500_g8000,duet,,,,condition,1,5,False,3.1,False,True,0-15,1789318912.4241986,duet,read,0.023,0.016,264.88671875,,,,,,,,,,,
grid,cells_2500_g8000,duet,,,,condition,1,5,False,3.1,False,True,0-15,1789318912.4241986,duet,fit_test,0.101,0.109,312.65234375,,,,,,,,,,,
grid,cells_2500_g8000,duet,,,,condition,1,5,False,3.1,False,True,0-15,1789318912.4241986,duet,write,0.082,0.078,242.26171875,,,,,,,,,,,
grid,cells_2500_g8000,duet,,,,condition,1,5,False,3.1,False,True,0-15,1789318912.4241986,duet,TOTAL_PROCESS,1.6164753437042236,1.5625,312.65234375,,312.65234375,265.79296875,187.984375,124.66796875,0.0,,,,,
grid,cells_2500_g8000,duet,,,,condition,1,5,False,3.1,False,True,0-15,1789318912.4241986,ALL,TOTAL_RUN,1.6164753437042236,1.5625,312.65234375,,312.65234375,265.79296875,187.984375,124.66796875,0.0,,,10.6,10.6,
grid,cells_2500_g8000,mast,dense,True,bayesglm,condition,1,5,False,3.9,False,True,0-15,1789318916.046205,export,read,0.021,0.016,299.08203125,,,,,,,,,,,
grid,cells_2500_g8000,mast,dense,True,bayesglm,condition,1,5,False,3.9,False,True,0-15,1789318916.046205,export,export,0.129,0.75,303.89453125,,,,,,,,,,,
grid,cells_2500_g8000,mast,dense,True,bayesglm,condition,1,5,False,3.9,False,True,0-15,1789318916.046205,export,TOTAL_PROCESS,1.383623123168945,1.921875,303.89453125,,303.89453125,260.96484375,183.9453125,119.94921875,0.0,,,,,
grid,cells_2500_g8000,mast,dense,True,bayesglm,condition,1,5,False,3.9,False,True,0-15,1789318916.046205,R,read,1.86,1.86,905.515625,685.2,,,,,,,,,,
grid,cells_2500_g8000,mast,dense,True,bayesglm,condition,1,5,False,3.9,False,True,0-15,1789318916.046205,R,singlecellassay,0.06,0.07,908.41796875,731.1,,,,,,,,,,
grid,cells_2500_g8000,mast,dense,True,bayesglm,condition,1,5,False,3.9,False,True,0-15,1789318916.046205,R,zlm,47.17,46.84,1768.05078125,1645.5,,,,,,,,,,
grid,cells_2500_g8000,mast,dense,True,bayesglm,condition,1,5,False,3.9,False,True,0-15,1789318916.046205,R,lrtest,42.3,42.0,1777.73828125,1640.8,,,,,,,,,,
grid,cells_2500_g8000,mast,dense,True,bayesglm,condition,1,5,False,3.9,False,True,0-15,1789318916.046205,R,assemble,0.46,0.47,1204.671875,1075.3,,,,,,,,,,
grid,cells_2500_g8000,mast,dense,True,bayesglm,condition,1,5,False,3.9,False,True,0-15,1789318916.046205,R,write,0.04,0.07,1100.33203125,698.3,,,,,,,,,,
grid,cells_2500_g8000,mast,dense,True,bayesglm,condition,1,5,False,3.9,False,True,0-15,1789318916.046205,R,TOTAL_PROCESS,98.0746898651123,97.296875,1777.73828125,,1785.71875,1826.62109375,718.41796875,1059.3203125,0.0,,assay class after SingleCellAssay: matrix,,,
grid,cells_2500_g8000,mast,dense,True,bayesglm,condition,1,5,False,3.9,False,True,0-15,1789318916.046205,ALL,TOTAL_RUN,99.45831298828124,99.21875,1777.73828125,,1785.71875,1826.62109375,183.9453125,1059.3203125,0.0,,,7.906380208333332,61.0,
grid,cells_2500_g8000,duet,,,,condition,1,6,False,4.0,False,True,0-15,1789319017.5183797,duet,read,0.021,0.031,280.9296875,,,,,,,,,,,
grid,cells_2500_g8000,duet,,,,condition,1,6,False,4.0,False,True,0-15,1789319017.5183797,duet,fit_test,0.101,0.094,287.15234375,,,,,,,,,,,
grid,cells_2500_g8000,duet,,,,condition,1,6,False,4.0,False,True,0-15,1789319017.5183797,duet,write,0.082,0.078,242.375,,,,,,,,,,,
grid,cells_2500_g8000,duet,,,,condition,1,6,False,4.0,False,True,0-15,1789319017.5183797,duet,TOTAL_PROCESS,1.6421458721160889,1.53125,287.15234375,,312.5859375,265.69140625,187.87109375,99.28125,0.0,,,,,
grid,cells_2500_g8000,duet,,,,condition,1,6,False,4.0,False,True,0-15,1789319017.5183797,ALL,TOTAL_RUN,1.6421458721160889,1.53125,287.15234375,,312.5859375,265.69140625,187.87109375,99.28125,0.0,,,8.0,8.0,
grid,cells_2500_g8000,mast,dense,True,bayesglm,condition,1,6,False,4.3,False,True,0-15,1789319021.1656053,export,read,0.022,0.016,300.5859375,,,,,,,,,,,
grid,cells_2500_g8000,mast,dense,True,bayesglm,condition,1,6,False,4.3,False,True,0-15,1789319021.1656053,export,export,0.128,0.953,303.5546875,,,,,,,,,,,
grid,cells_2500_g8000,mast,dense,True,bayesglm,condition,1,6,False,4.3,False,True,0-15,1789319021.1656053,export,TOTAL_PROCESS,1.3327572345733645,2.09375,303.5546875,,303.58203125,260.921875,186.3359375,117.21875,0.0,,,,,
grid,cells_2500_g8000,mast,dense,True,bayesglm,condition,1,6,False,4.3,False,True,0-15,1789319021.1656053,R,read,2.79,1.87,905.87109375,685.2,,,,,,,,,,
grid,cells_2500_g8000,mast,dense,True,bayesglm,condition,1,6,False,4.3,False,True,0-15,1789319021.1656053,R,singlecellassay,0.06,0.06,908.7890625,731.1,,,,,,,,,,
grid,cells_2500_g8000,mast,dense,True,bayesglm,condition,1,6,False,4.3,False,True,0-15,1789319021.1656053,R,zlm,47.57,47.18,1781.44140625,1645.5,,,,,,,,,,
grid,cells_2500_g8000,mast,dense,True,bayesglm,condition,1,6,False,4.3,False,True,0-15,1789319021.1656053,R,lrtest,42.22,42.02,1759.18359375,1640.8,,,,,,,,,,
grid,cells_2500_g8000,mast,dense,True,bayesglm,condition,1,6,False,4.3,False,True,0-15,1789319021.1656053,R,assemble,0.47,0.47,1559.8359375,1075.3,,,,,,,,,,
grid,cells_2500_g8000,mast,dense,True,bayesglm,condition,1,6,False,4.3,False,True,0-15,1789319021.1656053,R,write,0.03,0.03,1202.1484375,698.3,,,,,,,,,,
grid,cells_2500_g8000,mast,dense,True,bayesglm,condition,1,6,False,4.3,False,True,0-15,1789319021.1656053,R,TOTAL_PROCESS,99.13887524604796,97.40625,1781.44140625,,1784.34765625,1825.0546875,712.68359375,1068.7578125,0.0,,assay class after SingleCellAssay: matrix,,,
grid,cells_2500_g8000,mast,dense,True,bayesglm,condition,1,6,False,4.3,False,True,0-15,1789319021.1656053,ALL,TOTAL_RUN,100.47163248062134,99.5,1781.44140625,,1784.34765625,1825.0546875,186.3359375,1068.7578125,0.0,,,9.1,11.971875,
grid,cells_5000_g8000,duet,,,,condition,1,1,True,5.8,False,True,0-15,1789319123.651867,duet,read,0.031,0.031,334.2890625,,,,,,,,,,,
grid,cells_5000_g8000,duet,,,,condition,1,1,True,5.8,False,True,0-15,1789319123.651867,duet,fit_test,0.167,0.156,426.71875,,,,,,,,,,,
grid,cells_5000_g8000,duet,,,,condition,1,1,True,5.8,False,True,0-15,1789319123.651867,duet,write,0.084,0.094,269.23046875,,,,,,,,,,,
grid,cells_5000_g8000,duet,,,,condition,1,1,True,5.8,False,True,0-15,1789319123.651867,duet,TOTAL_PROCESS,1.728585720062256,1.625,426.71875,,426.71875,380.26953125,220.078125,206.640625,0.0,,,,,
grid,cells_5000_g8000,duet,,,,condition,1,1,True,5.8,False,True,0-15,1789319123.651867,ALL,TOTAL_RUN,1.728585720062256,1.625,426.71875,,426.71875,380.26953125,220.078125,206.640625,0.0,,,10.5,10.5,
grid,cells_5000_g8000,mast,dense,True,bayesglm,condition,1,1,True,6.0,False,True,0-15,1789319127.3864057,export,read,0.032,0.031,301.0546875,,,,,,,,,,,
grid,cells_5000_g8000,mast,dense,True,bayesglm,condition,1,1,True,6.0,False,True,0-15,1789319127.3864057,export,export,0.247,2.203,428.9296875,,,,,,,,,,,
grid,cells_5000_g8000,mast,dense,True,bayesglm,condition,1,1,True,6.0,False,True,0-15,1789319127.3864057,export,TOTAL_PROCESS,1.5178992748260498,3.328125,428.9296875,,429.07421875,387.41796875,162.27734375,266.65234375,0.0,,,,,
grid,cells_5000_g8000,mast,dense,True,bayesglm,condition,1,1,True,6.0,False,True,0-15,1789319127.3864057,R,read,3.31,3.23,1113.86328125,893.5,,,,,,,,,,
grid,cells_5000_g8000,mast,dense,True,bayesglm,condition,1,1,True,6.0,False,True,0-15,1789319127.3864057,R,singlecellassay,0.05,0.05,1117.15234375,939.7,,,,,,,,,,
grid,cells_5000_g8000,mast,dense,True,bayesglm,condition,1,1,True,6.0,False,True,0-15,1789319127.3864057,R,zlm,89.52,88.81,2753.33203125,2799.6,,,,,,,,,,
grid,cells_5000_g8000,mast,dense,True,bayesglm,condition,1,1,True,6.0,False,True,0-15,1789319127.3864057,R,lrtest,80.97,80.12,2547.015625,2390.1,,,,,,,,,,
grid,cells_5000_g8000,mast,dense,True,bayesglm,condition,1,1,True,6.0,False,True,0-15,1789319127.3864057,R,assemble,0.47,0.46,1630.33984375,1284.0,,,,,,,,,,
grid,cells_5000_g8000,mast,dense,True,bayesglm,condition,1,1,True,6.0,False,True,0-15,1789319127.3864057,R,write,0.05,0.05,1407.6484375,907.1,,,,,,,,,,
grid,cells_5000_g8000,mast,dense,True,bayesglm,condition,1,1,True,6.0,False,True,0-15,1789319127.3864057,R,TOTAL_PROCESS,180.4907712936401,178.734375,2753.33203125,,2739.515625,2785.96875,712.34765625,2040.984375,0.0,,assay class after SingleCellAssay: matrix,,,
grid,cells_5000_g8000,mast,dense,True,bayesglm,condition,1,1,True,6.0,False,True,0-15,1789319127.3864057,ALL,TOTAL_RUN,182.0086705684662,182.0625,2753.33203125,,2739.515625,2785.96875,162.27734375,2040.984375,0.0,,,8.2,14.375,
grid,cells_5000_g8000,duet,,,,condition,1,2,False,6.0,False,True,0-15,1789319311.4164023,duet,read,0.031,0.031,333.1953125,,,,,,,,,,,
grid,cells_5000_g8000,duet,,,,condition,1,2,False,6.0,False,True,0-15,1789319311.4164023,duet,fit_test,0.166,0.172,426.7109375,,,,,,,,,,,
grid,cells_5000_g8000,duet,,,,condition,1,2,False,6.0,False,True,0-15,1789319311.4164023,duet,write,0.081,0.078,269.28125,,,,,,,,,,,
grid,cells_5000_g8000,duet,,,,condition,1,2,False,6.0,False,True,0-15,1789319311.4164023,duet,TOTAL_PROCESS,1.732210636138916,1.640625,426.7109375,,426.7109375,380.33203125,219.78125,206.9296875,0.0,,,,,
grid,cells_5000_g8000,duet,,,,condition,1,2,False,6.0,False,True,0-15,1789319311.4164023,ALL,TOTAL_RUN,1.732210636138916,1.640625,426.7109375,,426.7109375,380.33203125,219.78125,206.9296875,0.0,,,9.4,9.4,
grid,cells_5000_g8000,mast,dense,True,bayesglm,condition,1,2,False,7.4,False,True,0-15,1789319315.1559775,export,read,0.032,0.031,307.0625,,,,,,,,,,,
grid,cells_5000_g8000,mast,dense,True,bayesglm,condition,1,2,False,7.4,False,True,0-15,1789319315.1559775,export,export,0.245,1.812,428.4765625,,,,,,,,,,,
grid,cells_5000_g8000,mast,dense,True,bayesglm,condition,1,2,False,7.4,False,True,0-15,1789319315.1559775,export,TOTAL_PROCESS,1.453033447265625,3.0,428.4765625,,428.62109375,387.54296875,159.82421875,268.65234375,0.0,,,,,
grid,cells_5000_g8000,mast,dense,True,bayesglm,condition,1,2,False,7.4,False,True,0-15,1789319315.1559775,R,read,3.29,3.18,1113.63671875,893.5,,,,,,,,,,
grid,cells_5000_g8000,mast,dense,True,bayesglm,condition,1,2,False,7.4,False,True,0-15,1789319315.1559775,R,singlecellassay,0.06,0.06,1117.11328125,939.7,,,,,,,,,,
grid,cells_5000_g8000,mast,dense,True,bayesglm,condition,1,2,False,7.4,False,True,0-15,1789319315.1559775,R,zlm,88.41,88.04,2752.72265625,2799.6,,,,,,,,,,
grid,cells_5000_g8000,mast,dense,True,bayesglm,condition,1,2,False,7.4,False,True,0-15,1789319315.1559775,R,lrtest,79.98,79.25,2523.18359375,2390.1,,,,,,,,,,
grid,cells_5000_g8000,mast,dense,True,bayesglm,condition,1,2,False,7.4,False,True,0-15,1789319315.1559775,R,assemble,0.46,0.44,1611.65625,1284.0,,,,,,,,,,
grid,cells_5000_g8000,mast,dense,True,bayesglm,condition,1,2,False,7.4,False,True,0-15,1789319315.1559775,R,write,0.04,0.03,1415.38671875,907.1,,,,,,,,,,
grid,cells_5000_g8000,mast,dense,True,bayesglm,condition,1,2,False,7.4,False,True,0-15,1789319315.1559775,R,TOTAL_PROCESS,178.27842164039612,176.8125,2752.72265625,,2738.19140625,2784.55078125,721.859375,2030.86328125,0.0,,assay class after SingleCellAssay: matrix,,,
grid,cells_5000_g8000,mast,dense,True,bayesglm,condition,1,2,False,7.4,False,True,0-15,1789319315.1559775,ALL,TOTAL_RUN,179.73145508766174,179.8125,2752.72265625,,2738.19140625,2784.55078125,159.82421875,2030.86328125,0.0,,,8.2,17.225,
grid,cells_5000_g8000,duet,,,,condition,1,3,False,11.0,False,True,0-15,1789319496.908451,duet,read,0.032,0.031,335.890625,,,,,,,,,,,
grid,cells_5000_g8000,duet,,,,condition,1,3,False,11.0,False,True,0-15,1789319496.908451,duet,fit_test,0.164,0.172,391.015625,,,,,,,,,,,
grid,cells_5000_g8000,duet,,,,condition,1,3,False,11.0,False,True,0-15,1789319496.908451,duet,write,0.082,0.078,270.3203125,,,,,,,,,,,
grid,cells_5000_g8000,duet,,,,condition,1,3,False,11.0,False,True,0-15,1789319496.908451,duet,TOTAL_PROCESS,1.8425004482269287,1.734375,391.015625,,426.75390625,379.73828125,187.21484375,203.80078125,0.0,,,,,
grid,cells_5000_g8000,duet,,,,condition,1,3,False,11.0,False,True,0-15,1789319496.908451,ALL,TOTAL_RUN,1.8425004482269287,1.734375,391.015625,,426.75390625,379.73828125,187.21484375,203.80078125,0.0,,,27.3,27.3,
grid,cells_5000_g8000,mast,dense,True,bayesglm,condition,1,3,False,12.3,False,True,0-15,1789319500.756552,export,read,0.031,0.031,307.53515625,,,,,,,,,,,
grid,cells_5000_g8000,mast,dense,True,bayesglm,condition,1,3,False,12.3,False,True,0-15,1789319500.756552,export,export,0.253,2.25,429.22265625,,,,,,,,,,,
grid,cells_5000_g8000,mast,dense,True,bayesglm,condition,1,3,False,12.3,False,True,0-15,1789319500.756552,export,TOTAL_PROCESS,1.5903899669647217,3.515625,429.22265625,,429.3671875,387.57421875,193.6015625,235.62109375,0.0,,,,,
grid,cells_5000_g8000,mast,dense,True,bayesglm,condition,1,3,False,12.3,False,True,0-15,1789319500.756552,R,read,3.3,3.27,1113.53515625,893.5,,,,,,,,,,
grid,cells_5000_g8000,mast,dense,True,bayesglm,condition,1,3,False,12.3,False,True,0-15,1789319500.756552,R,singlecellassay,0.05,0.05,1117.09375,939.7,,,,,,,,,,
grid,cells_5000_g8000,mast,dense,True,bayesglm,condition,1,3,False,12.3,False,True,0-15,1789319500.756552,R,zlm,88.27,86.61,2753.84375,2799.6,,,,,,,,,,
grid,cells_5000_g8000,mast,dense,True,bayesglm,condition,1,3,False,12.3,False,True,0-15,1789319500.756552,R,lrtest,80.67,80.31,2548.79296875,2390.1,,,,,,,,,,
grid,cells_5000_g8000,mast,dense,True,bayesglm,condition,1,3,False,12.3,False,True,0-15,1789319500.756552,R,assemble,0.47,0.47,1627.25390625,1284.0,,,,,,,,,,
grid,cells_5000_g8000,mast,dense,True,bayesglm,condition,1,3,False,12.3,False,True,0-15,1789319500.756552,R,write,0.05,0.03,1406.546875,907.1,,,,,,,,,,
grid,cells_5000_g8000,mast,dense,True,bayesglm,condition,1,3,False,12.3,False,True,0-15,1789319500.756552,R,TOTAL_PROCESS,178.89754223823547,176.734375,2753.84375,,2739.56640625,2785.734375,712.07421875,2041.76953125,0.0,,assay class after SingleCellAssay: matrix,,,
grid,cells_5000_g8000,mast,dense,True,bayesglm,condition,1,3,False,12.3,False,True,0-15,1789319500.756552,ALL,TOTAL_RUN,180.4879322052002,180.25,2753.84375,,2739.56640625,2785.734375,193.6015625,2041.76953125,0.0,,,25.2,25.2,
grid,cells_5000_g8000,duet,,,,condition,1,4,False,5.4,False,True,0-15,1789319683.265486,duet,read,0.031,0.031,335.78515625,,,,,,,,,,,
grid,cells_5000_g8000,duet,,,,condition,1,4,False,5.4,False,True,0-15,1789319683.265486,duet,fit_test,0.165,0.141,427.11328125,,,,,,,,,,,
grid,cells_5000_g8000,duet,,,,condition,1,4,False,5.4,False,True,0-15,1789319683.265486,duet,write,0.081,0.078,269.65625,,,,,,,,,,,
grid,cells_5000_g8000,duet,,,,condition,1,4,False,5.4,False,True,0-15,1789319683.265486,duet,TOTAL_PROCESS,1.8146727085113523,1.71875,427.11328125,,427.11328125,380.2890625,187.140625,239.97265625,0.0,,,,,
grid,cells_5000_g8000,duet,,,,condition,1,4,False,5.4,False,True,0-15,1789319683.265486,ALL,TOTAL_RUN,1.8146727085113523,1.71875,427.11328125,,427.11328125,380.2890625,187.140625,239.97265625,0.0,,,9.1,9.1,
grid,cells_5000_g8000,mast,dense,True,bayesglm,condition,1,4,False,3.9,False,True,0-15,1789319687.0856023,export,read,0.03,0.031,304.99609375,,,,,,,,,,,
grid,cells_5000_g8000,mast,dense,True,bayesglm,condition,1,4,False,3.9,False,True,0-15,1789319687.0856023,export,export,0.245,2.031,428.64453125,,,,,,,,,,,
grid,cells_5000_g8000,mast,dense,True,bayesglm,condition,1,4,False,3.9,False,True,0-15,1789319687.0856023,export,TOTAL_PROCESS,1.4867804050445557,3.1875,428.64453125,,428.7890625,387.5078125,176.9921875,251.65234375,0.0,,,,,
grid,cells_5000_g8000,mast,dense,True,bayesglm,condition,1,4,False,3.9,False,True,0-15,1789319687.0856023,R,read,3.27,3.24,1113.47265625,893.5,,,,,,,,,,
grid,cells_5000_g8000,mast,dense,True,bayesglm,condition,1,4,False,3.9,False,True,0-15,1789319687.0856023,R,singlecellassay,0.06,0.07,1117.1015625,939.7,,,,,,,,,,
grid,cells_5000_g8000,mast,dense,True,bayesglm,condition,1,4,False,3.9,False,True,0-15,1789319687.0856023,R,zlm,88.63,88.28,2750.01953125,2799.6,,,,,,,,,,
grid,cells_5000_g8000,mast,dense,True,bayesglm,condition,1,4,False,3.9,False,True,0-15,1789319687.0856023,R,lrtest,81.49,80.83,2532.0390625,2390.1,,,,,,,,,,
grid,cells_5000_g8000,mast,dense,True,bayesglm,condition,1,4,False,3.9,False,True,0-15,1789319687.0856023,R,assemble,0.47,0.48,1601.38671875,1284.0,,,,,,,,,,
grid,cells_5000_g8000,mast,dense,True,bayesglm,condition,1,4,False,3.9,False,True,0-15,1789319687.0856023,R,write,0.03,0.06,1415.49609375,907.1,,,,,,,,,,
grid,cells_5000_g8000,mast,dense,True,bayesglm,condition,1,4,False,3.9,False,True,0-15,1789319687.0856023,R,TOTAL_PROCESS,180.03901743888855,178.859375,2750.01953125,,2738.65625,2784.9140625,713.05859375,2036.9609375,0.0,,assay class after SingleCellAssay: matrix,,,
grid,cells_5000_g8000,mast,dense,True,bayesglm,condition,1,4,False,3.9,False,True,0-15,1789319687.0856023,ALL,TOTAL_RUN,181.5257978439331,182.046875,2750.01953125,,2738.65625,2784.9140625,176.9921875,2036.9609375,0.0,,,7.5,13.828125,
grid,cells_5000_g8000,duet,,,,condition,1,5,False,6.4,False,True,0-15,1789319870.633834,duet,read,0.031,0.031,330.73046875,,,,,,,,,,,
grid,cells_5000_g8000,duet,,,,condition,1,5,False,6.4,False,True,0-15,1789319870.633834,duet,fit_test,0.165,0.172,427.12109375,,,,,,,,,,,
grid,cells_5000_g8000,duet,,,,condition,1,5,False,6.4,False,True,0-15,1789319870.633834,duet,write,0.091,0.094,270.6484375,,,,,,,,,,,
grid,cells_5000_g8000,duet,,,,condition,1,5,False,6.4,False,True,0-15,1789319870.633834,duet,TOTAL_PROCESS,1.741135835647583,1.703125,427.12109375,,427.12109375,380.2578125,195.37890625,231.7421875,0.0,,,,,
grid,cells_5000_g8000,duet,,,,condition,1,5,False,6.4,False,True,0-15,1789319870.633834,ALL,TOTAL_RUN,1.741135835647583,1.703125,427.12109375,,427.12109375,380.2578125,195.37890625,231.7421875,0.0,,,13.4,13.4,
grid,cells_5000_g8000,mast,dense,True,bayesglm,condition,1,5,False,9.0,False,True,0-15,1789319874.3811693,export,read,0.031,0.031,308.71484375,,,,,,,,,,,
grid,cells_5000_g8000,mast,dense,True,bayesglm,condition,1,5,False,9.0,False,True,0-15,1789319874.3811693,export,export,0.246,2.312,429.17578125,,,,,,,,,,,
grid,cells_5000_g8000,mast,dense,True,bayesglm,condition,1,5,False,9.0,False,True,0-15,1789319874.3811693,export,TOTAL_PROCESS,1.5349864959716797,3.5,429.17578125,,429.3203125,387.49609375,161.01171875,268.1640625,0.0,,,,,
grid,cells_5000_g8000,mast,dense,True,bayesglm,condition,1,5,False,9.0,False,True,0-15,1789319874.3811693,R,read,3.28,3.31,1113.953125,893.5,,,,,,,,,,
grid,cells_5000_g8000,mast,dense,True,bayesglm,condition,1,5,False,9.0,False,True,0-15,1789319874.3811693,R,singlecellassay,0.05,0.07,1116.86328125,939.7,,,,,,,,,,
grid,cells_5000_g8000,mast,dense,True,bayesglm,condition,1,5,False,9.0,False,True,0-15,1789319874.3811693,R,zlm,88.84,88.29,2748.74609375,2799.6,,,,,,,,,,
grid,cells_5000_g8000,mast,dense,True,bayesglm,condition,1,5,False,9.0,False,True,0-15,1789319874.3811693,R,lrtest,80.25,79.47,2545.97265625,2390.1,,,,,,,,,,
grid,cells_5000_g8000,mast,dense,True,bayesglm,condition,1,5,False,9.0,False,True,0-15,1789319874.3811693,R,assemble,0.47,0.45,1631.23046875,1284.0,,,,,,,,,,
grid,cells_5000_g8000,mast,dense,True,bayesglm,condition,1,5,False,9.0,False,True,0-15,1789319874.3811693,R,write,0.04,0.03,1406.69921875,907.1,,,,,,,,,,
grid,cells_5000_g8000,mast,dense,True,bayesglm,condition,1,5,False,9.0,False,True,0-15,1789319874.3811693,R,TOTAL_PROCESS,179.058824300766,177.734375,2748.74609375,,2735.54296875,2782.3828125,718.40625,2030.33984375,0.0,,assay class after SingleCellAssay: matrix,,,
grid,cells_5000_g8000,mast,dense,True,bayesglm,condition,1,5,False,9.0,False,True,0-15,1789319874.3811693,ALL,TOTAL_RUN,180.59381079673767,181.234375,2748.74609375,,2735.54296875,2782.3828125,161.01171875,2030.33984375,0.0,,,15.3,15.3,
grid,cells_5000_g8000,duet,,,,condition,1,6,False,5.0,False,True,0-15,1789320056.9961808,duet,read,0.032,0.031,331.66796875,,,,,,,,,,,
grid,cells_5000_g8000,duet,,,,condition,1,6,False,5.0,False,True,0-15,1789320056.9961808,duet,fit_test,0.166,0.156,426.63671875,,,,,,,,,,,
grid,cells_5000_g8000,duet,,,,condition,1,6,False,5.0,False,True,0-15,1789320056.9961808,duet,write,0.083,0.094,269.265625,,,,,,,,,,,
grid,cells_5000_g8000,duet,,,,condition,1,6,False,5.0,False,True,0-15,1789320056.9961808,duet,TOTAL_PROCESS,1.7364938259124756,1.59375,426.63671875,,426.63671875,379.84765625,211.41796875,215.21875,0.0,,,,,
grid,cells_5000_g8000,duet,,,,condition,1,6,False,5.0,False,True,0-15,1789320056.9961808,ALL,TOTAL_RUN,1.7364938259124756,1.59375,426.63671875,,426.63671875,379.84765625,211.41796875,215.21875,0.0,,,10.9,10.9,
grid,cells_5000_g8000,mast,dense,True,bayesglm,condition,1,6,False,7.4,False,True,0-15,1789320060.7390926,export,read,0.031,0.031,309.00390625,,,,,,,,,,,
grid,cells_5000_g8000,mast,dense,True,bayesglm,condition,1,6,False,7.4,False,True,0-15,1789320060.7390926,export,export,0.247,2.297,428.5390625,,,,,,,,,,,
grid,cells_5000_g8000,mast,dense,True,bayesglm,condition,1,6,False,7.4,False,True,0-15,1789320060.7390926,export,TOTAL_PROCESS,1.484605073928833,3.46875,428.5390625,,428.68359375,387.37890625,160.6015625,267.9375,0.0,,,,,
grid,cells_5000_g8000,mast,dense,True,bayesglm,condition,1,6,False,7.4,False,True,0-15,1789320060.7390926,R,read,3.28,3.25,1113.9921875,893.5,,,,,,,,,,
grid,cells_5000_g8000,mast,dense,True,bayesglm,condition,1,6,False,7.4,False,True,0-15,1789320060.7390926,R,singlecellassay,0.06,0.04,1117.26171875,939.7,,,,,,,,,,
grid,cells_5000_g8000,mast,dense,True,bayesglm,condition,1,6,False,7.4,False,True,0-15,1789320060.7390926,R,zlm,88.6,88.27,2754.68359375,2799.6,,,,,,,,,,
grid,cells_5000_g8000,mast,dense,True,bayesglm,condition,1,6,False,7.4,False,True,0-15,1789320060.7390926,R,lrtest,81.36,80.28,2537.2421875,2390.1,,,,,,,,,,
grid,cells_5000_g8000,mast,dense,True,bayesglm,condition,1,6,False,7.4,False,True,0-15,1789320060.7390926,R,assemble,0.47,0.47,1788.19140625,1284.0,,,,,,,,,,
grid,cells_5000_g8000,mast,dense,True,bayesglm,condition,1,6,False,7.4,False,True,0-15,1789320060.7390926,R,write,0.03,0.03,1415.828125,907.1,,,,,,,,,,
grid,cells_5000_g8000,mast,dense,True,bayesglm,condition,1,6,False,7.4,False,True,0-15,1789320060.7390926,R,TOTAL_PROCESS,179.8647940158844,178.171875,2754.68359375,,2740.0546875,2786.1875,721.4453125,2033.23828125,0.0,,assay class after SingleCellAssay: matrix,,,
grid,cells_5000_g8000,mast,dense,True,bayesglm,condition,1,6,False,7.4,False,True,0-15,1789320060.7390926,ALL,TOTAL_RUN,181.34939908981323,181.640625,2754.68359375,,2740.0546875,2786.1875,160.6015625,2033.23828125,0.0,,,9.7,11.428125,
grid,cells_10000_g8000,duet,,,,condition,1,1,True,8.1,False,True,0-15,1789320244.1110444,duet,read,0.053,0.062,434.01171875,,,,,,,,,,,
grid,cells_10000_g8000,duet,,,,condition,1,1,True,8.1,False,True,0-15,1789320244.1110444,duet,fit_test,0.309,0.297,644.72265625,,,,,,,,,,,
grid,cells_10000_g8000,duet,,,,condition,1,1,True,8.1,False,True,0-15,1789320244.1110444,duet,write,0.084,0.078,327.15625,,,,,,,,,,,
grid,cells_10000_g8000,duet,,,,condition,1,1,True,8.1,False,True,0-15,1789320244.1110444,duet,TOTAL_PROCESS,1.895557403564453,1.8125,644.72265625,,658.62890625,612.31640625,208.33203125,436.390625,0.0,,,,,
grid,cells_10000_g8000,duet,,,,condition,1,1,True,8.1,False,True,0-15,1789320244.1110444,ALL,TOTAL_RUN,1.895557403564453,1.8125,644.72265625,,658.62890625,612.31640625,208.33203125,436.390625,0.0,,,9.9,9.9,
grid,cells_10000_g8000,mast,dense,True,bayesglm,condition,1,1,True,4.4,False,True,0-15,1789320248.01307,export,read,0.051,0.047,411.1953125,,,,,,,,,,,
grid,cells_10000_g8000,mast,dense,True,bayesglm,condition,1,1,True,4.4,False,True,0-15,1789320248.01307,export,export,0.528,4.469,682.41796875,,,,,,,,,,,
grid,cells_10000_g8000,mast,dense,True,bayesglm,condition,1,1,True,4.4,False,True,0-15,1789320248.01307,export,TOTAL_PROCESS,1.7980942726135254,5.640625,682.41796875,,682.59765625,641.08984375,189.671875,492.74609375,0.0,,,,,
grid,cells_10000_g8000,mast,dense,True,bayesglm,condition,1,1,True,4.4,False,True,0-15,1789320248.01307,R,read,5.7,5.57,1530.57421875,1309.3,,,,,,,,,,
grid,cells_10000_g8000,mast,dense,True,bayesglm,condition,1,1,True,4.4,False,True,0-15,1789320248.01307,R,singlecellassay,0.06,0.07,1533.9765625,1356.8,,,,,,,,,,
grid,cells_10000_g8000,mast,dense,True,bayesglm,condition,1,1,True,4.4,False,True,0-15,1789320248.01307,R,zlm,163.13,162.48,4669.44140625,4714.9,,,,,,,,,,
grid,cells_10000_g8000,mast,dense,True,bayesglm,condition,1,1,True,4.4,False,True,0-15,1789320248.01307,R,lrtest,155.25,154.05,3319.4453125,3260.8,,,,,,,,,,
grid,cells_10000_g8000,mast,dense,True,bayesglm,condition,1,1,True,4.4,False,True,0-15,1789320248.01307,R,assemble,0.49,0.47,1845.93359375,1701.4,,,,,,,,,,
grid,cells_10000_g8000,mast,dense,True,bayesglm,condition,1,1,True,4.4,False,True,0-15,1789320248.01307,R,write,0.05,0.06,1846.03125,1324.9,,,,,,,,,,
grid,cells_10000_g8000,mast,dense,True,bayesglm,condition,1,1,True,4.4,False,True,0-15,1789320248.01307,R,TOTAL_PROCESS,330.77852869033813,328.65625,4669.44140625,,4659.87890625,4715.37109375,722.328125,3947.11328125,0.0,,assay class after SingleCellAssay: matrix,,,
grid,cells_10000_g8000,mast,dense,True,bayesglm,condition,1,1,True,4.4,False,True,0-15,1789320248.01307,ALL,TOTAL_RUN,332.57662296295166,334.296875,4669.44140625,,4659.87890625,4715.37109375,189.671875,3947.11328125,0.0,,,9.7,12.575,
grid,cells_10000_g8000,duet,,,,condition,1,2,False,3.8,False,True,0-15,1789320582.623466,duet,read,0.056,0.062,427.16796875,,,,,,,,,,,
grid,cells_10000_g8000,duet,,,,condition,1,2,False,3.8,False,True,0-15,1789320582.623466,duet,fit_test,0.311,0.312,644.4453125,,,,,,,,,,,
grid,cells_10000_g8000,duet,,,,condition,1,2,False,3.8,False,True,0-15,1789320582.623466,duet,write,0.086,0.078,327.91796875,,,,,,,,,,,
grid,cells_10000_g8000,duet,,,,condition,1,2,False,3.8,False,True,0-15,1789320582.623466,duet,TOTAL_PROCESS,1.9548726081848145,1.84375,644.4453125,,658.3671875,611.92578125,198.74609375,445.69921875,0.0,,,,,
grid,cells_10000_g8000,duet,,,,condition,1,2,False,3.8,False,True,0-15,1789320582.623466,ALL,TOTAL_RUN,1.9548726081848145,1.84375,644.4453125,,658.3671875,611.92578125,198.74609375,445.69921875,0.0,,,7.2,7.2,
grid,cells_10000_g8000,mast,dense,True,bayesglm,condition,1,2,False,5.3,False,True,0-15,1789320586.5965776,export,read,0.053,0.047,401.97265625,,,,,,,,,,,
grid,cells_10000_g8000,mast,dense,True,bayesglm,condition,1,2,False,5.3,False,True,0-15,1789320586.5965776,export,export,0.488,4.125,681.48828125,,,,,,,,,,,
grid,cells_10000_g8000,mast,dense,True,bayesglm,condition,1,2,False,5.3,False,True,0-15,1789320586.5965776,export,TOTAL_PROCESS,1.7717747688293457,5.359375,681.48828125,,681.66796875,640.14453125,162.92578125,518.5625,0.0,,,,,
grid,cells_10000_g8000,mast,dense,True,bayesglm,condition,1,2,False,5.3,False,True,0-15,1789320586.5965776,R,read,5.69,5.52,1530.46875,1309.3,,,,,,,,,,
grid,cells_10000_g8000,mast,dense,True,bayesglm,condition,1,2,False,5.3,False,True,0-15,1789320586.5965776,R,singlecellassay,0.06,0.04,1534.28125,1356.8,,,,,,,,,,
grid,cells_10000_g8000,mast,dense,True,bayesglm,condition,1,2,False,5.3,False,True,0-15,1789320586.5965776,R,zlm,166.77,166.04,4674.84765625,4714.9,,,,,,,,,,
grid,cells_10000_g8000,mast,dense,True,bayesglm,condition,1,2,False,5.3,False,True,0-15,1789320586.5965776,R,lrtest,152.88,151.45,3319.16796875,3260.8,,,,,,,,,,
grid,cells_10000_g8000,mast,dense,True,bayesglm,condition,1,2,False,5.3,False,True,0-15,1789320586.5965776,R,assemble,0.47,0.44,2208.1796875,1701.4,,,,,,,,,,
grid,cells_10000_g8000,mast,dense,True,bayesglm,condition,1,2,False,5.3,False,True,0-15,1789320586.5965776,R,write,0.03,0.03,1694.96875,1324.9,,,,,,,,,,
grid,cells_10000_g8000,mast,dense,True,bayesglm,condition,1,2,False,5.3,False,True,0-15,1789320586.5965776,R,TOTAL_PROCESS,331.97212743759155,329.546875,4674.84765625,,4660.23828125,4715.80078125,722.7421875,3952.10546875,0.0,,assay class after SingleCellAssay: matrix,,,
grid,cells_10000_g8000,mast,dense,True,bayesglm,condition,1,2,False,5.3,False,True,0-15,1789320586.5965776,ALL,TOTAL_RUN,333.7439022064209,334.90625,4674.84765625,,4660.23828125,4715.80078125,162.92578125,3952.10546875,0.0,,,8.4,52.884375000000006,
grid,cells_10000_g8000,duet,,,,condition,1,3,False,5.5,False,True,0-15,1789320922.373983,duet,read,0.052,0.047,437.3046875,,,,,,,,,,,
grid,cells_10000_g8000,duet,,,,condition,1,3,False,5.5,False,True,0-15,1789320922.373983,duet,fit_test,0.303,0.281,644.5703125,,,,,,,,,,,
grid,cells_10000_g8000,duet,,,,condition,1,3,False,5.5,False,True,0-15,1789320922.373983,duet,write,0.082,0.078,327.2421875,,,,,,,,,,,
grid,cells_10000_g8000,duet,,,,condition,1,3,False,5.5,False,True,0-15,1789320922.373983,duet,TOTAL_PROCESS,1.8657557964324951,1.71875,644.5703125,,658.25,611.73046875,217.296875,427.2734375,0.0,,,,,
grid,cells_10000_g8000,duet,,,,condition,1,3,False,5.5,False,True,0-15,1789320922.373983,ALL,TOTAL_RUN,1.8657557964324951,1.71875,644.5703125,,658.25,611.73046875,217.296875,427.2734375,0.0,,,8.7,8.7,
grid,cells_10000_g8000,mast,dense,True,bayesglm,condition,1,3,False,4.1,False,True,0-15,1789320926.2484434,export,read,0.054,0.062,409.4375,,,,,,,,,,,
grid,cells_10000_g8000,mast,dense,True,bayesglm,condition,1,3,False,4.1,False,True,0-15,1789320926.2484434,export,export,0.479,4.016,681.921875,,,,,,,,,,,
grid,cells_10000_g8000,mast,dense,True,bayesglm,condition,1,3,False,4.1,False,True,0-15,1789320926.2484434,export,TOTAL_PROCESS,1.6948885917663574,5.109375,681.921875,,682.05859375,640.74609375,189.921875,492.0,0.0,,,,,
grid,cells_10000_g8000,mast,dense,True,bayesglm,condition,1,3,False,4.1,False,True,0-15,1789320926.2484434,R,read,5.63,5.58,1530.296875,1309.3,,,,,,,,,,
grid,cells_10000_g8000,mast,dense,True,bayesglm,condition,1,3,False,4.1,False,True,0-15,1789320926.2484434,R,singlecellassay,0.06,0.06,1533.5703125,1356.8,,,,,,,,,,
grid,cells_10000_g8000,mast,dense,True,bayesglm,condition,1,3,False,4.1,False,True,0-15,1789320926.2484434,R,zlm,165.06,163.65,4672.234375,4714.9,,,,,,,,,,
grid,cells_10000_g8000,mast,dense,True,bayesglm,condition,1,3,False,4.1,False,True,0-15,1789320926.2484434,R,lrtest,152.13,150.4,3320.33984375,3260.8,,,,,,,,,,
grid,cells_10000_g8000,mast,dense,True,bayesglm,condition,1,3,False,4.1,False,True,0-15,1789320926.2484434,R,assemble,0.46,0.46,2202.9921875,1701.4,,,,,,,,,,
grid,cells_10000_g8000,mast,dense,True,bayesglm,condition,1,3,False,4.1,False,True,0-15,1789320926.2484434,R,write,0.03,0.05,1844.6484375,1324.9,,,,,,,,,,
grid,cells_10000_g8000,mast,dense,True,bayesglm,condition,1,3,False,4.1,False,True,0-15,1789320926.2484434,R,TOTAL_PROCESS,329.3369665145874,326.0625,4672.234375,,4657.625,4713.57421875,721.90234375,3950.33203125,0.0,,assay class after SingleCellAssay: matrix,,,
grid,cells_10000_g8000,mast,dense,True,bayesglm,condition,1,3,False,4.1,False,True,0-15,1789320926.2484434,ALL,TOTAL_RUN,331.03185510635376,331.171875,4672.234375,,4657.625,4713.57421875,189.921875,3950.33203125,0.0,,,8.3,12.825,
grid,cells_10000_g8000,duet,,,,condition,1,4,False,3.9,False,True,0-15,1789321259.3127346,duet,read,0.052,0.047,429.26171875,,,,,,,,,,,
grid,cells_10000_g8000,duet,,,,condition,1,4,False,3.9,False,True,0-15,1789321259.3127346,duet,fit_test,0.298,0.281,644.59375,,,,,,,,,,,
grid,cells_10000_g8000,duet,,,,condition,1,4,False,3.9,False,True,0-15,1789321259.3127346,duet,write,0.081,0.078,327.046875,,,,,,,,,,,
grid,cells_10000_g8000,duet,,,,condition,1,4,False,3.9,False,True,0-15,1789321259.3127346,duet,TOTAL_PROCESS,1.7969424724578855,1.765625,644.59375,,658.26953125,611.61328125,195.421875,449.171875,0.0,,,,,
grid,cells_10000_g8000,duet,,,,condition,1,4,False,3.9,False,True,0-15,1789321259.3127346,ALL,TOTAL_RUN,1.7969424724578855,1.765625,644.59375,,658.26953125,611.61328125,195.421875,449.171875,0.0,,,9.2,9.2,
grid,cells_10000_g8000,mast,dense,True,bayesglm,condition,1,4,False,2.7,False,True,0-15,1789321263.1154313,export,read,0.05,0.047,405.52734375,,,,,,,,,,,
grid,cells_10000_g8000,mast,dense,True,bayesglm,condition,1,4,False,2.7,False,True,0-15,1789321263.1154313,export,export,0.485,4.328,681.1875,,,,,,,,,,,
grid,cells_10000_g8000,mast,dense,True,bayesglm,condition,1,4,False,2.7,False,True,0-15,1789321263.1154313,export,TOTAL_PROCESS,1.70013689994812,5.46875,681.1875,,681.1953125,639.8515625,167.64453125,513.54296875,0.0,,,,,
grid,cells_10000_g8000,mast,dense,True,bayesglm,condition,1,4,False,2.7,False,True,0-15,1789321263.1154313,R,read,5.68,5.57,1530.12890625,1309.3,,,,,,,,,,
grid,cells_10000_g8000,mast,dense,True,bayesglm,condition,1,4,False,2.7,False,True,0-15,1789321263.1154313,R,singlecellassay,0.05,0.05,1533.8984375,1356.8,,,,,,,,,,
grid,cells_10000_g8000,mast,dense,True,bayesglm,condition,1,4,False,2.7,False,True,0-15,1789321263.1154313,R,zlm,163.93,162.77,4674.15234375,4714.9,,,,,,,,,,
grid,cells_10000_g8000,mast,dense,True,bayesglm,condition,1,4,False,2.7,False,True,0-15,1789321263.1154313,R,lrtest,148.5,147.23,3322.6484375,3260.8,,,,,,,,,,
grid,cells_10000_g8000,mast,dense,True,bayesglm,condition,1,4,False,2.7,False,True,0-15,1789321263.1154313,R,assemble,0.47,0.46,1847.46484375,1701.4,,,,,,,,,,
grid,cells_10000_g8000,mast,dense,True,bayesglm,condition,1,4,False,2.7,False,True,0-15,1789321263.1154313,R,write,0.05,0.03,1847.5390625,1324.9,,,,,,,,,,
grid,cells_10000_g8000,mast,dense,True,bayesglm,condition,1,4,False,2.7,False,True,0-15,1789321263.1154313,R,TOTAL_PROCESS,324.6478519439697,322.078125,4674.15234375,,4659.5390625,4715.9609375,722.609375,3951.54296875,0.0,,assay class after SingleCellAssay: matrix,,,
grid,cells_10000_g8000,mast,dense,True,bayesglm,condition,1,4,False,2.7,False,True,0-15,1789321263.1154313,ALL,TOTAL_RUN,326.34798884391785,327.546875,4674.15234375,,4659.5390625,4715.9609375,167.64453125,3951.54296875,0.0,,,9.1,10.371875,
grid,cells_10000_g8000,duet,,,,condition,1,5,False,6.1,False,True,0-15,1789321591.4981642,duet,read,0.051,0.047,436.8125,,,,,,,,,,,
grid,cells_10000_g8000,duet,,,,condition,1,5,False,6.1,False,True,0-15,1789321591.4981642,duet,fit_test,0.295,0.281,651.48828125,,,,,,,,,,,
grid,cells_10000_g8000,duet,,,,condition,1,5,False,6.1,False,True,0-15,1789321591.4981642,duet,write,0.09,0.094,327.55859375,,,,,,,,,,,
grid,cells_10000_g8000,duet,,,,condition,1,5,False,6.1,False,True,0-15,1789321591.4981642,duet,TOTAL_PROCESS,1.8149755001068115,1.765625,651.48828125,,658.73828125,612.35546875,208.265625,443.22265625,0.0,,,,,
grid,cells_10000_g8000,duet,,,,condition,1,5,False,6.1,False,True,0-15,1789321591.4981642,ALL,TOTAL_RUN,1.8149755001068115,1.765625,651.48828125,,658.73828125,612.35546875,208.265625,443.22265625,0.0,,,7.7,7.7,
grid,cells_10000_g8000,mast,dense,True,bayesglm,condition,1,5,False,4.6,False,True,0-15,1789321595.32025,export,read,0.05,0.047,419.765625,,,,,,,,,,,
grid,cells_10000_g8000,mast,dense,True,bayesglm,condition,1,5,False,4.6,False,True,0-15,1789321595.32025,export,export,0.481,4.359,682.10546875,,,,,,,,,,,
grid,cells_10000_g8000,mast,dense,True,bayesglm,condition,1,5,False,4.6,False,True,0-15,1789321595.32025,export,TOTAL_PROCESS,1.6731839179992676,5.5,682.10546875,,682.234375,640.83203125,162.06640625,520.0390625,0.0,,,,,
grid,cells_10000_g8000,mast,dense,True,bayesglm,condition,1,5,False,4.6,False,True,0-15,1789321595.32025,R,read,5.57,5.43,1529.90625,1309.3,,,,,,,,,,
grid,cells_10000_g8000,mast,dense,True,bayesglm,condition,1,5,False,4.6,False,True,0-15,1789321595.32025,R,singlecellassay,0.04,0.06,1533.703125,1356.8,,,,,,,,,,
grid,cells_10000_g8000,mast,dense,True,bayesglm,condition,1,5,False,4.6,False,True,0-15,1789321595.32025,R,zlm,162.25,161.05,4674.08984375,4714.9,,,,,,,,,,
grid,cells_10000_g8000,mast,dense,True,bayesglm,condition,1,5,False,4.6,False,True,0-15,1789321595.32025,R,lrtest,146.5,144.65,3321.49609375,3260.8,,,,,,,,,,
grid,cells_10000_g8000,mast,dense,True,bayesglm,condition,1,5,False,4.6,False,True,0-15,1789321595.32025,R,assemble,0.45,0.47,1847.0703125,1701.4,,,,,,,,,,
grid,cells_10000_g8000,mast,dense,True,bayesglm,condition,1,5,False,4.6,False,True,0-15,1789321595.32025,R,write,0.03,0.04,1847.15625,1324.9,,,,,,,,,,
grid,cells_10000_g8000,mast,dense,True,bayesglm,condition,1,5,False,4.6,False,True,0-15,1789321595.32025,R,TOTAL_PROCESS,320.79389667510986,317.546875,4674.08984375,,4659.48046875,4715.32421875,722.1015625,3951.98828125,0.0,,assay class after SingleCellAssay: matrix,,,
grid,cells_10000_g8000,mast,dense,True,bayesglm,condition,1,5,False,4.6,False,True,0-15,1789321595.32025,ALL,TOTAL_RUN,322.4670805931092,323.046875,4674.08984375,,4659.48046875,4715.32421875,162.06640625,3951.98828125,0.0,,,8.8,18.825,
grid,cells_10000_g8000,duet,,,,condition,1,6,False,5.1,False,True,0-15,1789321919.8218174,duet,read,0.051,0.062,429.89453125,,,,,,,,,,,
grid,cells_10000_g8000,duet,,,,condition,1,6,False,5.1,False,True,0-15,1789321919.8218174,duet,fit_test,0.289,0.266,645.06640625,,,,,,,,,,,
grid,cells_10000_g8000,duet,,,,condition,1,6,False,5.1,False,True,0-15,1789321919.8218174,duet,write,0.081,0.078,328.07421875,,,,,,,,,,,
grid,cells_10000_g8000,duet,,,,condition,1,6,False,5.1,False,True,0-15,1789321919.8218174,duet,TOTAL_PROCESS,1.8086605072021484,1.65625,645.06640625,,658.74609375,612.1640625,188.0234375,457.04296875,0.0,,,,,
grid,cells_10000_g8000,duet,,,,condition,1,6,False,5.1,False,True,0-15,1789321919.8218174,ALL,TOTAL_RUN,1.8086605072021484,1.65625,645.06640625,,658.74609375,612.1640625,188.0234375,457.04296875,0.0,,,13.3,13.3,
grid,cells_10000_g8000,mast,dense,True,bayesglm,condition,1,6,False,7.6,False,True,0-15,1789321923.6372554,export,read,0.051,0.047,419.99609375,,,,,,,,,,,
grid,cells_10000_g8000,mast,dense,True,bayesglm,condition,1,6,False,7.6,False,True,0-15,1789321923.6372554,export,export,0.504,4.484,681.19921875,,,,,,,,,,,
grid,cells_10000_g8000,mast,dense,True,bayesglm,condition,1,6,False,7.6,False,True,0-15,1789321923.6372554,export,TOTAL_PROCESS,1.801896333694458,5.75,681.19921875,,681.37890625,640.19921875,159.5625,521.63671875,0.0,,,,,
grid,cells_10000_g8000,mast,dense,True,bayesglm,condition,1,6,False,7.6,False,True,0-15,1789321923.6372554,R,read,5.59,5.47,1530.53125,1309.3,,,,,,,,,,
grid,cells_10000_g8000,mast,dense,True,bayesglm,condition,1,6,False,7.6,False,True,0-15,1789321923.6372554,R,singlecellassay,0.05,0.05,1534.0625,1356.8,,,,,,,,,,
grid,cells_10000_g8000,mast,dense,True,bayesglm,condition,1,6,False,7.6,False,True,0-15,1789321923.6372554,R,zlm,155.87,155.56,4671.1328125,4714.9,,,,,,,,,,
grid,cells_10000_g8000,mast,dense,True,bayesglm,condition,1,6,False,7.6,False,True,0-15,1789321923.6372554,R,lrtest,142.8,141.98,3324.9765625,3260.8,,,,,,,,,,
grid,cells_10000_g8000,mast,dense,True,bayesglm,condition,1,6,False,7.6,False,True,0-15,1789321923.6372554,R,assemble,0.45,0.47,1846.75,1701.4,,,,,,,,,,
grid,cells_10000_g8000,mast,dense,True,bayesglm,condition,1,6,False,7.6,False,True,0-15,1789321923.6372554,R,write,0.05,0.03,1846.80859375,1324.9,,,,,,,,,,
grid,cells_10000_g8000,mast,dense,True,bayesglm,condition,1,6,False,7.6,False,True,0-15,1789321923.6372554,R,TOTAL_PROCESS,310.80874395370483,309.5625,4671.1328125,,4656.53125,4712.234375,722.82421875,3948.30859375,0.0,,assay class after SingleCellAssay: matrix,,,
grid,cells_10000_g8000,mast,dense,True,bayesglm,condition,1,6,False,7.6,False,True,0-15,1789321923.6372554,ALL,TOTAL_RUN,312.6106402873993,315.3125,4671.1328125,,4656.53125,4712.234375,159.5625,3948.30859375,0.0,,,12.2,15.028125,
grid,cells_25000_g8000,duet,,,,condition,1,1,True,4.7,False,True,0-15,1789322238.2811377,duet,read,0.113,0.125,692.2890625,,,,,,,,,,,
grid,cells_25000_g8000,duet,,,,condition,1,1,True,4.7,False,True,0-15,1789322238.2811377,duet,fit_test,0.685,0.672,1326.859375,,,,,,,,,,,
grid,cells_25000_g8000,duet,,,,condition,1,1,True,4.7,False,True,0-15,1789322238.2811377,duet,write,0.082,0.094,502.1484375,,,,,,,,,,,
grid,cells_25000_g8000,duet,,,,condition,1,1,True,4.7,False,True,0-15,1789322238.2811377,duet,TOTAL_PROCESS,2.2479240894317627,2.203125,1326.859375,,1361.82421875,1316.16796875,187.35546875,1139.50390625,0.0,,,,,
grid,cells_25000_g8000,duet,,,,condition,1,1,True,4.7,False,True,0-15,1789322238.2811377,ALL,TOTAL_RUN,2.2479240894317627,2.203125,1326.859375,,1361.82421875,1316.16796875,187.35546875,1139.50390625,0.0,,,6.5625,8.0,
grid,cells_25000_g8000,mast,dense,True,bayesglm,condition,1,1,True,4.3,False,True,0-15,1789322242.5358503,export,read,0.114,0.109,600.7734375,,,,,,,,,,,
grid,cells_25000_g8000,mast,dense,True,bayesglm,condition,1,1,True,4.3,False,True,0-15,1789322242.5358503,export,export,1.196,10.016,1447.01171875,,,,,,,,,,,
grid,cells_25000_g8000,mast,dense,True,bayesglm,condition,1,1,True,4.3,False,True,0-15,1789322242.5358503,export,TOTAL_PROCESS,2.4834630489349365,11.28125,1447.01171875,,1447.01171875,1405.80859375,160.84765625,1286.1640625,0.0,,,,,
grid,cells_25000_g8000,mast,dense,True,bayesglm,condition,1,1,True,4.3,False,True,0-15,1789322242.5358503,R,read,11.63,11.56,2783.04296875,2562.7,,,,,,,,,,
grid,cells_25000_g8000,mast,dense,True,bayesglm,condition,1,1,True,4.3,False,True,0-15,1789322242.5358503,R,singlecellassay,0.05,0.06,2787.7734375,2611.2,,,,,,,,,,
grid,cells_25000_g8000,mast,dense,True,bayesglm,condition,1,1,True,4.3,False,True,0-15,1789322242.5358503,R,zlm,357.76,358.2,10460.9140625,10495.3,,,,,,,,,,
grid,cells_25000_g8000,mast,dense,True,bayesglm,condition,1,1,True,4.3,False,True,0-15,1789322242.5358503,R,lrtest,327.52,326.74,7031.31640625,6953.3,,,,,,,,,,
grid,cells_25000_g8000,mast,dense,True,bayesglm,condition,1,1,True,4.3,False,True,0-15,1789322242.5358503,R,assemble,0.46,0.45,3272.1484375,2957.1,,,,,,,,,,
grid,cells_25000_g8000,mast,dense,True,bayesglm,condition,1,1,True,4.3,False,True,0-15,1789322242.5358503,R,write,0.04,0.05,3040.86328125,2581.4,,,,,,,,,,
grid,cells_25000_g8000,mast,dense,True,bayesglm,condition,1,1,True,4.3,False,True,0-15,1789322242.5358503,R,TOTAL_PROCESS,703.3895347118378,702.984375,10460.9140625,,10446.3125,10530.390625,722.5546875,9738.359375,0.0,,assay class after SingleCellAssay: matrix,,,
grid,cells_25000_g8000,mast,dense,True,bayesglm,condition,1,1,True,4.3,False,True,0-15,1789322242.5358503,ALL,TOTAL_RUN,705.8729977607727,714.265625,10460.9140625,,10446.3125,10530.390625,160.84765625,9738.359375,0.0,,,6.145142416545719,52.26875,
grid,cells_25000_g8000,duet,,,,condition,1,2,False,6.3,False,True,0-15,1789322950.4741635,duet,read,0.116,0.125,626.83984375,,,,,,,,,,,
grid,cells_25000_g8000,duet,,,,condition,1,2,False,6.3,False,True,0-15,1789322950.4741635,duet,fit_test,0.684,0.672,1326.3515625,,,,,,,,,,,
grid,cells_25000_g8000,duet,,,,condition,1,2,False,6.3,False,True,0-15,1789322950.4741635,duet,write,0.083,0.094,489.37890625,,,,,,,,,,,
grid,cells_25000_g8000,duet,,,,condition,1,2,False,6.3,False,True,0-15,1789322950.4741635,duet,TOTAL_PROCESS,2.307302236557007,2.1875,1326.3515625,,1361.3203125,1315.8046875,196.94921875,1129.40234375,0.0,,,,,
grid,cells_25000_g8000,duet,,,,condition,1,2,False,6.3,False,True,0-15,1789322950.4741635,ALL,TOTAL_RUN,2.307302236557007,2.1875,1326.3515625,,1361.3203125,1315.8046875,196.94921875,1129.40234375,0.0,,,7.962499999999999,11.7,
grid,cells_25000_g8000,mast,dense,True,bayesglm,condition,1,2,False,4.5,False,True,0-15,1789322954.7896109,export,read,0.117,0.125,665.640625,,,,,,,,,,,
grid,cells_25000_g8000,mast,dense,True,bayesglm,condition,1,2,False,4.5,False,True,0-15,1789322954.7896109,export,export,1.284,10.75,1446.55078125,,,,,,,,,,,
grid,cells_25000_g8000,mast,dense,True,bayesglm,condition,1,2,False,4.5,False,True,0-15,1789322954.7896109,export,TOTAL_PROCESS,2.5428590774536133,11.953125,1446.55078125,,1446.55859375,1405.26171875,162.42578125,1284.125,0.0,,,,,
grid,cells_25000_g8000,mast,dense,True,bayesglm,condition,1,2,False,4.5,False,True,0-15,1789322954.7896109,R,read,11.62,11.45,2783.19921875,2562.7,,,,,,,,,,
grid,cells_25000_g8000,mast,dense,True,bayesglm,condition,1,2,False,4.5,False,True,0-15,1789322954.7896109,R,singlecellassay,0.06,0.05,2788.2890625,2611.2,,,,,,,,,,
grid,cells_25000_g8000,mast,dense,True,bayesglm,condition,1,2,False,4.5,False,True,0-15,1789322954.7896109,R,zlm,363.38,364.6,10459.53125,10495.3,,,,,,,,,,
grid,cells_25000_g8000,mast,dense,True,bayesglm,condition,1,2,False,4.5,False,True,0-15,1789322954.7896109,R,lrtest,337.25,336.07,7032.91015625,6953.3,,,,,,,,,,
grid,cells_25000_g8000,mast,dense,True,bayesglm,condition,1,2,False,4.5,False,True,0-15,1789322954.7896109,R,assemble,0.47,0.47,3548.9296875,2957.1,,,,,,,,,,
grid,cells_25000_g8000,mast,dense,True,bayesglm,condition,1,2,False,4.5,False,True,0-15,1789322954.7896109,R,write,0.05,0.03,3041.4140625,2581.4,,,,,,,,,,
grid,cells_25000_g8000,mast,dense,True,bayesglm,condition,1,2,False,4.5,False,True,0-15,1789322954.7896109,R,TOTAL_PROCESS,718.9368057250977,718.53125,10459.53125,,10444.68359375,10529.1796875,722.3671875,9737.1640625,0.0,,assay class after SingleCellAssay: matrix,,,
grid,cells_25000_g8000,mast,dense,True,bayesglm,condition,1,2,False,4.5,False,True,0-15,1789322954.7896109,ALL,TOTAL_RUN,721.4796648025513,730.484375,10459.53125,,10444.68359375,10529.1796875,162.42578125,9737.1640625,0.0,,,7.1734375,14.775,
grid,cells_25000_g8000,duet,,,,condition,1,3,False,7.9,False,True,0-15,1789323678.3374848,duet,read,0.12,0.125,626.6484375,,,,,,,,,,,
grid,cells_25000_g8000,duet,,,,condition,1,3,False,7.9,False,True,0-15,1789323678.3374848,duet,fit_test,0.717,0.703,1326.15625,,,,,,,,,,,
grid,cells_25000_g8000,duet,,,,condition,1,3,False,7.9,False,True,0-15,1789323678.3374848,duet,write,0.084,0.078,493.37890625,,,,,,,,,,,
grid,cells_25000_g8000,duet,,,,condition,1,3,False,7.9,False,True,0-15,1789323678.3374848,duet,TOTAL_PROCESS,2.3624107837677,2.234375,1326.15625,,1361.1328125,1315.3828125,220.69140625,1105.46484375,0.0,,,,,
grid,cells_25000_g8000,duet,,,,condition,1,3,False,7.9,False,True,0-15,1789323678.3374848,ALL,TOTAL_RUN,2.3624107837677,2.234375,1326.15625,,1361.1328125,1315.3828125,220.69140625,1105.46484375,0.0,,,5.0109375,6.3,
grid,cells_25000_g8000,mast,dense,True,bayesglm,condition,1,3,False,2.1,False,True,0-15,1789323682.7075434,export,read,0.119,0.109,660.1171875,,,,,,,,,,,
grid,cells_25000_g8000,mast,dense,True,bayesglm,condition,1,3,False,2.1,False,True,0-15,1789323682.7075434,export,export,1.233,10.828,1446.375,,,,,,,,,,,
grid,cells_25000_g8000,mast,dense,True,bayesglm,condition,1,3,False,2.1,False,True,0-15,1789323682.7075434,export,TOTAL_PROCESS,2.54915189743042,12.0625,1446.375,,1446.40625,1405.3046875,160.5,1285.875,0.0,,,,,
grid,cells_25000_g8000,mast,dense,True,bayesglm,condition,1,3,False,2.1,False,True,0-15,1789323682.7075434,R,read,11.84,11.42,2783.38671875,2562.7,,,,,,,,,,
grid,cells_25000_g8000,mast,dense,True,bayesglm,condition,1,3,False,2.1,False,True,0-15,1789323682.7075434,R,singlecellassay,0.06,0.07,2788.3984375,2611.2,,,,,,,,,,
grid,cells_25000_g8000,mast,dense,True,bayesglm,condition,1,3,False,2.1,False,True,0-15,1789323682.7075434,R,zlm,361.86,361.79,10458.578125,10495.3,,,,,,,,,,
grid,cells_25000_g8000,mast,dense,True,bayesglm,condition,1,3,False,2.1,False,True,0-15,1789323682.7075434,R,lrtest,338.94,336.13,7031.65234375,6953.3,,,,,,,,,,
grid,cells_25000_g8000,mast,dense,True,bayesglm,condition,1,3,False,2.1,False,True,0-15,1789323682.7075434,R,assemble,0.47,0.47,3276.1875,2957.1,,,,,,,,,,
grid,cells_25000_g8000,mast,dense,True,bayesglm,condition,1,3,False,2.1,False,True,0-15,1789323682.7075434,R,write,0.04,0.04,3042.828125,2581.4,,,,,,,,,,
grid,cells_25000_g8000,mast,dense,True,bayesglm,condition,1,3,False,2.1,False,True,0-15,1789323682.7075434,R,TOTAL_PROCESS,719.373655796051,716.03125,10458.578125,,10443.97265625,10529.109375,723.05859375,9735.51953125,0.0,,assay class after SingleCellAssay: matrix,,,
grid,cells_25000_g8000,mast,dense,True,bayesglm,condition,1,3,False,2.1,False,True,0-15,1789323682.7075434,ALL,TOTAL_RUN,721.9228076934814,728.09375,10458.578125,,10443.97265625,10529.109375,160.5,9735.51953125,0.0,,,6.959375000000001,49.825,
grid,cells_25000_g8000,duet,,,,condition,1,4,False,4.6,False,True,0-15,1789324406.7012358,duet,read,0.115,0.125,687.75390625,,,,,,,,,,,
grid,cells_25000_g8000,duet,,,,condition,1,4,False,4.6,False,True,0-15,1789324406.7012358,duet,fit_test,0.707,0.688,1326.3203125,,,,,,,,,,,
grid,cells_25000_g8000,duet,,,,condition,1,4,False,4.6,False,True,0-15,1789324406.7012358,duet,write,0.082,0.078,493.078125,,,,,,,,,,,
grid,cells_25000_g8000,duet,,,,condition,1,4,False,4.6,False,True,0-15,1789324406.7012358,duet,TOTAL_PROCESS,2.314152717590332,2.203125,1326.3203125,,1361.2890625,1315.66015625,187.21875,1139.1015625,0.0,,,,,
grid,cells_25000_g8000,duet,,,,condition,1,4,False,4.6,False,True,0-15,1789324406.7012358,ALL,TOTAL_RUN,2.314152717590332,2.203125,1326.3203125,,1361.2890625,1315.66015625,187.21875,1139.1015625,0.0,,,6.885937500000001,10.5,
grid,cells_25000_g8000,mast,dense,True,bayesglm,condition,1,4,False,2.9,False,True,0-15,1789324411.0220578,export,read,0.117,0.109,601.125,,,,,,,,,,,
grid,cells_25000_g8000,mast,dense,True,bayesglm,condition,1,4,False,2.9,False,True,0-15,1789324411.0220578,export,export,1.216,11.0,1446.66015625,,,,,,,,,,,
grid,cells_25000_g8000,mast,dense,True,bayesglm,condition,1,4,False,2.9,False,True,0-15,1789324411.0220578,export,TOTAL_PROCESS,2.540287971496582,12.25,1446.66015625,,1446.6640625,1405.46875,161.78515625,1284.875,0.0,,,,,
grid,cells_25000_g8000,mast,dense,True,bayesglm,condition,1,4,False,2.9,False,True,0-15,1789324411.0220578,R,read,11.72,11.55,2783.08984375,2562.7,,,,,,,,,,
grid,cells_25000_g8000,mast,dense,True,bayesglm,condition,1,4,False,2.9,False,True,0-15,1789324411.0220578,R,singlecellassay,0.06,0.05,2788.1640625,2611.2,,,,,,,,,,
grid,cells_25000_g8000,mast,dense,True,bayesglm,condition,1,4,False,2.9,False,True,0-15,1789324411.0220578,R,zlm,362.78,362.64,10460.29296875,10495.3,,,,,,,,,,
grid,cells_25000_g8000,mast,dense,True,bayesglm,condition,1,4,False,2.9,False,True,0-15,1789324411.0220578,R,lrtest,338.02,336.12,7034.44140625,6953.3,,,,,,,,,,
grid,cells_25000_g8000,mast,dense,True,bayesglm,condition,1,4,False,2.9,False,True,0-15,1789324411.0220578,R,assemble,0.47,0.48,3548.2265625,2957.1,,,,,,,,,,
grid,cells_25000_g8000,mast,dense,True,bayesglm,condition,1,4,False,2.9,False,True,0-15,1789324411.0220578,R,write,0.03,0.04,3040.95703125,2581.4,,,,,,,,,,
grid,cells_25000_g8000,mast,dense,True,bayesglm,condition,1,4,False,2.9,False,True,0-15,1789324411.0220578,R,TOTAL_PROCESS,719.2661075592041,716.953125,10460.29296875,,10445.9375,10529.66796875,722.69140625,9737.6015625,0.0,,assay class after SingleCellAssay: matrix,,,
grid,cells_25000_g8000,mast,dense,True,bayesglm,condition,1,4,False,2.9,False,True,0-15,1789324411.0220578,ALL,TOTAL_RUN,721.8063955307007,729.203125,10460.29296875,,10445.9375,10529.66796875,161.78515625,9737.6015625,0.0,,,7.893750000000001,13.728125,
grid,cells_25000_g8000,duet,,,,condition,1,5,False,3.4,False,True,0-15,1789325134.8993006,duet,read,0.113,0.109,631.67578125,,,,,,,,,,,
grid,cells_25000_g8000,duet,,,,condition,1,5,False,3.4,False,True,0-15,1789325134.8993006,duet,fit_test,0.702,0.703,1326.44140625,,,,,,,,,,,
grid,cells_25000_g8000,duet,,,,condition,1,5,False,3.4,False,True,0-15,1789325134.8993006,duet,write,0.082,0.094,489.07421875,,,,,,,,,,,
grid,cells_25000_g8000,duet,,,,condition,1,5,False,3.4,False,True,0-15,1789325134.8993006,duet,TOTAL_PROCESS,2.3009791374206543,2.15625,1326.44140625,,1361.4140625,1315.72265625,209.32421875,1117.1171875,0.0,,,,,
grid,cells_25000_g8000,duet,,,,condition,1,5,False,3.4,False,True,0-15,1789325134.8993006,ALL,TOTAL_RUN,2.3009791374206543,2.15625,1326.44140625,,1361.4140625,1315.72265625,209.32421875,1117.1171875,0.0,,,6.5375,10.0,
grid,cells_25000_g8000,mast,dense,True,bayesglm,condition,1,5,False,3.9,False,True,0-15,1789325139.2077596,export,read,0.116,0.125,634.5078125,,,,,,,,,,,
grid,cells_25000_g8000,mast,dense,True,bayesglm,condition,1,5,False,3.9,False,True,0-15,1789325139.2077596,export,export,1.219,11.234,1446.0078125,,,,,,,,,,,
grid,cells_25000_g8000,mast,dense,True,bayesglm,condition,1,5,False,3.9,False,True,0-15,1789325139.2077596,export,TOTAL_PROCESS,2.555482625961304,12.484375,1446.0078125,,1446.01171875,1405.265625,159.6328125,1286.375,0.0,,,,,
grid,cells_25000_g8000,mast,dense,True,bayesglm,condition,1,5,False,3.9,False,True,0-15,1789325139.2077596,R,read,11.77,11.66,2783.046875,2562.7,,,,,,,,,,
grid,cells_25000_g8000,mast,dense,True,bayesglm,condition,1,5,False,3.9,False,True,0-15,1789325139.2077596,R,singlecellassay,0.06,0.06,2788.23828125,2611.2,,,,,,,,,,
grid,cells_25000_g8000,mast,dense,True,bayesglm,condition,1,5,False,3.9,False,True,0-15,1789325139.2077596,R,zlm,362.73,362.82,10457.953125,10495.3,,,,,,,,,,
grid,cells_25000_g8000,mast,dense,True,bayesglm,condition,1,5,False,3.9,False,True,0-15,1789325139.2077596,R,lrtest,336.87,334.76,7032.28125,6953.3,,,,,,,,,,
grid,cells_25000_g8000,mast,dense,True,bayesglm,condition,1,5,False,3.9,False,True,0-15,1789325139.2077596,R,assemble,0.47,0.44,3550.41796875,2957.1,,,,,,,,,,
grid,cells_25000_g8000,mast,dense,True,bayesglm,condition,1,5,False,3.9,False,True,0-15,1789325139.2077596,R,write,0.03,0.05,3040.6875,2581.4,,,,,,,,,,
grid,cells_25000_g8000,mast,dense,True,bayesglm,condition,1,5,False,3.9,False,True,0-15,1789325139.2077596,R,TOTAL_PROCESS,718.0949137210846,715.765625,10457.953125,,10447.2109375,10531.9296875,722.9921875,9734.9609375,0.0,,assay class after SingleCellAssay: matrix,,,
grid,cells_25000_g8000,mast,dense,True,bayesglm,condition,1,5,False,3.9,False,True,0-15,1789325139.2077596,ALL,TOTAL_RUN,720.6503963470459,728.25,10457.953125,,10447.2109375,10531.9296875,159.6328125,9734.9609375,0.0,,,5.9703125,13.025000000000002,
grid,cells_25000_g8000,duet,,,,condition,1,6,False,4.8,False,True,0-15,1789325861.928438,duet,read,0.113,0.109,692.875,,,,,,,,,,,
grid,cells_25000_g8000,duet,,,,condition,1,6,False,4.8,False,True,0-15,1789325861.928438,duet,fit_test,0.71,0.703,1326.46484375,,,,,,,,,,,
grid,cells_25000_g8000,duet,,,,condition,1,6,False,4.8,False,True,0-15,1789325861.928438,duet,write,0.083,0.094,486.72265625,,,,,,,,,,,
grid,cells_25000_g8000,duet,,,,condition,1,6,False,4.8,False,True,0-15,1789325861.928438,duet,TOTAL_PROCESS,2.2708749771118164,2.203125,1326.46484375,,1361.43359375,1315.78125,187.55078125,1138.9140625,0.0,,,,,
grid,cells_25000_g8000,duet,,,,condition,1,6,False,4.8,False,True,0-15,1789325861.928438,ALL,TOTAL_RUN,2.2708749771118164,2.203125,1326.46484375,,1361.43359375,1315.78125,187.55078125,1138.9140625,0.0,,,5.584375,6.4,
grid,cells_25000_g8000,mast,dense,True,bayesglm,condition,1,6,False,3.7,False,True,0-15,1789325866.2066522,export,read,0.116,0.125,664.6796875,,,,,,,,,,,
grid,cells_25000_g8000,mast,dense,True,bayesglm,condition,1,6,False,3.7,False,True,0-15,1789325866.2066522,export,export,1.303,10.906,1446.77734375,,,,,,,,,,,
grid,cells_25000_g8000,mast,dense,True,bayesglm,condition,1,6,False,3.7,False,True,0-15,1789325866.2066522,export,TOTAL_PROCESS,2.6073038578033447,12.140625,1446.77734375,,1446.77734375,1405.81640625,160.03515625,1286.7421875,0.0,,,,,
grid,cells_25000_g8000,mast,dense,True,bayesglm,condition,1,6,False,3.7,False,True,0-15,1789325866.2066522,R,read,11.77,11.69,2783.7109375,2562.7,,,,,,,,,,
grid,cells_25000_g8000,mast,dense,True,bayesglm,condition,1,6,False,3.7,False,True,0-15,1789325866.2066522,R,singlecellassay,0.06,0.06,2788.74609375,2611.2,,,,,,,,,,
grid,cells_25000_g8000,mast,dense,True,bayesglm,condition,1,6,False,3.7,False,True,0-15,1789325866.2066522,R,zlm,356.69,357.41,10458.125,10495.3,,,,,,,,,,
grid,cells_25000_g8000,mast,dense,True,bayesglm,condition,1,6,False,3.7,False,True,0-15,1789325866.2066522,R,lrtest,326.67,326.3,7032.15625,6953.3,,,,,,,,,,
grid,cells_25000_g8000,mast,dense,True,bayesglm,condition,1,6,False,3.7,False,True,0-15,1789325866.2066522,R,assemble,0.47,0.45,3264.8203125,2957.1,,,,,,,,,,
grid,cells_25000_g8000,mast,dense,True,bayesglm,condition,1,6,False,3.7,False,True,0-15,1789325866.2066522,R,write,0.03,0.05,3041.37890625,2581.4,,,,,,,,,,
grid,cells_25000_g8000,mast,dense,True,bayesglm,condition,1,6,False,3.7,False,True,0-15,1789325866.2066522,R,TOTAL_PROCESS,701.5464098453522,701.953125,10458.125,,10444.8046875,10529.60546875,722.03125,9736.09375,0.0,,assay class after SingleCellAssay: matrix,,,
grid,cells_25000_g8000,mast,dense,True,bayesglm,condition,1,6,False,3.7,False,True,0-15,1789325866.2066522,ALL,TOTAL_RUN,704.1537137031555,714.09375,10458.125,,10444.8046875,10529.60546875,160.03515625,9736.09375,0.0,,,6.932812499999999,54.321875,
grid,cells_50000_g8000,duet,,,,condition,1,1,True,6.3,False,True,0-15,1789326572.4489613,duet,read,0.219,0.219,945.02734375,,,,,,,,,,,
grid,cells_50000_g8000,duet,,,,condition,1,1,True,6.3,False,True,0-15,1789326572.4489613,duet,fit_test,1.375,1.344,2442.359375,,,,,,,,,,,
grid,cells_50000_g8000,duet,,,,condition,1,1,True,6.3,False,True,0-15,1789326572.4489613,duet,write,0.082,0.078,778.48828125,,,,,,,,,,,
grid,cells_50000_g8000,duet,,,,condition,1,1,True,6.3,False,True,0-15,1789326572.4489613,duet,TOTAL_PROCESS,3.0576610565185547,2.9375,2442.359375,,2512.1875,2469.046875,187.1953125,2255.1640625,0.0,,,,,
grid,cells_50000_g8000,duet,,,,condition,1,1,True,6.3,False,True,0-15,1789326572.4489613,ALL,TOTAL_RUN,3.0576610565185547,2.9375,2442.359375,,2512.1875,2469.046875,187.1953125,2255.1640625,0.0,,,6.635937500000001,8.8,
grid,cells_50000_g8000,mast,dense,True,bayesglm,condition,1,1,True,5.7,False,True,0-15,1789326577.5132384,export,read,0.22,0.203,1037.71875,,,,,,,,,,,
grid,cells_50000_g8000,mast,dense,True,bayesglm,condition,1,1,True,5.7,False,True,0-15,1789326577.5132384,export,export,2.446,22.172,2703.484375,,,,,,,,,,,
grid,cells_50000_g8000,mast,dense,True,bayesglm,condition,1,1,True,5.7,False,True,0-15,1789326577.5132384,export,TOTAL_PROCESS,3.840360641479492,23.484375,2703.484375,,2703.484375,2664.046875,162.14453125,2541.33984375,0.0,,,,,
grid,cells_50000_g8000,mast,dense,True,bayesglm,condition,1,1,True,5.7,False,True,0-15,1789326577.5132384,R,read,22.09,21.64,4870.24609375,4651.8,,,,,,,,,,
grid,cells_50000_g8000,mast,dense,True,bayesglm,condition,1,1,True,5.7,False,True,0-15,1789326577.5132384,R,singlecellassay,0.05,0.06,4877.5703125,4702.4,,,,,,,,,,
grid,cells_50000_g8000,mast,dense,True,bayesglm,condition,1,1,True,5.7,False,True,0-15,1789326577.5132384,R,zlm,683.66,691.61,20173.171875,20093.9,,,,,,,,,,
grid,cells_50000_g8000,mast,dense,True,bayesglm,condition,1,1,True,5.7,False,True,0-15,1789326577.5132384,R,lrtest,630.89,632.37,13193.5625,13099.5,,,,,,,,,,
grid,cells_50000_g8000,mast,dense,True,bayesglm,condition,1,1,True,5.7,False,True,0-15,1789326577.5132384,R,assemble,0.52,0.57,5861.796875,5050.2,,,,,,,,,,
grid,cells_50000_g8000,mast,dense,True,bayesglm,condition,1,1,True,5.7,False,True,0-15,1789326577.5132384,R,write,0.06,0.03,5263.6953125,4675.9,,,,,,,,,,
grid,cells_50000_g8000,mast,dense,True,bayesglm,condition,1,1,True,5.7,False,True,0-15,1789326577.5132384,R,TOTAL_PROCESS,1345.5644483566284,1352.5,20173.171875,,20158.36328125,20301.05078125,714.50390625,19458.66796875,0.0,,assay class after SingleCellAssay: matrix,,,
grid,cells_50000_g8000,mast,dense,True,bayesglm,condition,1,1,True,5.7,False,True,0-15,1789326577.5132384,ALL,TOTAL_RUN,1349.404808998108,1375.984375,20173.171875,,20158.36328125,20301.05078125,162.14453125,19458.66796875,0.0,,,6.367623299319728,68.825,
grid,cells_50000_g8000,duet,,,,condition,1,2,True,7.5,False,True,0-15,1789367211.0788956,duet,read,3.318,0.266,1021.52734375,,,,,,,,,,,
grid,cells_50000_g8000,duet,,,,condition,1,2,True,7.5,False,True,0-15,1789367211.0788956,duet,fit_test,1.387,1.375,2440.13671875,,,,,,,,,,,
grid,cells_50000_g8000,duet,,,,condition,1,2,True,7.5,False,True,0-15,1789367211.0788956,duet,write,0.103,0.062,776.47265625,,,,,,,,,,,
grid,cells_50000_g8000,duet,,,,condition,1,2,True,7.5,False,True,0-15,1789367211.0788956,duet,TOTAL_PROCESS,9.065749883651732,3.40625,2440.13671875,,2509.96875,2466.36328125,186.46875,2253.66796875,0.0,,,,,
grid,cells_50000_g8000,duet,,,,condition,1,2,True,7.5,False,True,0-15,1789367211.0788956,ALL,TOTAL_RUN,9.065749883651732,3.40625,2440.13671875,,2509.96875,2466.36328125,186.46875,2253.66796875,0.0,,,10.54921875,13.5,
grid,cells_50000_g8000,mast,dense,True,bayesglm,condition,1,2,True,7.4,False,True,0-15,1789367222.1823988,export,read,0.198,0.203,1038.18359375,,,,,,,,,,,
grid,cells_50000_g8000,mast,dense,True,bayesglm,condition,1,2,True,7.4,False,True,0-15,1789367222.1823988,export,export,2.492,21.109,2703.25390625,,,,,,,,,,,
grid,cells_50000_g8000,mast,dense,True,bayesglm,condition,1,2,True,7.4,False,True,0-15,1789367222.1823988,export,TOTAL_PROCESS,3.986934185028076,22.5625,2703.25390625,,2703.25390625,2663.93359375,171.203125,2532.05078125,0.0,,,,,
grid,cells_50000_g8000,mast,dense,True,bayesglm,condition,1,2,True,7.4,False,True,0-15,1789367222.1823988,R,read,22.03,21.78,4871.58203125,4651.8,,,,,,,,,,
grid,cells_50000_g8000,mast,dense,True,bayesglm,condition,1,2,True,7.4,False,True,0-15,1789367222.1823988,R,singlecellassay,0.06,0.04,4878.3046875,4702.4,,,,,,,,,,
grid,cells_50000_g8000,mast,dense,True,bayesglm,condition,1,2,True,7.4,False,True,0-15,1789367222.1823988,R,zlm,691.03,704.58,20179.93359375,20093.9,,,,,,,,,,
grid,cells_50000_g8000,mast,dense,True,bayesglm,condition,1,2,True,7.4,False,True,0-15,1789367222.1823988,R,lrtest,643.25,649.38,13196.05078125,13099.5,,,,,,,,,,
grid,cells_50000_g8000,mast,dense,True,bayesglm,condition,1,2,True,7.4,False,True,0-15,1789367222.1823988,R,assemble,0.47,0.5,5865.4140625,5050.2,,,,,,,,,,
grid,cells_50000_g8000,mast,dense,True,bayesglm,condition,1,2,True,7.4,False,True,0-15,1789367222.1823988,R,write,0.05,0.05,5265.31640625,4675.9,,,,,,,,,,
grid,cells_50000_g8000,mast,dense,True,bayesglm,condition,1,2,True,7.4,False,True,0-15,1789367222.1823988,R,TOTAL_PROCESS,1364.207780122757,1382.625,20179.93359375,,20165.2578125,20304.56640625,720.8359375,19459.09765625,0.0,,assay class after SingleCellAssay: matrix,,,
grid,cells_50000_g8000,mast,dense,True,bayesglm,condition,1,2,True,7.4,False,True,0-15,1789367222.1823988,ALL,TOTAL_RUN,1368.194714307785,1405.1875,20179.93359375,,20165.2578125,20304.56640625,171.203125,19459.09765625,0.0,,,10.4125,60.721875,
grid,cells_50000_g8000,duet,,,,condition,1,3,False,9.0,False,True,0-15,1789368592.483019,duet,read,0.211,0.219,1064.28125,,,,,,,,,,,
grid,cells_50000_g8000,duet,,,,condition,1,3,False,9.0,False,True,0-15,1789368592.483019,duet,fit_test,1.447,1.438,2442.5625,,,,,,,,,,,
grid,cells_50000_g8000,duet,,,,condition,1,3,False,9.0,False,True,0-15,1789368592.483019,duet,write,0.087,0.078,778.8828125,,,,,,,,,,,
grid,cells_50000_g8000,duet,,,,condition,1,3,False,9.0,False,True,0-15,1789368592.483019,duet,TOTAL_PROCESS,3.297104358673096,3.171875,2442.5625,,2512.39453125,2469.65234375,188.41796875,2254.14453125,0.0,,,,,
grid,cells_50000_g8000,duet,,,,condition,1,3,False,9.0,False,True,0-15,1789368592.483019,ALL,TOTAL_RUN,3.297104358673096,3.171875,2442.5625,,2512.39453125,2469.65234375,188.41796875,2254.14453125,0.0,,,9.948958333333334,11.7,
grid,cells_50000_g8000,mast,dense,True,bayesglm,condition,1,3,False,8.6,False,True,0-15,1789368597.7904828,export,read,0.215,0.219,932.80859375,,,,,,,,,,,
grid,cells_50000_g8000,mast,dense,True,bayesglm,condition,1,3,False,8.6,False,True,0-15,1789368597.7904828,export,export,2.651,22.547,2703.33984375,,,,,,,,,,,
grid,cells_50000_g8000,mast,dense,True,bayesglm,condition,1,3,False,8.6,False,True,0-15,1789368597.7904828,export,TOTAL_PROCESS,4.189258098602295,24.0625,2703.33984375,,2703.33984375,2664.171875,178.8359375,2524.50390625,0.0,,,,,
grid,cells_50000_g8000,mast,dense,True,bayesglm,condition,1,3,False,8.6,False,True,0-15,1789368597.7904828,R,read,22.32,21.78,4871.4375,4651.8,,,,,,,,,,
grid,cells_50000_g8000,mast,dense,True,bayesglm,condition,1,3,False,8.6,False,True,0-15,1789368597.7904828,R,singlecellassay,0.07,0.06,4878.125,4702.4,,,,,,,,,,
grid,cells_50000_g8000,mast,dense,True,bayesglm,condition,1,3,False,8.6,False,True,0-15,1789368597.7904828,R,zlm,704.89,713.47,20164.18359375,20093.9,,,,,,,,,,
grid,cells_50000_g8000,mast,dense,True,bayesglm,condition,1,3,False,8.6,False,True,0-15,1789368597.7904828,R,lrtest,646.45,648.39,13193.69140625,13099.5,,,,,,,,,,
grid,cells_50000_g8000,mast,dense,True,bayesglm,condition,1,3,False,8.6,False,True,0-15,1789368597.7904828,R,assemble,0.47,0.5,5859.015625,5050.2,,,,,,,,,,
grid,cells_50000_g8000,mast,dense,True,bayesglm,condition,1,3,False,8.6,False,True,0-15,1789368597.7904828,R,write,0.04,0.04,5263.71875,4675.9,,,,,,,,,,
grid,cells_50000_g8000,mast,dense,True,bayesglm,condition,1,3,False,8.6,False,True,0-15,1789368597.7904828,R,TOTAL_PROCESS,1380.515923500061,1390.375,20164.18359375,,20155.32421875,20300.01171875,721.46875,19442.71484375,0.0,,assay class after SingleCellAssay: matrix,,,
grid,cells_50000_g8000,mast,dense,True,bayesglm,condition,1,3,False,8.6,False,True,0-15,1789368597.7904828,ALL,TOTAL_RUN,1384.705181598663,1414.4375,20164.18359375,,20155.32421875,20300.01171875,178.8359375,19442.71484375,0.0,,,11.01875,56.725,
grid,cells_50000_g8000,duet,,,,condition,1,4,False,7.3,False,True,0-15,1789369984.6437235,duet,read,0.209,0.219,1064.02734375,,,,,,,,,,,
grid,cells_50000_g8000,duet,,,,condition,1,4,False,7.3,False,True,0-15,1789369984.6437235,duet,fit_test,1.441,1.406,2470.40625,,,,,,,,,,,
grid,cells_50000_g8000,duet,,,,condition,1,4,False,7.3,False,True,0-15,1789369984.6437235,duet,write,0.084,0.078,778.28515625,,,,,,,,,,,
grid,cells_50000_g8000,duet,,,,condition,1,4,False,7.3,False,True,0-15,1789369984.6437235,duet,TOTAL_PROCESS,3.2504122257232666,3.171875,2470.40625,,2512.26953125,2469.42578125,187.26171875,2283.14453125,0.0,,,,,
grid,cells_50000_g8000,duet,,,,condition,1,4,False,7.3,False,True,0-15,1789369984.6437235,ALL,TOTAL_RUN,3.2504122257232666,3.171875,2470.40625,,2512.26953125,2469.42578125,187.26171875,2283.14453125,0.0,,,9.9,12.0,
grid,cells_50000_g8000,mast,dense,True,bayesglm,condition,1,4,False,7.0,False,True,0-15,1789369989.9020095,export,read,0.241,0.234,1038.31640625,,,,,,,,,,,
grid,cells_50000_g8000,mast,dense,True,bayesglm,condition,1,4,False,7.0,False,True,0-15,1789369989.9020095,export,export,2.67,21.812,2703.98046875,,,,,,,,,,,
grid,cells_50000_g8000,mast,dense,True,bayesglm,condition,1,4,False,7.0,False,True,0-15,1789369989.9020095,export,TOTAL_PROCESS,4.317911386489868,23.34375,2703.98046875,,2703.98046875,2664.77734375,189.85546875,2514.125,0.0,,,,,
grid,cells_50000_g8000,mast,dense,True,bayesglm,condition,1,4,False,7.0,False,True,0-15,1789369989.9020095,R,read,22.21,21.61,4871.44140625,4651.8,,,,,,,,,,
grid,cells_50000_g8000,mast,dense,True,bayesglm,condition,1,4,False,7.0,False,True,0-15,1789369989.9020095,R,singlecellassay,0.07,0.05,4878.265625,4702.4,,,,,,,,,,
grid,cells_50000_g8000,mast,dense,True,bayesglm,condition,1,4,False,7.0,False,True,0-15,1789369989.9020095,R,zlm,700.5,709.67,20169.6328125,20093.9,,,,,,,,,,
grid,cells_50000_g8000,mast,dense,True,bayesglm,condition,1,4,False,7.0,False,True,0-15,1789369989.9020095,R,lrtest,632.33,639.2,13193.82421875,13099.5,,,,,,,,,,
grid,cells_50000_g8000,mast,dense,True,bayesglm,condition,1,4,False,7.0,False,True,0-15,1789369989.9020095,R,assemble,0.47,0.44,5264.37890625,5050.2,,,,,,,,,,
grid,cells_50000_g8000,mast,dense,True,bayesglm,condition,1,4,False,7.0,False,True,0-15,1789369989.9020095,R,write,0.04,0.04,5264.49609375,4675.9,,,,,,,,,,
grid,cells_50000_g8000,mast,dense,True,bayesglm,condition,1,4,False,7.0,False,True,0-15,1789369989.9020095,R,TOTAL_PROCESS,1362.1230459213257,1377.5,20169.6328125,,20163.578125,20303.84765625,711.7421875,19457.890625,0.0,,assay class after SingleCellAssay: matrix,,,
grid,cells_50000_g8000,mast,dense,True,bayesglm,condition,1,4,False,7.0,False,True,0-15,1789369989.9020095,ALL,TOTAL_RUN,1366.4409573078156,1400.84375,20169.6328125,,20163.578125,20303.84765625,189.85546875,19457.890625,0.0,,,18.66328125,65.26875,
grid,cells_50000_g8000,duet,,,,condition,1,5,False,10.4,False,True,0-15,1789371358.4720297,duet,read,0.21,0.219,1043.8125,,,,,,,,,,,
grid,cells_50000_g8000,duet,,,,condition,1,5,False,10.4,False,True,0-15,1789371358.4720297,duet,fit_test,1.475,1.453,2442.05078125,,,,,,,,,,,
grid,cells_50000_g8000,duet,,,,condition,1,5,False,10.4,False,True,0-15,1789371358.4720297,duet,write,0.085,0.094,778.41015625,,,,,,,,,,,
grid,cells_50000_g8000,duet,,,,condition,1,5,False,10.4,False,True,0-15,1789371358.4720297,duet,TOTAL_PROCESS,3.338210105895996,3.234375,2442.05078125,,2511.87890625,2468.9921875,229.57421875,2212.4765625,0.0,,,,,
grid,cells_50000_g8000,duet,,,,condition,1,5,False,10.4,False,True,0-15,1789371358.4720297,ALL,TOTAL_RUN,3.338210105895996,3.234375,2442.05078125,,2511.87890625,2468.9921875,229.57421875,2212.4765625,0.0,,,10.330208333333331,12.5,
grid,cells_50000_g8000,mast,dense,True,bayesglm,condition,1,5,False,8.1,False,True,0-15,1789371363.818767,export,read,0.208,0.203,956.1328125,,,,,,,,,,,
grid,cells_50000_g8000,mast,dense,True,bayesglm,condition,1,5,False,8.1,False,True,0-15,1789371363.818767,export,export,2.6,22.875,2703.58203125,,,,,,,,,,,
grid,cells_50000_g8000,mast,dense,True,bayesglm,condition,1,5,False,8.1,False,True,0-15,1789371363.818767,export,TOTAL_PROCESS,4.105140447616577,24.328125,2703.58203125,,2703.58203125,2664.234375,163.06640625,2540.515625,0.0,,,,,
grid,cells_50000_g8000,mast,dense,True,bayesglm,condition,1,5,False,8.1,False,True,0-15,1789371363.818767,R,read,22.12,21.72,4871.328125,4651.8,,,,,,,,,,
grid,cells_50000_g8000,mast,dense,True,bayesglm,condition,1,5,False,8.1,False,True,0-15,1789371363.818767,R,singlecellassay,0.06,0.07,4878.38671875,4702.4,,,,,,,,,,
grid,cells_50000_g8000,mast,dense,True,bayesglm,condition,1,5,False,8.1,False,True,0-15,1789371363.818767,R,zlm,692.77,706.53,20156.1015625,20093.9,,,,,,,,,,
grid,cells_50000_g8000,mast,dense,True,bayesglm,condition,1,5,False,8.1,False,True,0-15,1789371363.818767,R,lrtest,645.6,648.05,13194.10546875,13099.5,,,,,,,,,,
grid,cells_50000_g8000,mast,dense,True,bayesglm,condition,1,5,False,8.1,False,True,0-15,1789371363.818767,R,assemble,0.46,0.48,5862.66015625,5050.2,,,,,,,,,,
grid,cells_50000_g8000,mast,dense,True,bayesglm,condition,1,5,False,8.1,False,True,0-15,1789371363.818767,R,write,0.05,0.03,5263.765625,4675.9,,,,,,,,,,
grid,cells_50000_g8000,mast,dense,True,bayesglm,condition,1,5,False,8.1,False,True,0-15,1789371363.818767,R,TOTAL_PROCESS,1367.4452056884766,1383.21875,20156.1015625,,20157.33984375,20301.03515625,711.703125,19444.3984375,0.0,,assay class after SingleCellAssay: matrix,,,
grid,cells_50000_g8000,mast,dense,True,bayesglm,condition,1,5,False,8.1,False,True,0-15,1789371363.818767,ALL,TOTAL_RUN,1371.5503461360931,1407.546875,20156.1015625,,20157.33984375,20301.03515625,163.06640625,19444.3984375,0.0,,,10.35234375,16.54375,
grid,cells_50000_g8000,duet,,,,condition,1,6,False,8.3,False,True,0-15,1789372737.502638,duet,read,0.212,0.188,1064.1015625,,,,,,,,,,,
grid,cells_50000_g8000,duet,,,,condition,1,6,False,8.3,False,True,0-15,1789372737.502638,duet,fit_test,1.438,1.438,2488.23828125,,,,,,,,,,,
grid,cells_50000_g8000,duet,,,,condition,1,6,False,8.3,False,True,0-15,1789372737.502638,duet,write,0.084,0.094,778.6875,,,,,,,,,,,
grid,cells_50000_g8000,duet,,,,condition,1,6,False,8.3,False,True,0-15,1789372737.502638,duet,TOTAL_PROCESS,3.274522304534912,3.171875,2488.23828125,,2512.23828125,2469.3828125,187.57421875,2300.6640625,0.0,,,,,
grid,cells_50000_g8000,duet,,,,condition,1,6,False,8.3,False,True,0-15,1789372737.502638,ALL,TOTAL_RUN,3.274522304534912,3.171875,2488.23828125,,2512.23828125,2469.3828125,187.57421875,2300.6640625,0.0,,,10.866666666666667,12.8,
grid,cells_50000_g8000,mast,dense,True,bayesglm,condition,1,6,False,7.3,False,True,0-15,1789372742.7857444,export,read,0.212,0.203,987.2421875,,,,,,,,,,,
grid,cells_50000_g8000,mast,dense,True,bayesglm,condition,1,6,False,7.3,False,True,0-15,1789372742.7857444,export,export,2.545,22.094,2703.4921875,,,,,,,,,,,
grid,cells_50000_g8000,mast,dense,True,bayesglm,condition,1,6,False,7.3,False,True,0-15,1789372742.7857444,export,TOTAL_PROCESS,4.090021848678589,23.625,2703.4921875,,2703.4921875,2664.1484375,184.63671875,2518.85546875,0.0,,,,,
grid,cells_50000_g8000,mast,dense,True,bayesglm,condition,1,6,False,7.3,False,True,0-15,1789372742.7857444,R,read,22.16,21.65,4871.44921875,4651.8,,,,,,,,,,
grid,cells_50000_g8000,mast,dense,True,bayesglm,condition,1,6,False,7.3,False,True,0-15,1789372742.7857444,R,singlecellassay,0.07,0.06,4878.24609375,4702.4,,,,,,,,,,
grid,cells_50000_g8000,mast,dense,True,bayesglm,condition,1,6,False,7.3,False,True,0-15,1789372742.7857444,R,zlm,704.92,711.91,20176.5703125,20093.9,,,,,,,,,,
grid,cells_50000_g8000,mast,dense,True,bayesglm,condition,1,6,False,7.3,False,True,0-15,1789372742.7857444,R,lrtest,649.39,651.37,13193.73046875,13099.5,,,,,,,,,,
grid,cells_50000_g8000,mast,dense,True,bayesglm,condition,1,6,False,7.3,False,True,0-15,1789372742.7857444,R,assemble,0.98,0.52,5860.74609375,5050.2,,,,,,,,,,
grid,cells_50000_g8000,mast,dense,True,bayesglm,condition,1,6,False,7.3,False,True,0-15,1789372742.7857444,R,write,0.06,0.07,5264.5078125,4675.9,,,,,,,,,,
grid,cells_50000_g8000,mast,dense,True,bayesglm,condition,1,6,False,7.3,False,True,0-15,1789372742.7857444,R,TOTAL_PROCESS,1384.1130800247192,1392.09375,20176.5703125,,20162.90625,20303.09765625,710.81640625,19465.75390625,0.0,,assay class after SingleCellAssay: matrix,,,
grid,cells_50000_g8000,mast,dense,True,bayesglm,condition,1,6,False,7.3,False,True,0-15,1789372742.7857444,ALL,TOTAL_RUN,1388.2031018733978,1415.71875,20176.5703125,,20162.90625,20303.09765625,184.63671875,19465.75390625,0.0,,,10.855208333333332,65.871875,
grid,cells_50000_g8000,duet,,,,condition,1,7,False,22.4,False,True,0-15,1789374133.15319,duet,read,0.219,0.234,944.09765625,,,,,,,,,,,
grid,cells_50000_g8000,duet,,,,condition,1,7,False,22.4,False,True,0-15,1789374133.15319,duet,fit_test,1.423,1.422,2471.46875,,,,,,,,,,,
grid,cells_50000_g8000,duet,,,,condition,1,7,False,22.4,False,True,0-15,1789374133.15319,duet,write,0.084,0.062,778.6796875,,,,,,,,,,,
grid,cells_50000_g8000,duet,,,,condition,1,7,False,22.4,False,True,0-15,1789374133.15319,duet,TOTAL_PROCESS,3.4468376636505127,3.265625,2471.46875,,2512.26953125,2469.41015625,193.546875,2277.921875,0.0,,,,,
grid,cells_50000_g8000,duet,,,,condition,1,7,False,22.4,False,True,0-15,1789374133.15319,ALL,TOTAL_RUN,3.4468376636505127,3.265625,2471.46875,,2512.26953125,2469.41015625,193.546875,2277.921875,0.0,,,11.498958333333334,16.1,
grid,cells_50000_g8000,mast,dense,True,bayesglm,condition,1,7,False,9.8,False,True,0-15,1789374138.6083229,export,read,0.213,0.203,1038.48828125,,,,,,,,,,,
grid,cells_50000_g8000,mast,dense,True,bayesglm,condition,1,7,False,9.8,False,True,0-15,1789374138.6083229,export,export,2.583,22.625,2703.7265625,,,,,,,,,,,
grid,cells_50000_g8000,mast,dense,True,bayesglm,condition,1,7,False,9.8,False,True,0-15,1789374138.6083229,export,TOTAL_PROCESS,4.2309935092926025,24.21875,2703.7265625,,2703.7265625,2664.50390625,160.92578125,2542.80078125,0.0,,,,,
grid,cells_50000_g8000,mast,dense,True,bayesglm,condition,1,7,False,9.8,False,True,0-15,1789374138.6083229,R,read,22.7,22.07,4871.46484375,4651.8,,,,,,,,,,
grid,cells_50000_g8000,mast,dense,True,bayesglm,condition,1,7,False,9.8,False,True,0-15,1789374138.6083229,R,singlecellassay,0.07,0.06,4878.3515625,4702.4,,,,,,,,,,
grid,cells_50000_g8000,mast,dense,True,bayesglm,condition,1,7,False,9.8,False,True,0-15,1789374138.6083229,R,zlm,710.53,716.79,20172.44921875,20093.9,,,,,,,,,,
grid,cells_50000_g8000,mast,dense,True,bayesglm,condition,1,7,False,9.8,False,True,0-15,1789374138.6083229,R,lrtest,634.75,636.69,13191.82421875,13099.5,,,,,,,,,,
grid,cells_50000_g8000,mast,dense,True,bayesglm,condition,1,7,False,9.8,False,True,0-15,1789374138.6083229,R,assemble,0.47,0.44,5258.73828125,5050.2,,,,,,,,,,
grid,cells_50000_g8000,mast,dense,True,bayesglm,condition,1,7,False,9.8,False,True,0-15,1789374138.6083229,R,write,0.03,0.04,5258.8515625,4675.9,,,,,,,,,,
grid,cells_50000_g8000,mast,dense,True,bayesglm,condition,1,7,False,9.8,False,True,0-15,1789374138.6083229,R,TOTAL_PROCESS,1375.0563776493073,1382.546875,20172.44921875,,20158.2734375,20300.1640625,718.03125,19454.41796875,0.0,,assay class after SingleCellAssay: matrix,,,
grid,cells_50000_g8000,mast,dense,True,bayesglm,condition,1,7,False,9.8,False,True,0-15,1789374138.6083229,ALL,TOTAL_RUN,1379.2873711586,1406.765625,20172.44921875,,20158.2734375,20300.1640625,160.92578125,19454.41796875,0.0,,,10.8484375,49.871875,
grid,genes_2000_c10000,duet,,,,condition,1,1,True,3.5,False,True,0-15,1789375520.0243108,duet,read,0.229,0.0,279.59765625,,,,,,,,,,,
grid,genes_2000_c10000,duet,,,,condition,1,1,True,3.5,False,True,0-15,1789375520.0243108,duet,fit_test,0.071,0.078,310.79296875,,,,,,,,,,,
grid,genes_2000_c10000,duet,,,,condition,1,1,True,3.5,False,True,0-15,1789375520.0243108,duet,write,0.029,0.031,230.58203125,,,,,,,,,,,
grid,genes_2000_c10000,duet,,,,condition,1,1,True,3.5,False,True,0-15,1789375520.0243108,duet,TOTAL_PROCESS,2.0013620853424072,1.6875,310.79296875,,310.79296875,263.80078125,188.0,122.79296875,0.0,,,,,
grid,genes_2000_c10000,duet,,,,condition,1,1,True,3.5,False,True,0-15,1789375520.0243108,ALL,TOTAL_RUN,2.0013620853424072,1.6875,310.79296875,,310.79296875,263.80078125,188.0,122.79296875,0.0,,,12.1,12.1,
grid,genes_2000_c10000,mast,dense,True,bayesglm,condition,1,1,True,4.8,False,True,0-15,1789375524.0340905,export,read,0.023,0.016,254.984375,,,,,,,,,,,
grid,genes_2000_c10000,mast,dense,True,bayesglm,condition,1,1,True,4.8,False,True,0-15,1789375524.0340905,export,export,0.131,1.125,301.84375,,,,,,,,,,,
grid,genes_2000_c10000,mast,dense,True,bayesglm,condition,1,1,True,4.8,False,True,0-15,1789375524.0340905,export,TOTAL_PROCESS,1.419353485107422,2.359375,301.84375,,301.8671875,260.0,160.83984375,141.00390625,0.0,,,,,
grid,genes_2000_c10000,mast,dense,True,bayesglm,condition,1,1,True,4.8,False,True,0-15,1789375524.0340905,R,read,1.84,1.81,905.359375,684.6,,,,,,,,,,
grid,genes_2000_c10000,mast,dense,True,bayesglm,condition,1,1,True,4.8,False,True,0-15,1789375524.0340905,R,singlecellassay,0.06,0.06,908.38671875,730.9,,,,,,,,,,
grid,genes_2000_c10000,mast,dense,True,bayesglm,condition,1,1,True,4.8,False,True,0-15,1789375524.0340905,R,zlm,37.0,36.6,1581.79296875,1400.0,,,,,,,,,,
grid,genes_2000_c10000,mast,dense,True,bayesglm,condition,1,1,True,4.8,False,True,0-15,1789375524.0340905,R,lrtest,32.7,32.53,1590.44921875,1411.1,,,,,,,,,,
grid,genes_2000_c10000,mast,dense,True,bayesglm,condition,1,1,True,4.8,False,True,0-15,1789375524.0340905,R,assemble,0.13,0.11,1233.234375,854.3,,,,,,,,,,
grid,genes_2000_c10000,mast,dense,True,bayesglm,condition,1,1,True,4.8,False,True,0-15,1789375524.0340905,R,write,0.0,0.01,962.625,694.2,,,,,,,,,,
grid,genes_2000_c10000,mast,dense,True,bayesglm,condition,1,1,True,4.8,False,True,0-15,1789375524.0340905,R,TOTAL_PROCESS,77.55830407142639,76.90625,1590.44921875,,1586.76171875,1627.2734375,722.88671875,867.5625,0.0,,assay class after SingleCellAssay: matrix,,,
grid,genes_2000_c10000,mast,dense,True,bayesglm,condition,1,1,True,4.8,False,True,0-15,1789375524.0340905,ALL,TOTAL_RUN,78.97765755653381,79.265625,1590.44921875,,1586.76171875,1627.2734375,160.83984375,867.5625,0.0,,,8.9,16.825,
grid,genes_2000_c10000,duet,,,,condition,1,2,False,3.5,False,True,0-15,1789375605.0280287,duet,read,0.02,0.031,289.7578125,,,,,,,,,,,
grid,genes_2000_c10000,duet,,,,condition,1,2,False,3.5,False,True,0-15,1789375605.0280287,duet,fit_test,0.065,0.062,289.7578125,,,,,,,,,,,
grid,genes_2000_c10000,duet,,,,condition,1,2,False,3.5,False,True,0-15,1789375605.0280287,duet,write,0.023,0.016,230.44921875,,,,,,,,,,,
grid,genes_2000_c10000,duet,,,,condition,1,2,False,3.5,False,True,0-15,1789375605.0280287,duet,TOTAL_PROCESS,1.5682752132415771,1.53125,289.7578125,,310.9453125,264.20703125,209.7109375,80.046875,0.0,,,,,
grid,genes_2000_c10000,duet,,,,condition,1,2,False,3.5,False,True,0-15,1789375605.0280287,ALL,TOTAL_RUN,1.5682752132415771,1.53125,289.7578125,,310.9453125,264.20703125,209.7109375,80.046875,0.0,,,9.4,9.4,
grid,genes_2000_c10000,mast,dense,True,bayesglm,condition,1,2,False,4.9,False,True,0-15,1789375608.6065924,export,read,0.019,0.016,295.828125,,,,,,,,,,,
grid,genes_2000_c10000,mast,dense,True,bayesglm,condition,1,2,False,4.9,False,True,0-15,1789375608.6065924,export,export,0.132,1.203,302.0390625,,,,,,,,,,,
grid,genes_2000_c10000,mast,dense,True,bayesglm,condition,1,2,False,4.9,False,True,0-15,1789375608.6065924,export,TOTAL_PROCESS,1.419731855392456,2.4375,302.0390625,,302.0390625,259.984375,161.54296875,140.49609375,0.0,,,,,
grid,genes_2000_c10000,mast,dense,True,bayesglm,condition,1,2,False,4.9,False,True,0-15,1789375608.6065924,R,read,1.83,1.82,905.4921875,684.6,,,,,,,,,,
grid,genes_2000_c10000,mast,dense,True,bayesglm,condition,1,2,False,4.9,False,True,0-15,1789375608.6065924,R,singlecellassay,0.06,0.06,908.08203125,730.9,,,,,,,,,,
grid,genes_2000_c10000,mast,dense,True,bayesglm,condition,1,2,False,4.9,False,True,0-15,1789375608.6065924,R,zlm,36.2,35.98,1587.875,1400.0,,,,,,,,,,
grid,genes_2000_c10000,mast,dense,True,bayesglm,condition,1,2,False,4.9,False,True,0-15,1789375608.6065924,R,lrtest,32.74,32.5,1586.140625,1411.1,,,,,,,,,,
grid,genes_2000_c10000,mast,dense,True,bayesglm,condition,1,2,False,4.9,False,True,0-15,1789375608.6065924,R,assemble,0.11,0.11,1236.8203125,854.3,,,,,,,,,,
grid,genes_2000_c10000,mast,dense,True,bayesglm,condition,1,2,False,4.9,False,True,0-15,1789375608.6065924,R,write,0.02,0.0,962.875,694.2,,,,,,,,,,
grid,genes_2000_c10000,mast,dense,True,bayesglm,condition,1,2,False,4.9,False,True,0-15,1789375608.6065924,R,TOTAL_PROCESS,76.63921642303467,76.1875,1587.875,,1577.015625,1617.8515625,722.89453125,864.98046875,0.0,,assay class after SingleCellAssay: matrix,,,
grid,genes_2000_c10000,mast,dense,True,bayesglm,condition,1,2,False,4.9,False,True,0-15,1789375608.6065924,ALL,TOTAL_RUN,78.05894827842712,78.625,1587.875,,1577.015625,1617.8515625,161.54296875,864.98046875,0.0,,,12.8,12.8,
grid,genes_2000_c10000,duet,,,,condition,1,3,False,5.5,False,True,0-15,1789375688.6826217,duet,read,0.019,0.016,280.5546875,,,,,,,,,,,
grid,genes_2000_c10000,duet,,,,condition,1,3,False,5.5,False,True,0-15,1789375688.6826217,duet,fit_test,0.064,0.062,282.62890625,,,,,,,,,,,
grid,genes_2000_c10000,duet,,,,condition,1,3,False,5.5,False,True,0-15,1789375688.6826217,duet,write,0.021,0.016,232.2734375,,,,,,,,,,,
grid,genes_2000_c10000,duet,,,,condition,1,3,False,5.5,False,True,0-15,1789375688.6826217,duet,TOTAL_PROCESS,1.5465795993804932,1.453125,282.62890625,,309.74609375,262.9140625,187.36328125,95.265625,0.0,,,,,
grid,genes_2000_c10000,duet,,,,condition,1,3,False,5.5,False,True,0-15,1789375688.6826217,ALL,TOTAL_RUN,1.5465795993804932,1.453125,282.62890625,,309.74609375,262.9140625,187.36328125,95.265625,0.0,,,10.7,10.7,
grid,genes_2000_c10000,mast,dense,True,bayesglm,condition,1,3,False,8.5,False,True,0-15,1789375692.238309,export,read,0.024,0.031,266.54296875,,,,,,,,,,,
grid,genes_2000_c10000,mast,dense,True,bayesglm,condition,1,3,False,8.5,False,True,0-15,1789375692.238309,export,export,0.14,1.172,301.875,,,,,,,,,,,
grid,genes_2000_c10000,mast,dense,True,bayesglm,condition,1,3,False,8.5,False,True,0-15,1789375692.238309,export,TOTAL_PROCESS,1.6024129390716553,2.546875,301.875,,301.875,260.00390625,167.51953125,134.35546875,0.0,,,,,
grid,genes_2000_c10000,mast,dense,True,bayesglm,condition,1,3,False,8.5,False,True,0-15,1789375692.238309,R,read,1.9,1.84,904.921875,684.6,,,,,,,,,,
grid,genes_2000_c10000,mast,dense,True,bayesglm,condition,1,3,False,8.5,False,True,0-15,1789375692.238309,R,singlecellassay,0.07,0.04,908.8125,730.9,,,,,,,,,,
grid,genes_2000_c10000,mast,dense,True,bayesglm,condition,1,3,False,8.5,False,True,0-15,1789375692.238309,R,zlm,38.2,37.63,1581.8828125,1400.0,,,,,,,,,,
grid,genes_2000_c10000,mast,dense,True,bayesglm,condition,1,3,False,8.5,False,True,0-15,1789375692.238309,R,lrtest,34.59,34.12,1587.40234375,1411.1,,,,,,,,,,
grid,genes_2000_c10000,mast,dense,True,bayesglm,condition,1,3,False,8.5,False,True,0-15,1789375692.238309,R,assemble,0.12,0.14,1233.578125,854.3,,,,,,,,,,
grid,genes_2000_c10000,mast,dense,True,bayesglm,condition,1,3,False,8.5,False,True,0-15,1789375692.238309,R,write,0.0,0.02,966.36328125,694.2,,,,,,,,,,
grid,genes_2000_c10000,mast,dense,True,bayesglm,condition,1,3,False,8.5,False,True,0-15,1789375692.238309,R,TOTAL_PROCESS,80.83583045005798,79.609375,1587.40234375,,1576.578125,1617.8515625,712.62890625,874.7734375,0.0,,assay class after SingleCellAssay: matrix,,,
grid,genes_2000_c10000,mast,dense,True,bayesglm,condition,1,3,False,8.5,False,True,0-15,1789375692.238309,ALL,TOTAL_RUN,82.43824338912964,82.15625,1587.40234375,,1576.578125,1617.8515625,167.51953125,874.7734375,0.0,,,20.8,25.31875,
grid,genes_2000_c10000,duet,,,,condition,1,4,False,7.3,False,True,0-15,1789375776.6942737,duet,read,0.019,0.016,310.47265625,,,,,,,,,,,
grid,genes_2000_c10000,duet,,,,condition,1,4,False,7.3,False,True,0-15,1789375776.6942737,duet,fit_test,0.065,0.062,310.47265625,,,,,,,,,,,
grid,genes_2000_c10000,duet,,,,condition,1,4,False,7.3,False,True,0-15,1789375776.6942737,duet,write,0.022,0.031,204.109375,,,,,,,,,,,
grid,genes_2000_c10000,duet,,,,condition,1,4,False,7.3,False,True,0-15,1789375776.6942737,duet,TOTAL_PROCESS,1.6441655158996582,1.546875,310.47265625,,310.47265625,263.4453125,189.6953125,120.77734375,0.0,,,,,
grid,genes_2000_c10000,duet,,,,condition,1,4,False,7.3,False,True,0-15,1789375776.6942737,ALL,TOTAL_RUN,1.6441655158996582,1.546875,310.47265625,,310.47265625,263.4453125,189.6953125,120.77734375,0.0,,,14.3,14.3,
grid,genes_2000_c10000,mast,dense,True,bayesglm,condition,1,4,False,8.1,False,True,0-15,1789375780.347898,export,read,0.02,0.031,299.48828125,,,,,,,,,,,
grid,genes_2000_c10000,mast,dense,True,bayesglm,condition,1,4,False,8.1,False,True,0-15,1789375780.347898,export,export,0.125,0.953,301.03125,,,,,,,,,,,
grid,genes_2000_c10000,mast,dense,True,bayesglm,condition,1,4,False,8.1,False,True,0-15,1789375780.347898,export,TOTAL_PROCESS,1.367866277694702,2.15625,301.03125,,301.1484375,259.28515625,167.6171875,133.4140625,0.0,,,,,
grid,genes_2000_c10000,mast,dense,True,bayesglm,condition,1,4,False,8.1,False,True,0-15,1789375780.347898,R,read,1.83,1.84,905.13671875,684.6,,,,,,,,,,
grid,genes_2000_c10000,mast,dense,True,bayesglm,condition,1,4,False,8.1,False,True,0-15,1789375780.347898,R,singlecellassay,0.05,0.06,908.5,730.9,,,,,,,,,,
grid,genes_2000_c10000,mast,dense,True,bayesglm,condition,1,4,False,8.1,False,True,0-15,1789375780.347898,R,zlm,36.89,36.72,1581.9140625,1400.0,,,,,,,,,,
grid,genes_2000_c10000,mast,dense,True,bayesglm,condition,1,4,False,8.1,False,True,0-15,1789375780.347898,R,lrtest,33.17,32.97,1590.37109375,1411.1,,,,,,,,,,
grid,genes_2000_c10000,mast,dense,True,bayesglm,condition,1,4,False,8.1,False,True,0-15,1789375780.347898,R,assemble,0.12,0.11,968.41015625,854.3,,,,,,,,,,
grid,genes_2000_c10000,mast,dense,True,bayesglm,condition,1,4,False,8.1,False,True,0-15,1789375780.347898,R,write,0.02,0.0,968.53125,694.2,,,,,,,,,,
grid,genes_2000_c10000,mast,dense,True,bayesglm,condition,1,4,False,8.1,False,True,0-15,1789375780.347898,R,TOTAL_PROCESS,77.85474872589111,77.4375,1590.37109375,,1579.79296875,1620.80078125,722.51171875,867.859375,0.0,,assay class after SingleCellAssay: matrix,,,
grid,genes_2000_c10000,mast,dense,True,bayesglm,condition,1,4,False,8.1,False,True,0-15,1789375780.347898,ALL,TOTAL_RUN,79.22261500358582,79.59375,1590.37109375,,1579.79296875,1620.80078125,167.6171875,867.859375,0.0,,,11.1,16.021875,
grid,genes_2000_c10000,duet,,,,condition,1,5,False,8.2,False,True,0-15,1789375861.5873635,duet,read,0.021,0.016,294.6796875,,,,,,,,,,,
grid,genes_2000_c10000,duet,,,,condition,1,5,False,8.2,False,True,0-15,1789375861.5873635,duet,fit_test,0.067,0.062,294.6796875,,,,,,,,,,,
grid,genes_2000_c10000,duet,,,,condition,1,5,False,8.2,False,True,0-15,1789375861.5873635,duet,write,0.022,0.016,229.9609375,,,,,,,,,,,
grid,genes_2000_c10000,duet,,,,condition,1,5,False,8.2,False,True,0-15,1789375861.5873635,duet,TOTAL_PROCESS,1.67920184135437,1.59375,294.6796875,,310.6796875,263.6953125,205.0234375,89.65625,0.0,,,,,
grid,genes_2000_c10000,duet,,,,condition,1,5,False,8.2,False,True,0-15,1789375861.5873635,ALL,TOTAL_RUN,1.67920184135437,1.59375,294.6796875,,310.6796875,263.6953125,205.0234375,89.65625,0.0,,,13.8,13.8,
grid,genes_2000_c10000,mast,dense,True,bayesglm,condition,1,5,False,7.8,False,True,0-15,1789375865.2751222,export,read,0.02,0.031,241.1796875,,,,,,,,,,,
grid,genes_2000_c10000,mast,dense,True,bayesglm,condition,1,5,False,7.8,False,True,0-15,1789375865.2751222,export,export,0.127,1.047,301.83984375,,,,,,,,,,,
grid,genes_2000_c10000,mast,dense,True,bayesglm,condition,1,5,False,7.8,False,True,0-15,1789375865.2751222,export,TOTAL_PROCESS,1.4469151496887207,2.34375,301.83984375,,301.9765625,259.9296875,194.82421875,107.015625,0.0,,,,,
grid,genes_2000_c10000,mast,dense,True,bayesglm,condition,1,5,False,7.8,False,True,0-15,1789375865.2751222,R,read,1.84,1.84,905.35546875,684.6,,,,,,,,,,
grid,genes_2000_c10000,mast,dense,True,bayesglm,condition,1,5,False,7.8,False,True,0-15,1789375865.2751222,R,singlecellassay,0.05,0.05,908.11328125,730.9,,,,,,,,,,
grid,genes_2000_c10000,mast,dense,True,bayesglm,condition,1,5,False,7.8,False,True,0-15,1789375865.2751222,R,zlm,36.72,36.33,1583.359375,1400.0,,,,,,,,,,
grid,genes_2000_c10000,mast,dense,True,bayesglm,condition,1,5,False,7.8,False,True,0-15,1789375865.2751222,R,lrtest,33.89,33.37,1590.9140625,1411.1,,,,,,,,,,
grid,genes_2000_c10000,mast,dense,True,bayesglm,condition,1,5,False,7.8,False,True,0-15,1789375865.2751222,R,assemble,0.1,0.12,1233.90625,854.3,,,,,,,,,,
grid,genes_2000_c10000,mast,dense,True,bayesglm,condition,1,5,False,7.8,False,True,0-15,1789375865.2751222,R,write,0.01,0.02,962.73046875,694.2,,,,,,,,,,
grid,genes_2000_c10000,mast,dense,True,bayesglm,condition,1,5,False,7.8,False,True,0-15,1789375865.2751222,R,TOTAL_PROCESS,78.51273226737976,77.5,1590.9140625,,1576.76171875,1617.35546875,712.0703125,878.84375,0.0,,assay class after SingleCellAssay: matrix,,,
grid,genes_2000_c10000,mast,dense,True,bayesglm,condition,1,5,False,7.8,False,True,0-15,1789375865.2751222,ALL,TOTAL_RUN,79.95964741706848,79.84375,1590.9140625,,1576.76171875,1617.35546875,194.82421875,878.84375,0.0,,,10.9,28.321875,
grid,genes_2000_c10000,duet,,,,condition,1,6,False,5.8,False,True,0-15,1789375947.2520514,duet,read,0.02,0.016,282.42578125,,,,,,,,,,,
grid,genes_2000_c10000,duet,,,,condition,1,6,False,5.8,False,True,0-15,1789375947.2520514,duet,fit_test,0.066,0.062,283.14453125,,,,,,,,,,,
grid,genes_2000_c10000,duet,,,,condition,1,6,False,5.8,False,True,0-15,1789375947.2520514,duet,write,0.022,0.031,232.2421875,,,,,,,,,,,
grid,genes_2000_c10000,duet,,,,condition,1,6,False,5.8,False,True,0-15,1789375947.2520514,duet,TOTAL_PROCESS,1.6506843566894531,1.609375,283.14453125,,310.51953125,263.60546875,187.59765625,95.546875,0.0,,,,,
grid,genes_2000_c10000,duet,,,,condition,1,6,False,5.8,False,True,0-15,1789375947.2520514,ALL,TOTAL_RUN,1.6506843566894531,1.609375,283.14453125,,310.51953125,263.60546875,187.59765625,95.546875,0.0,,,10.8,10.8,
grid,genes_2000_c10000,mast,dense,True,bayesglm,condition,1,6,False,10.9,False,True,0-15,1789375950.9114642,export,read,0.02,0.016,297.640625,,,,,,,,,,,
grid,genes_2000_c10000,mast,dense,True,bayesglm,condition,1,6,False,10.9,False,True,0-15,1789375950.9114642,export,export,0.127,1.0,302.0859375,,,,,,,,,,,
grid,genes_2000_c10000,mast,dense,True,bayesglm,condition,1,6,False,10.9,False,True,0-15,1789375950.9114642,export,TOTAL_PROCESS,1.403512954711914,2.234375,302.0859375,,302.0859375,260.05859375,162.796875,139.2890625,0.0,,,,,
grid,genes_2000_c10000,mast,dense,True,bayesglm,condition,1,6,False,10.9,False,True,0-15,1789375950.9114642,R,read,1.83,1.83,905.27734375,684.6,,,,,,,,,,
grid,genes_2000_c10000,mast,dense,True,bayesglm,condition,1,6,False,10.9,False,True,0-15,1789375950.9114642,R,singlecellassay,0.06,0.05,908.109375,730.9,,,,,,,,,,
grid,genes_2000_c10000,mast,dense,True,bayesglm,condition,1,6,False,10.9,False,True,0-15,1789375950.9114642,R,zlm,36.25,36.01,1582.26953125,1400.0,,,,,,,,,,
grid,genes_2000_c10000,mast,dense,True,bayesglm,condition,1,6,False,10.9,False,True,0-15,1789375950.9114642,R,lrtest,32.61,32.41,1595.41015625,1411.1,,,,,,,,,,
grid,genes_2000_c10000,mast,dense,True,bayesglm,condition,1,6,False,10.9,False,True,0-15,1789375950.9114642,R,assemble,0.13,0.12,968.35546875,854.3,,,,,,,,,,
grid,genes_2000_c10000,mast,dense,True,bayesglm,condition,1,6,False,10.9,False,True,0-15,1789375950.9114642,R,write,0.02,0.02,968.4453125,694.2,,,,,,,,,,
grid,genes_2000_c10000,mast,dense,True,bayesglm,condition,1,6,False,10.9,False,True,0-15,1789375950.9114642,R,TOTAL_PROCESS,76.63362002372742,76.109375,1595.41015625,,1580.7734375,1621.46484375,722.7421875,872.66796875,0.0,,assay class after SingleCellAssay: matrix,,,
grid,genes_2000_c10000,mast,dense,True,bayesglm,condition,1,6,False,10.9,False,True,0-15,1789375950.9114642,ALL,TOTAL_RUN,78.03713297843933,78.34375,1595.41015625,,1580.7734375,1621.46484375,162.796875,872.66796875,0.0,,,10.1,19.615625,
grid,genes_8000_c10000,duet,,,,condition,1,1,True,4.9,False,True,0-15,1789376030.964709,duet,read,0.696,0.031,423.53515625,,,,,,,,,,,
grid,genes_8000_c10000,duet,,,,condition,1,1,True,4.9,False,True,0-15,1789376030.964709,duet,fit_test,0.287,0.266,641.76171875,,,,,,,,,,,
grid,genes_8000_c10000,duet,,,,condition,1,1,True,4.9,False,True,0-15,1789376030.964709,duet,write,0.081,0.078,322.9375,,,,,,,,,,,
grid,genes_8000_c10000,duet,,,,condition,1,1,True,4.9,False,True,0-15,1789376030.964709,duet,TOTAL_PROCESS,2.501767873764038,1.71875,641.76171875,,655.6796875,608.9140625,187.921875,453.83984375,0.0,,,,,
grid,genes_8000_c10000,duet,,,,condition,1,1,True,4.9,False,True,0-15,1789376030.964709,ALL,TOTAL_RUN,2.501767873764038,1.71875,641.76171875,,655.6796875,608.9140625,187.921875,453.83984375,0.0,,,8.073437499999999,10.2,
grid,genes_8000_c10000,mast,dense,True,bayesglm,condition,1,1,True,3.9,False,True,0-15,1789376035.4754975,export,read,0.046,0.047,398.30859375,,,,,,,,,,,
grid,genes_8000_c10000,mast,dense,True,bayesglm,condition,1,1,True,3.9,False,True,0-15,1789376035.4754975,export,export,0.479,4.219,686.50390625,,,,,,,,,,,
grid,genes_8000_c10000,mast,dense,True,bayesglm,condition,1,1,True,3.9,False,True,0-15,1789376035.4754975,export,TOTAL_PROCESS,1.7351746559143066,5.484375,686.50390625,,686.5078125,645.15625,205.76171875,480.7421875,0.0,,,,,
grid,genes_8000_c10000,mast,dense,True,bayesglm,condition,1,1,True,3.9,False,True,0-15,1789376035.4754975,R,read,5.63,5.45,1531.68359375,1311.2,,,,,,,,,,
grid,genes_8000_c10000,mast,dense,True,bayesglm,condition,1,1,True,3.9,False,True,0-15,1789376035.4754975,R,singlecellassay,0.05,0.05,1535.47265625,1358.6,,,,,,,,,,
grid,genes_8000_c10000,mast,dense,True,bayesglm,condition,1,1,True,3.9,False,True,0-15,1789376035.4754975,R,zlm,168.55,167.46,4670.08203125,4734.9,,,,,,,,,,
grid,genes_8000_c10000,mast,dense,True,bayesglm,condition,1,1,True,3.9,False,True,0-15,1789376035.4754975,R,lrtest,153.22,151.87,3424.94921875,3277.9,,,,,,,,,,
grid,genes_8000_c10000,mast,dense,True,bayesglm,condition,1,1,True,3.9,False,True,0-15,1789376035.4754975,R,assemble,0.45,0.47,2223.48046875,1703.3,,,,,,,,,,
grid,genes_8000_c10000,mast,dense,True,bayesglm,condition,1,1,True,3.9,False,True,0-15,1789376035.4754975,R,write,0.04,0.05,1846.84375,1326.8,,,,,,,,,,
grid,genes_8000_c10000,mast,dense,True,bayesglm,condition,1,1,True,3.9,False,True,0-15,1789376035.4754975,R,TOTAL_PROCESS,333.9471197128296,331.234375,4670.08203125,,4656.2421875,4712.859375,721.8671875,3948.21484375,0.0,,assay class after SingleCellAssay: matrix,,,
grid,genes_8000_c10000,mast,dense,True,bayesglm,condition,1,1,True,3.9,False,True,0-15,1789376035.4754975,ALL,TOTAL_RUN,335.6822943687439,336.71875,4670.08203125,,4656.2421875,4712.859375,205.76171875,3948.21484375,0.0,,,9.0,21.478125,
grid,genes_8000_c10000,duet,,,,condition,1,2,False,4.8,False,True,0-15,1789376373.194655,duet,read,0.048,0.047,440.52734375,,,,,,,,,,,
grid,genes_8000_c10000,duet,,,,condition,1,2,False,4.8,False,True,0-15,1789376373.194655,duet,fit_test,0.297,0.297,661.48046875,,,,,,,,,,,
grid,genes_8000_c10000,duet,,,,condition,1,2,False,4.8,False,True,0-15,1789376373.194655,duet,write,0.082,0.078,328.7890625,,,,,,,,,,,
grid,genes_8000_c10000,duet,,,,condition,1,2,False,4.8,False,True,0-15,1789376373.194655,duet,TOTAL_PROCESS,1.9345955848693848,1.84375,661.48046875,,662.171875,615.6640625,218.078125,443.40234375,0.0,,,,,
grid,genes_8000_c10000,duet,,,,condition,1,2,False,4.8,False,True,0-15,1789376373.194655,ALL,TOTAL_RUN,1.9345955848693848,1.84375,661.48046875,,662.171875,615.6640625,218.078125,443.40234375,0.0,,,7.7,7.7,
grid,genes_8000_c10000,mast,dense,True,bayesglm,condition,1,2,False,4.5,False,True,0-15,1789376377.1508288,export,read,0.049,0.047,414.64453125,,,,,,,,,,,
grid,genes_8000_c10000,mast,dense,True,bayesglm,condition,1,2,False,4.5,False,True,0-15,1789376377.1508288,export,export,0.485,4.344,686.53515625,,,,,,,,,,,
grid,genes_8000_c10000,mast,dense,True,bayesglm,condition,1,2,False,4.5,False,True,0-15,1789376377.1508288,export,TOTAL_PROCESS,1.816450834274292,5.5,686.53515625,,686.5390625,645.10546875,190.48046875,496.0546875,0.0,,,,,
grid,genes_8000_c10000,mast,dense,True,bayesglm,condition,1,2,False,4.5,False,True,0-15,1789376377.1508288,R,read,5.7,5.55,1532.40234375,1311.2,,,,,,,,,,
grid,genes_8000_c10000,mast,dense,True,bayesglm,condition,1,2,False,4.5,False,True,0-15,1789376377.1508288,R,singlecellassay,0.06,0.05,1535.7734375,1358.6,,,,,,,,,,
grid,genes_8000_c10000,mast,dense,True,bayesglm,condition,1,2,False,4.5,False,True,0-15,1789376377.1508288,R,zlm,171.18,170.49,4670.96484375,4734.9,,,,,,,,,,
grid,genes_8000_c10000,mast,dense,True,bayesglm,condition,1,2,False,4.5,False,True,0-15,1789376377.1508288,R,lrtest,153.36,151.67,3427.65234375,3277.9,,,,,,,,,,
grid,genes_8000_c10000,mast,dense,True,bayesglm,condition,1,2,False,4.5,False,True,0-15,1789376377.1508288,R,assemble,0.45,0.43,1880.73828125,1703.3,,,,,,,,,,
grid,genes_8000_c10000,mast,dense,True,bayesglm,condition,1,2,False,4.5,False,True,0-15,1789376377.1508288,R,write,0.04,0.05,1838.359375,1326.8,,,,,,,,,,
grid,genes_8000_c10000,mast,dense,True,bayesglm,condition,1,2,False,4.5,False,True,0-15,1789376377.1508288,R,TOTAL_PROCESS,336.98671197891235,334.171875,4670.96484375,,4656.890625,4713.4765625,722.6796875,3948.28515625,0.0,,assay class after SingleCellAssay: matrix,,,
grid,genes_8000_c10000,mast,dense,True,bayesglm,condition,1,2,False,4.5,False,True,0-15,1789376377.1508288,ALL,TOTAL_RUN,338.80316281318665,339.671875,4670.96484375,,4656.890625,4713.4765625,190.48046875,3948.28515625,0.0,,,10.4,58.16875,
grid,genes_8000_c10000,duet,,,,condition,1,3,False,4.9,False,True,0-15,1789376717.9910448,duet,read,0.047,0.047,436.421875,,,,,,,,,,,
grid,genes_8000_c10000,duet,,,,condition,1,3,False,4.9,False,True,0-15,1789376717.9910448,duet,fit_test,0.293,0.297,648.8203125,,,,,,,,,,,
grid,genes_8000_c10000,duet,,,,condition,1,3,False,4.9,False,True,0-15,1789376717.9910448,duet,write,0.081,0.078,329.26953125,,,,,,,,,,,
grid,genes_8000_c10000,duet,,,,condition,1,3,False,4.9,False,True,0-15,1789376717.9910448,duet,TOTAL_PROCESS,2.033554553985596,1.875,648.8203125,,662.62109375,616.34375,188.09765625,460.72265625,0.0,,,,,
grid,genes_8000_c10000,duet,,,,condition,1,3,False,4.9,False,True,0-15,1789376717.9910448,ALL,TOTAL_RUN,2.033554553985596,1.875,648.8203125,,662.62109375,616.34375,188.09765625,460.72265625,0.0,,,16.9,16.9,
grid,genes_8000_c10000,mast,dense,True,bayesglm,condition,1,3,False,4.4,False,True,0-15,1789376722.0341473,export,read,0.05,0.047,408.59375,,,,,,,,,,,
grid,genes_8000_c10000,mast,dense,True,bayesglm,condition,1,3,False,4.4,False,True,0-15,1789376722.0341473,export,export,0.487,4.078,686.45703125,,,,,,,,,,,
grid,genes_8000_c10000,mast,dense,True,bayesglm,condition,1,3,False,4.4,False,True,0-15,1789376722.0341473,export,TOTAL_PROCESS,1.813300609588623,5.328125,686.45703125,,686.4609375,645.10546875,162.6953125,523.76171875,0.0,,,,,
grid,genes_8000_c10000,mast,dense,True,bayesglm,condition,1,3,False,4.4,False,True,0-15,1789376722.0341473,R,read,5.67,5.67,1532.5078125,1311.2,,,,,,,,,,
grid,genes_8000_c10000,mast,dense,True,bayesglm,condition,1,3,False,4.4,False,True,0-15,1789376722.0341473,R,singlecellassay,0.06,0.06,1536.02734375,1358.6,,,,,,,,,,
grid,genes_8000_c10000,mast,dense,True,bayesglm,condition,1,3,False,4.4,False,True,0-15,1789376722.0341473,R,zlm,166.52,165.03,4672.515625,4734.9,,,,,,,,,,
grid,genes_8000_c10000,mast,dense,True,bayesglm,condition,1,3,False,4.4,False,True,0-15,1789376722.0341473,R,lrtest,153.35,150.62,3416.98046875,3277.9,,,,,,,,,,
grid,genes_8000_c10000,mast,dense,True,bayesglm,condition,1,3,False,4.4,False,True,0-15,1789376722.0341473,R,assemble,0.53,0.53,2206.16796875,1703.3,,,,,,,,,,
grid,genes_8000_c10000,mast,dense,True,bayesglm,condition,1,3,False,4.4,False,True,0-15,1789376722.0341473,R,write,0.05,0.05,1848.16015625,1326.8,,,,,,,,,,
grid,genes_8000_c10000,mast,dense,True,bayesglm,condition,1,3,False,4.4,False,True,0-15,1789376722.0341473,R,TOTAL_PROCESS,332.37505888938904,328.03125,4672.515625,,4659.62109375,4716.04296875,722.71484375,3949.80078125,0.0,,assay class after SingleCellAssay: matrix,,,
grid,genes_8000_c10000,mast,dense,True,bayesglm,condition,1,3,False,4.4,False,True,0-15,1789376722.0341473,ALL,TOTAL_RUN,334.18835949897766,333.359375,4672.515625,,4659.62109375,4716.04296875,162.6953125,3949.80078125,0.0,,,7.1,14.224999999999998,
grid,genes_8000_c10000,duet,,,,condition,1,4,False,6.2,False,True,0-15,1789377058.3523026,duet,read,0.051,0.047,443.86328125,,,,,,,,,,,
grid,genes_8000_c10000,duet,,,,condition,1,4,False,6.2,False,True,0-15,1789377058.3523026,duet,fit_test,0.299,0.297,648.53125,,,,,,,,,,,
grid,genes_8000_c10000,duet,,,,condition,1,4,False,6.2,False,True,0-15,1789377058.3523026,duet,write,0.092,0.094,328.58984375,,,,,,,,,,,
grid,genes_8000_c10000,duet,,,,condition,1,4,False,6.2,False,True,0-15,1789377058.3523026,duet,TOTAL_PROCESS,2.0595967769622803,1.9375,648.53125,,662.45703125,615.88671875,186.77734375,461.75390625,0.0,,,,,
grid,genes_8000_c10000,duet,,,,condition,1,4,False,6.2,False,True,0-15,1789377058.3523026,ALL,TOTAL_RUN,2.0595967769622803,1.9375,648.53125,,662.45703125,615.88671875,186.77734375,461.75390625,0.0,,,11.7125,15.2,
grid,genes_8000_c10000,mast,dense,True,bayesglm,condition,1,4,False,4.9,False,True,0-15,1789377062.5467217,export,read,0.05,0.047,415.765625,,,,,,,,,,,
grid,genes_8000_c10000,mast,dense,True,bayesglm,condition,1,4,False,4.9,False,True,0-15,1789377062.5467217,export,export,0.529,4.312,686.44140625,,,,,,,,,,,
grid,genes_8000_c10000,mast,dense,True,bayesglm,condition,1,4,False,4.9,False,True,0-15,1789377062.5467217,export,TOTAL_PROCESS,1.9341142177581787,5.65625,686.44140625,,686.4453125,645.03125,192.5859375,493.85546875,0.0,,,,,
grid,genes_8000_c10000,mast,dense,True,bayesglm,condition,1,4,False,4.9,False,True,0-15,1789377062.5467217,R,read,6.3,5.75,1531.7109375,1311.2,,,,,,,,,,
grid,genes_8000_c10000,mast,dense,True,bayesglm,condition,1,4,False,4.9,False,True,0-15,1789377062.5467217,R,singlecellassay,0.06,0.05,1535.67578125,1358.6,,,,,,,,,,
grid,genes_8000_c10000,mast,dense,True,bayesglm,condition,1,4,False,4.9,False,True,0-15,1789377062.5467217,R,zlm,160.07,159.38,4671.68359375,4734.9,,,,,,,,,,
grid,genes_8000_c10000,mast,dense,True,bayesglm,condition,1,4,False,4.9,False,True,0-15,1789377062.5467217,R,lrtest,147.74,146.76,3412.51171875,3277.9,,,,,,,,,,
grid,genes_8000_c10000,mast,dense,True,bayesglm,condition,1,4,False,4.9,False,True,0-15,1789377062.5467217,R,assemble,0.48,0.54,2207.03515625,1703.3,,,,,,,,,,
grid,genes_8000_c10000,mast,dense,True,bayesglm,condition,1,4,False,4.9,False,True,0-15,1789377062.5467217,R,write,0.39,0.03,1847.5,1326.8,,,,,,,,,,
grid,genes_8000_c10000,mast,dense,True,bayesglm,condition,1,4,False,4.9,False,True,0-15,1789377062.5467217,R,TOTAL_PROCESS,321.3742270469665,318.71875,4671.68359375,,4660.61328125,4717.5625,712.3359375,3959.34765625,0.0,,assay class after SingleCellAssay: matrix,,,
grid,genes_8000_c10000,mast,dense,True,bayesglm,condition,1,4,False,4.9,False,True,0-15,1789377062.5467217,ALL,TOTAL_RUN,323.3083412647248,324.375,4671.68359375,,4660.61328125,4717.5625,192.5859375,3959.34765625,0.0,,,8.8,33.46875,
grid,genes_8000_c10000,duet,,,,condition,1,5,False,17.1,False,True,0-15,1789377388.9556744,duet,read,0.048,0.047,424.640625,,,,,,,,,,,
grid,genes_8000_c10000,duet,,,,condition,1,5,False,17.1,False,True,0-15,1789377388.9556744,duet,fit_test,0.298,0.297,648.76953125,,,,,,,,,,,
grid,genes_8000_c10000,duet,,,,condition,1,5,False,17.1,False,True,0-15,1789377388.9556744,duet,write,0.082,0.078,328.16796875,,,,,,,,,,,
grid,genes_8000_c10000,duet,,,,condition,1,5,False,17.1,False,True,0-15,1789377388.9556744,duet,TOTAL_PROCESS,2.077169179916382,2.015625,648.76953125,,662.69921875,616.015625,186.89453125,461.875,0.0,,,,,
grid,genes_8000_c10000,duet,,,,condition,1,5,False,17.1,False,True,0-15,1789377388.9556744,ALL,TOTAL_RUN,2.077169179916382,2.015625,648.76953125,,662.69921875,616.015625,186.89453125,461.875,0.0,,,18.3859375,23.0,
grid,genes_8000_c10000,mast,dense,True,bayesglm,condition,1,5,False,7.8,False,True,0-15,1789377393.1445966,export,read,0.05,0.047,413.9453125,,,,,,,,,,,
grid,genes_8000_c10000,mast,dense,True,bayesglm,condition,1,5,False,7.8,False,True,0-15,1789377393.1445966,export,export,0.491,4.594,686.72265625,,,,,,,,,,,
grid,genes_8000_c10000,mast,dense,True,bayesglm,condition,1,5,False,7.8,False,True,0-15,1789377393.1445966,export,TOTAL_PROCESS,1.910040140151977,5.953125,686.72265625,,686.7265625,645.34375,176.34375,510.37890625,0.0,,,,,
grid,genes_8000_c10000,mast,dense,True,bayesglm,condition,1,5,False,7.8,False,True,0-15,1789377393.1445966,R,read,6.39,5.67,1532.08203125,1311.2,,,,,,,,,,
grid,genes_8000_c10000,mast,dense,True,bayesglm,condition,1,5,False,7.8,False,True,0-15,1789377393.1445966,R,singlecellassay,0.05,0.05,1535.75,1358.6,,,,,,,,,,
grid,genes_8000_c10000,mast,dense,True,bayesglm,condition,1,5,False,7.8,False,True,0-15,1789377393.1445966,R,zlm,159.71,159.84,4674.0390625,4734.9,,,,,,,,,,
grid,genes_8000_c10000,mast,dense,True,bayesglm,condition,1,5,False,7.8,False,True,0-15,1789377393.1445966,R,lrtest,144.67,144.16,3435.6484375,3277.9,,,,,,,,,,
grid,genes_8000_c10000,mast,dense,True,bayesglm,condition,1,5,False,7.8,False,True,0-15,1789377393.1445966,R,assemble,0.45,0.46,2070.265625,1703.3,,,,,,,,,,
grid,genes_8000_c10000,mast,dense,True,bayesglm,condition,1,5,False,7.8,False,True,0-15,1789377393.1445966,R,write,0.04,0.03,1838.453125,1326.8,,,,,,,,,,
grid,genes_8000_c10000,mast,dense,True,bayesglm,condition,1,5,False,7.8,False,True,0-15,1789377393.1445966,R,TOTAL_PROCESS,317.4508833885193,316.28125,4674.0390625,,4661.2109375,4717.24609375,722.1015625,3951.9375,0.0,,assay class after SingleCellAssay: matrix,,,
grid,genes_8000_c10000,mast,dense,True,bayesglm,condition,1,5,False,7.8,False,True,0-15,1789377393.1445966,ALL,TOTAL_RUN,319.36092352867126,322.234375,4674.0390625,,4661.2109375,4717.24609375,176.34375,3951.9375,0.0,,,17.6,27.375,
grid,genes_8000_c10000,duet,,,,condition,1,6,False,9.3,False,True,0-15,1789377714.5427525,duet,read,0.047,0.047,440.9375,,,,,,,,,,,
grid,genes_8000_c10000,duet,,,,condition,1,6,False,9.3,False,True,0-15,1789377714.5427525,duet,fit_test,0.286,0.281,648.92578125,,,,,,,,,,,
grid,genes_8000_c10000,duet,,,,condition,1,6,False,9.3,False,True,0-15,1789377714.5427525,duet,write,0.081,0.078,329.0625,,,,,,,,,,,
grid,genes_8000_c10000,duet,,,,condition,1,6,False,9.3,False,True,0-15,1789377714.5427525,duet,TOTAL_PROCESS,1.930532455444336,1.84375,648.92578125,,662.8515625,616.234375,207.91015625,441.015625,0.0,,,,,
grid,genes_8000_c10000,duet,,,,condition,1,6,False,9.3,False,True,0-15,1789377714.5427525,ALL,TOTAL_RUN,1.930532455444336,1.84375,648.92578125,,662.8515625,616.234375,207.91015625,441.015625,0.0,,,13.1,13.1,
grid,genes_8000_c10000,mast,dense,True,bayesglm,condition,1,6,False,7.2,False,True,0-15,1789377718.4843268,export,read,0.048,0.047,421.1640625,,,,,,,,,,,
grid,genes_8000_c10000,mast,dense,True,bayesglm,condition,1,6,False,7.2,False,True,0-15,1789377718.4843268,export,export,0.486,4.422,686.38671875,,,,,,,,,,,
grid,genes_8000_c10000,mast,dense,True,bayesglm,condition,1,6,False,7.2,False,True,0-15,1789377718.4843268,export,TOTAL_PROCESS,1.7735443115234375,5.640625,686.38671875,,686.390625,644.96484375,160.87890625,525.5078125,0.0,,,,,
grid,genes_8000_c10000,mast,dense,True,bayesglm,condition,1,6,False,7.2,False,True,0-15,1789377718.4843268,R,read,5.77,5.59,1532.125,1311.2,,,,,,,,,,
grid,genes_8000_c10000,mast,dense,True,bayesglm,condition,1,6,False,7.2,False,True,0-15,1789377718.4843268,R,singlecellassay,0.06,0.05,1535.6015625,1358.6,,,,,,,,,,
grid,genes_8000_c10000,mast,dense,True,bayesglm,condition,1,6,False,7.2,False,True,0-15,1789377718.4843268,R,zlm,158.67,159.3,4674.41015625,4734.9,,,,,,,,,,
grid,genes_8000_c10000,mast,dense,True,bayesglm,condition,1,6,False,7.2,False,True,0-15,1789377718.4843268,R,lrtest,143.7,143.82,3415.9921875,3277.9,,,,,,,,,,
grid,genes_8000_c10000,mast,dense,True,bayesglm,condition,1,6,False,7.2,False,True,0-15,1789377718.4843268,R,assemble,0.44,0.43,1880.9921875,1703.3,,,,,,,,,,
grid,genes_8000_c10000,mast,dense,True,bayesglm,condition,1,6,False,7.2,False,True,0-15,1789377718.4843268,R,write,0.04,0.03,1881.109375,1326.8,,,,,,,,,,
grid,genes_8000_c10000,mast,dense,True,bayesglm,condition,1,6,False,7.2,False,True,0-15,1789377718.4843268,R,TOTAL_PROCESS,314.62114119529724,315.21875,4674.41015625,,4660.84765625,4717.51953125,722.27734375,3952.1328125,0.0,,assay class after SingleCellAssay: matrix,,,
grid,genes_8000_c10000,mast,dense,True,bayesglm,condition,1,6,False,7.2,False,True,0-15,1789377718.4843268,ALL,TOTAL_RUN,316.3946855068207,320.859375,4674.41015625,,4660.84765625,4717.51953125,160.87890625,3952.1328125,0.0,,,14.8,17.175,
grid,genes_20000_c10000,duet,,,,condition,1,1,True,8.5,False,True,0-15,1789378036.9142268,duet,read,1.76,0.094,623.18359375,,,,,,,,,,,
grid,genes_20000_c10000,duet,,,,condition,1,1,True,8.5,False,True,0-15,1789378036.9142268,duet,fit_test,0.745,0.766,1323.52734375,,,,,,,,,,,
grid,genes_20000_c10000,duet,,,,condition,1,1,True,8.5,False,True,0-15,1789378036.9142268,duet,write,0.208,0.203,506.3359375,,,,,,,,,,,
grid,genes_20000_c10000,duet,,,,condition,1,1,True,8.5,False,True,0-15,1789378036.9142268,duet,TOTAL_PROCESS,4.220214366912842,2.40625,1323.52734375,,1343.4296875,1297.359375,187.93359375,1135.59375,0.0,,,,,
grid,genes_20000_c10000,duet,,,,condition,1,1,True,8.5,False,True,0-15,1789378036.9142268,ALL,TOTAL_RUN,4.220214366912842,2.40625,1323.52734375,,1343.4296875,1297.359375,187.93359375,1135.59375,0.0,,,10.58828125,14.9,
grid,genes_20000_c10000,mast,dense,True,bayesglm,condition,1,1,True,7.1,False,True,0-15,1789378043.1444938,export,read,0.1,0.109,677.53125,,,,,,,,,,,
grid,genes_20000_c10000,mast,dense,True,bayesglm,condition,1,1,True,7.1,False,True,0-15,1789378043.1444938,export,export,1.198,10.531,1440.99609375,,,,,,,,,,,
grid,genes_20000_c10000,mast,dense,True,bayesglm,condition,1,1,True,7.1,False,True,0-15,1789378043.1444938,export,TOTAL_PROCESS,2.517390489578247,11.75,1440.99609375,,1440.99609375,1400.66796875,198.140625,1242.85546875,0.0,,,,,
grid,genes_20000_c10000,mast,dense,True,bayesglm,condition,1,1,True,7.1,False,True,0-15,1789378043.1444938,R,read,11.56,11.37,2780.0625,2560.1,,,,,,,,,,
grid,genes_20000_c10000,mast,dense,True,bayesglm,condition,1,1,True,7.1,False,True,0-15,1789378043.1444938,R,singlecellassay,0.06,0.04,2785.2265625,2608.7,,,,,,,,,,
grid,genes_20000_c10000,mast,dense,True,bayesglm,condition,1,1,True,7.1,False,True,0-15,1789378043.1444938,R,zlm,424.8,431.98,10604.66015625,10491.9,,,,,,,,,,
grid,genes_20000_c10000,mast,dense,True,bayesglm,condition,1,1,True,7.1,False,True,0-15,1789378043.1444938,R,lrtest,401.08,401.76,7175.94140625,6982.1,,,,,,,,,,
grid,genes_20000_c10000,mast,dense,True,bayesglm,condition,1,1,True,7.1,False,True,0-15,1789378043.1444938,R,assemble,1.18,1.2,3681.88671875,2960.6,,,,,,,,,,
grid,genes_20000_c10000,mast,dense,True,bayesglm,condition,1,1,True,7.1,False,True,0-15,1789378043.1444938,R,write,0.11,0.09,3012.27734375,2584.2,,,,,,,,,,
grid,genes_20000_c10000,mast,dense,True,bayesglm,condition,1,1,True,7.1,False,True,0-15,1789378043.1444938,R,TOTAL_PROCESS,844.9737341403961,852.59375,10604.66015625,,10590.796875,10676.6171875,722.359375,9882.30078125,0.0,,assay class after SingleCellAssay: matrix,,,
grid,genes_20000_c10000,mast,dense,True,bayesglm,condition,1,1,True,7.1,False,True,0-15,1789378043.1444938,ALL,TOTAL_RUN,847.4911246299744,864.34375,10604.66015625,,10590.796875,10676.6171875,198.140625,9882.30078125,0.0,,,11.2515625,61.675,
grid,genes_20000_c10000,duet,,,,condition,1,2,False,7.1,False,True,0-15,1789378892.7150395,duet,read,0.114,0.109,649.12890625,,,,,,,,,,,
grid,genes_20000_c10000,duet,,,,condition,1,2,False,7.1,False,True,0-15,1789378892.7150395,duet,fit_test,0.771,0.766,1339.6875,,,,,,,,,,,
grid,genes_20000_c10000,duet,,,,condition,1,2,False,7.1,False,True,0-15,1789378892.7150395,duet,write,0.206,0.203,507.0703125,,,,,,,,,,,
grid,genes_20000_c10000,duet,,,,condition,1,2,False,7.1,False,True,0-15,1789378892.7150395,duet,TOTAL_PROCESS,2.664773464202881,2.515625,1339.6875,,1355.77734375,1310.3125,186.828125,1152.859375,0.0,,,,,
grid,genes_20000_c10000,duet,,,,condition,1,2,False,7.1,False,True,0-15,1789378892.7150395,ALL,TOTAL_RUN,2.664773464202881,2.515625,1339.6875,,1355.77734375,1310.3125,186.828125,1152.859375,0.0,,,10.9625,13.0,
grid,genes_20000_c10000,mast,dense,True,bayesglm,condition,1,2,False,7.7,False,True,0-15,1789378897.420733,export,read,0.117,0.109,598.96484375,,,,,,,,,,,
grid,genes_20000_c10000,mast,dense,True,bayesglm,condition,1,2,False,7.7,False,True,0-15,1789378897.420733,export,export,1.22,10.688,1441.2265625,,,,,,,,,,,
grid,genes_20000_c10000,mast,dense,True,bayesglm,condition,1,2,False,7.7,False,True,0-15,1789378897.420733,export,TOTAL_PROCESS,2.626314401626587,12.046875,1441.2265625,,1441.2265625,1400.76171875,160.87890625,1280.34765625,0.0,,,,,
grid,genes_20000_c10000,mast,dense,True,bayesglm,condition,1,2,False,7.7,False,True,0-15,1789378897.420733,R,read,11.73,11.57,2780.1953125,2560.1,,,,,,,,,,
grid,genes_20000_c10000,mast,dense,True,bayesglm,condition,1,2,False,7.7,False,True,0-15,1789378897.420733,R,singlecellassay,0.06,0.05,2785.28515625,2608.7,,,,,,,,,,
grid,genes_20000_c10000,mast,dense,True,bayesglm,condition,1,2,False,7.7,False,True,0-15,1789378897.420733,R,zlm,426.34,429.5,10587.265625,10491.9,,,,,,,,,,
grid,genes_20000_c10000,mast,dense,True,bayesglm,condition,1,2,False,7.7,False,True,0-15,1789378897.420733,R,lrtest,397.97,397.39,7169.01171875,6982.1,,,,,,,,,,
grid,genes_20000_c10000,mast,dense,True,bayesglm,condition,1,2,False,7.7,False,True,0-15,1789378897.420733,R,assemble,1.14,1.17,3677.83984375,2960.6,,,,,,,,,,
grid,genes_20000_c10000,mast,dense,True,bayesglm,condition,1,2,False,7.7,False,True,0-15,1789378897.420733,R,write,0.13,0.11,3012.4765625,2584.2,,,,,,,,,,
grid,genes_20000_c10000,mast,dense,True,bayesglm,condition,1,2,False,7.7,False,True,0-15,1789378897.420733,R,TOTAL_PROCESS,843.7351763248444,846.015625,10587.265625,,10574.6796875,10660.99609375,723.296875,9863.96875,0.0,,assay class after SingleCellAssay: matrix,,,
grid,genes_20000_c10000,mast,dense,True,bayesglm,condition,1,2,False,7.7,False,True,0-15,1789378897.420733,ALL,TOTAL_RUN,846.361490726471,858.0625,10587.265625,,10574.6796875,10660.99609375,160.87890625,9863.96875,0.0,,,9.6234375,43.425,
grid,genes_20000_c10000,duet,,,,condition,1,3,False,6.2,False,True,0-15,1789379745.8246992,duet,read,2.196,0.109,686.18359375,,,,,,,,,,,
grid,genes_20000_c10000,duet,,,,condition,1,3,False,6.2,False,True,0-15,1789379745.8246992,duet,fit_test,0.775,0.75,1313.48046875,,,,,,,,,,,
grid,genes_20000_c10000,duet,,,,condition,1,3,False,6.2,False,True,0-15,1789379745.8246992,duet,write,0.203,0.188,508.0625,,,,,,,,,,,
grid,genes_20000_c10000,duet,,,,condition,1,3,False,6.2,False,True,0-15,1789379745.8246992,duet,TOTAL_PROCESS,6.190429210662842,2.71875,1313.48046875,,1347.75390625,1301.78515625,187.28125,1126.19921875,0.0,,,,,
grid,genes_20000_c10000,duet,,,,condition,1,3,False,6.2,False,True,0-15,1789379745.8246992,ALL,TOTAL_RUN,6.190429210662842,2.71875,1313.48046875,,1347.75390625,1301.78515625,187.28125,1126.19921875,0.0,,,8.977083333333333,10.978125,
grid,genes_20000_c10000,mast,dense,True,bayesglm,condition,1,3,False,6.8,False,True,0-15,1789379754.0255556,export,read,0.104,0.094,605.65625,,,,,,,,,,,
grid,genes_20000_c10000,mast,dense,True,bayesglm,condition,1,3,False,6.8,False,True,0-15,1789379754.0255556,export,export,1.28,10.562,1441.0703125,,,,,,,,,,,
grid,genes_20000_c10000,mast,dense,True,bayesglm,condition,1,3,False,6.8,False,True,0-15,1789379754.0255556,export,TOTAL_PROCESS,2.656136274337769,11.84375,1441.0703125,,1441.0703125,1400.77734375,172.32421875,1268.74609375,0.0,,,,,
grid,genes_20000_c10000,mast,dense,True,bayesglm,condition,1,3,False,6.8,False,True,0-15,1789379754.0255556,R,read,11.68,11.48,2780.40234375,2560.1,,,,,,,,,,
grid,genes_20000_c10000,mast,dense,True,bayesglm,condition,1,3,False,6.8,False,True,0-15,1789379754.0255556,R,singlecellassay,0.05,0.06,2785.5546875,2608.7,,,,,,,,,,
grid,genes_20000_c10000,mast,dense,True,bayesglm,condition,1,3,False,6.8,False,True,0-15,1789379754.0255556,R,zlm,436.05,436.7,10587.5625,10491.9,,,,,,,,,,
grid,genes_20000_c10000,mast,dense,True,bayesglm,condition,1,3,False,6.8,False,True,0-15,1789379754.0255556,R,lrtest,403.14,402.0,7152.8828125,6982.1,,,,,,,,,,
grid,genes_20000_c10000,mast,dense,True,bayesglm,condition,1,3,False,6.8,False,True,0-15,1789379754.0255556,R,assemble,1.16,1.17,3680.515625,2960.6,,,,,,,,,,
grid,genes_20000_c10000,mast,dense,True,bayesglm,condition,1,3,False,6.8,False,True,0-15,1789379754.0255556,R,write,0.11,0.11,3167.5234375,2584.2,,,,,,,,,,
grid,genes_20000_c10000,mast,dense,True,bayesglm,condition,1,3,False,6.8,False,True,0-15,1789379754.0255556,R,TOTAL_PROCESS,858.8245630264282,857.765625,10587.5625,,10572.6953125,10658.16796875,723.25,9864.3125,0.0,,assay class after SingleCellAssay: matrix,,,
grid,genes_20000_c10000,mast,dense,True,bayesglm,condition,1,3,False,6.8,False,True,0-15,1789379754.0255556,ALL,TOTAL_RUN,861.480699300766,869.609375,10587.5625,,10572.6953125,10658.16796875,172.32421875,9864.3125,0.0,,,9.825,55.925,
grid,genes_20000_c10000,duet,,,,condition,1,4,False,5.9,False,True,0-15,1789380617.580815,duet,read,0.113,0.109,703.71484375,,,,,,,,,,,
grid,genes_20000_c10000,duet,,,,condition,1,4,False,5.9,False,True,0-15,1789380617.580815,duet,fit_test,0.758,0.766,1321.21484375,,,,,,,,,,,
grid,genes_20000_c10000,duet,,,,condition,1,4,False,5.9,False,True,0-15,1789380617.580815,duet,write,0.2,0.203,505.1015625,,,,,,,,,,,
grid,genes_20000_c10000,duet,,,,condition,1,4,False,5.9,False,True,0-15,1789380617.580815,duet,TOTAL_PROCESS,2.559978008270264,2.46875,1321.21484375,,1355.86328125,1310.57421875,188.01171875,1133.203125,0.0,,,,,
grid,genes_20000_c10000,duet,,,,condition,1,4,False,5.9,False,True,0-15,1789380617.580815,ALL,TOTAL_RUN,2.559978008270264,2.46875,1321.21484375,,1355.86328125,1310.57421875,188.01171875,1133.203125,0.0,,,9.0125,11.3,
grid,genes_20000_c10000,mast,dense,True,bayesglm,condition,1,4,False,6.5,False,True,0-15,1789380622.1518085,export,read,0.115,0.125,651.71875,,,,,,,,,,,
grid,genes_20000_c10000,mast,dense,True,bayesglm,condition,1,4,False,6.5,False,True,0-15,1789380622.1518085,export,export,1.211,10.578,1441.13671875,,,,,,,,,,,
grid,genes_20000_c10000,mast,dense,True,bayesglm,condition,1,4,False,6.5,False,True,0-15,1789380622.1518085,export,TOTAL_PROCESS,2.550933122634888,11.84375,1441.13671875,,1441.23046875,1400.96484375,160.7734375,1280.36328125,0.0,,,,,
grid,genes_20000_c10000,mast,dense,True,bayesglm,condition,1,4,False,6.5,False,True,0-15,1789380622.1518085,R,read,11.68,11.5,2780.1953125,2560.1,,,,,,,,,,
grid,genes_20000_c10000,mast,dense,True,bayesglm,condition,1,4,False,6.5,False,True,0-15,1789380622.1518085,R,singlecellassay,0.05,0.06,2785.17578125,2608.7,,,,,,,,,,
grid,genes_20000_c10000,mast,dense,True,bayesglm,condition,1,4,False,6.5,False,True,0-15,1789380622.1518085,R,zlm,434.74,436.67,10600.52734375,10491.9,,,,,,,,,,
grid,genes_20000_c10000,mast,dense,True,bayesglm,condition,1,4,False,6.5,False,True,0-15,1789380622.1518085,R,lrtest,391.47,391.91,7170.47265625,6982.1,,,,,,,,,,
grid,genes_20000_c10000,mast,dense,True,bayesglm,condition,1,4,False,6.5,False,True,0-15,1789380622.1518085,R,assemble,1.15,1.14,3677.921875,2960.6,,,,,,,,,,
grid,genes_20000_c10000,mast,dense,True,bayesglm,condition,1,4,False,6.5,False,True,0-15,1789380622.1518085,R,write,0.11,0.11,3012.0546875,2584.2,,,,,,,,,,
grid,genes_20000_c10000,mast,dense,True,bayesglm,condition,1,4,False,6.5,False,True,0-15,1789380622.1518085,R,TOTAL_PROCESS,845.5995447635651,847.609375,10600.52734375,,10585.70703125,10670.74609375,722.94140625,9877.5859375,0.0,,assay class after SingleCellAssay: matrix,,,
grid,genes_20000_c10000,mast,dense,True,bayesglm,condition,1,4,False,6.5,False,True,0-15,1789380622.1518085,ALL,TOTAL_RUN,848.1504778862,859.453125,10600.52734375,,10585.70703125,10670.74609375,160.7734375,9877.5859375,0.0,,,8.123437500000001,18.125,
grid,genes_20000_c10000,duet,,,,condition,1,5,False,5.8,False,True,0-15,1789381472.3700528,duet,read,1.76,0.141,622.79296875,,,,,,,,,,,
grid,genes_20000_c10000,duet,,,,condition,1,5,False,5.8,False,True,0-15,1789381472.3700528,duet,fit_test,0.764,0.75,1322.43359375,,,,,,,,,,,
grid,genes_20000_c10000,duet,,,,condition,1,5,False,5.8,False,True,0-15,1789381472.3700528,duet,write,0.213,0.188,506.01171875,,,,,,,,,,,
grid,genes_20000_c10000,duet,,,,condition,1,5,False,5.8,False,True,0-15,1789381472.3700528,duet,TOTAL_PROCESS,5.593909502029419,2.46875,1322.43359375,,1343.2734375,1297.1640625,186.47265625,1135.9609375,0.0,,,,,
grid,genes_20000_c10000,duet,,,,condition,1,5,False,5.8,False,True,0-15,1789381472.3700528,ALL,TOTAL_RUN,5.593909502029419,2.46875,1322.43359375,,1343.2734375,1297.1640625,186.47265625,1135.9609375,0.0,,,7.530625000000001,11.4,
grid,genes_20000_c10000,mast,dense,True,bayesglm,condition,1,5,False,8.3,False,True,0-15,1789381479.9959238,export,read,0.1,0.109,710.046875,,,,,,,,,,,
grid,genes_20000_c10000,mast,dense,True,bayesglm,condition,1,5,False,8.3,False,True,0-15,1789381479.9959238,export,export,1.19,10.391,1441.359375,,,,,,,,,,,
grid,genes_20000_c10000,mast,dense,True,bayesglm,condition,1,5,False,8.3,False,True,0-15,1789381479.9959238,export,TOTAL_PROCESS,2.526083707809448,11.625,1441.359375,,1441.359375,1400.8203125,160.8203125,1280.5390625,0.0,,,,,
grid,genes_20000_c10000,mast,dense,True,bayesglm,condition,1,5,False,8.3,False,True,0-15,1789381479.9959238,R,read,12.17,11.23,2780.046875,2560.1,,,,,,,,,,
grid,genes_20000_c10000,mast,dense,True,bayesglm,condition,1,5,False,8.3,False,True,0-15,1789381479.9959238,R,singlecellassay,0.05,0.05,2785.14453125,2608.7,,,,,,,,,,
grid,genes_20000_c10000,mast,dense,True,bayesglm,condition,1,5,False,8.3,False,True,0-15,1789381479.9959238,R,zlm,438.76,433.66,10584.91796875,10491.9,,,,,,,,,,
grid,genes_20000_c10000,mast,dense,True,bayesglm,condition,1,5,False,8.3,False,True,0-15,1789381479.9959238,R,lrtest,407.54,398.23,7149.1328125,6982.1,,,,,,,,,,
grid,genes_20000_c10000,mast,dense,True,bayesglm,condition,1,5,False,8.3,False,True,0-15,1789381479.9959238,R,assemble,1.19,1.22,3680.23828125,2960.6,,,,,,,,,,
grid,genes_20000_c10000,mast,dense,True,bayesglm,condition,1,5,False,8.3,False,True,0-15,1789381479.9959238,R,write,0.09,0.1,3012.546875,2584.2,,,,,,,,,,
grid,genes_20000_c10000,mast,dense,True,bayesglm,condition,1,5,False,8.3,False,True,0-15,1789381479.9959238,R,TOTAL_PROCESS,866.5536015033722,850.671875,10584.91796875,,10570.05078125,10656.234375,722.3515625,9862.56640625,0.0,,assay class after SingleCellAssay: matrix,,,
grid,genes_20000_c10000,mast,dense,True,bayesglm,condition,1,5,False,8.3,False,True,0-15,1789381479.9959238,ALL,TOTAL_RUN,869.0796852111816,862.296875,10584.91796875,,10570.05078125,10656.234375,160.8203125,9862.56640625,0.0,,,12.809375,57.7125,
grid,genes_20000_c10000,duet,,,,condition,1,6,False,8.0,False,True,0-15,1789382351.2475264,duet,read,0.133,0.109,690.13671875,,,,,,,,,,,
grid,genes_20000_c10000,duet,,,,condition,1,6,False,8.0,False,True,0-15,1789382351.2475264,duet,fit_test,0.826,0.812,1321.58203125,,,,,,,,,,,
grid,genes_20000_c10000,duet,,,,condition,1,6,False,8.0,False,True,0-15,1789382351.2475264,duet,write,0.216,0.219,506.03125,,,,,,,,,,,
grid,genes_20000_c10000,duet,,,,condition,1,6,False,8.0,False,True,0-15,1789382351.2475264,duet,TOTAL_PROCESS,2.684036493301392,2.578125,1321.58203125,,1356.40625,1311.453125,229.60546875,1091.9765625,0.0,,,,,
grid,genes_20000_c10000,duet,,,,condition,1,6,False,8.0,False,True,0-15,1789382351.2475264,ALL,TOTAL_RUN,2.684036493301392,2.578125,1321.58203125,,1356.40625,1311.453125,229.60546875,1091.9765625,0.0,,,10.6609375,10.9,
grid,genes_20000_c10000,mast,dense,True,bayesglm,condition,1,6,False,8.6,False,True,0-15,1789382355.9459789,export,read,0.104,0.109,598.6015625,,,,,,,,,,,
grid,genes_20000_c10000,mast,dense,True,bayesglm,condition,1,6,False,8.6,False,True,0-15,1789382355.9459789,export,export,1.175,10.781,1441.125,,,,,,,,,,,
grid,genes_20000_c10000,mast,dense,True,bayesglm,condition,1,6,False,8.6,False,True,0-15,1789382355.9459789,export,TOTAL_PROCESS,2.573279857635498,12.140625,1441.125,,1441.35546875,1401.02734375,161.05859375,1280.06640625,0.0,,,,,
grid,genes_20000_c10000,mast,dense,True,bayesglm,condition,1,6,False,8.6,False,True,0-15,1789382355.9459789,R,read,11.89,11.52,2780.16015625,2560.1,,,,,,,,,,
grid,genes_20000_c10000,mast,dense,True,bayesglm,condition,1,6,False,8.6,False,True,0-15,1789382355.9459789,R,singlecellassay,0.05,0.05,2785.2421875,2608.7,,,,,,,,,,
grid,genes_20000_c10000,mast,dense,True,bayesglm,condition,1,6,False,8.6,False,True,0-15,1789382355.9459789,R,zlm,436.25,429.96,10589.19140625,10491.9,,,,,,,,,,
grid,genes_20000_c10000,mast,dense,True,bayesglm,condition,1,6,False,8.6,False,True,0-15,1789382355.9459789,R,lrtest,399.22,390.92,7152.21484375,6982.1,,,,,,,,,,
grid,genes_20000_c10000,mast,dense,True,bayesglm,condition,1,6,False,8.6,False,True,0-15,1789382355.9459789,R,assemble,1.18,1.16,3682.25390625,2960.6,,,,,,,,,,
grid,genes_20000_c10000,mast,dense,True,bayesglm,condition,1,6,False,8.6,False,True,0-15,1789382355.9459789,R,write,0.1,0.1,3011.875,2584.2,,,,,,,,,,
grid,genes_20000_c10000,mast,dense,True,bayesglm,condition,1,6,False,8.6,False,True,0-15,1789382355.9459789,R,TOTAL_PROCESS,855.1782796382904,840.078125,10589.19140625,,10574.37890625,10660.73828125,722.9453125,9866.24609375,0.0,,assay class after SingleCellAssay: matrix,,,
grid,genes_20000_c10000,mast,dense,True,bayesglm,condition,1,6,False,8.6,False,True,0-15,1789382355.9459789,ALL,TOTAL_RUN,857.7515594959259,852.21875,10589.19140625,,10574.37890625,10660.73828125,161.05859375,9866.24609375,0.0,,,10.70625,18.371875,
grid,sparsity_low_c10000,duet,,,,condition,1,1,True,13.9,False,True,0-15,1789383215.8592198,duet,read,1.384,0.125,555.79296875,,,,,,,,,,,
grid,sparsity_low_c10000,duet,,,,condition,1,1,True,13.9,False,True,0-15,1789383215.8592198,duet,fit_test,0.621,0.609,1134.08984375,,,,,,,,,,,
grid,sparsity_low_c10000,duet,,,,condition,1,1,True,13.9,False,True,0-15,1789383215.8592198,duet,write,0.091,0.078,447.13671875,,,,,,,,,,,
grid,sparsity_low_c10000,duet,,,,condition,1,1,True,13.9,False,True,0-15,1789383215.8592198,duet,TOTAL_PROCESS,3.700639247894287,2.25,1134.08984375,,1163.2734375,1116.97265625,188.01953125,946.0703125,0.0,,,,,
grid,sparsity_low_c10000,duet,,,,condition,1,1,True,13.9,False,True,0-15,1789383215.8592198,ALL,TOTAL_RUN,3.700639247894287,2.25,1134.08984375,,1163.2734375,1116.97265625,188.01953125,946.0703125,0.0,,,11.971875000000002,17.3,
grid,sparsity_low_c10000,mast,dense,True,bayesglm,condition,1,1,True,10.4,False,True,0-15,1789383221.5916402,export,read,0.088,0.078,562.29296875,,,,,,,,,,,
grid,sparsity_low_c10000,mast,dense,True,bayesglm,condition,1,1,True,10.4,False,True,0-15,1789383221.5916402,export,export,0.994,8.703,1243.546875,,,,,,,,,,,
grid,sparsity_low_c10000,mast,dense,True,bayesglm,condition,1,1,True,10.4,False,True,0-15,1789383221.5916402,export,TOTAL_PROCESS,2.402571201324463,9.984375,1243.546875,,1243.546875,1203.1640625,184.34375,1059.203125,0.0,,,,,
grid,sparsity_low_c10000,mast,dense,True,bayesglm,condition,1,1,True,10.4,False,True,0-15,1789383221.5916402,R,read,10.13,9.77,1777.9765625,1557.3,,,,,,,,,,
grid,sparsity_low_c10000,mast,dense,True,bayesglm,condition,1,1,True,10.4,False,True,0-15,1789383221.5916402,R,singlecellassay,0.05,0.05,1781.953125,1604.8,,,,,,,,,,
grid,sparsity_low_c10000,mast,dense,True,bayesglm,condition,1,1,True,10.4,False,True,0-15,1789383221.5916402,R,zlm,165.31,160.63,4447.546875,4305.0,,,,,,,,,,
grid,sparsity_low_c10000,mast,dense,True,bayesglm,condition,1,1,True,10.4,False,True,0-15,1789383221.5916402,R,lrtest,154.35,150.21,4361.3828125,4332.5,,,,,,,,,,
grid,sparsity_low_c10000,mast,dense,True,bayesglm,condition,1,1,True,10.4,False,True,0-15,1789383221.5916402,R,assemble,0.47,0.46,2459.1953125,1949.7,,,,,,,,,,
grid,sparsity_low_c10000,mast,dense,True,bayesglm,condition,1,1,True,10.4,False,True,0-15,1789383221.5916402,R,write,0.03,0.03,2088.47265625,1573.1,,,,,,,,,,
grid,sparsity_low_c10000,mast,dense,True,bayesglm,condition,1,1,True,10.4,False,True,0-15,1789383221.5916402,R,TOTAL_PROCESS,336.6406760215759,327.046875,4447.546875,,4447.765625,4498.75390625,717.88671875,3729.66015625,0.0,,assay class after SingleCellAssay: matrix,,,
grid,sparsity_low_c10000,mast,dense,True,bayesglm,condition,1,1,True,10.4,False,True,0-15,1789383221.5916402,ALL,TOTAL_RUN,339.0432472229004,337.03125,4447.546875,,4447.765625,4498.75390625,184.34375,3729.66015625,0.0,,,11.3671875,16.371875,
grid,sparsity_low_c10000,duet,,,,condition,1,2,False,7.6,False,True,0-15,1789383562.7176478,duet,read,0.089,0.094,572.84375,,,,,,,,,,,
grid,sparsity_low_c10000,duet,,,,condition,1,2,False,7.6,False,True,0-15,1789383562.7176478,duet,fit_test,0.592,0.578,1145.93359375,,,,,,,,,,,
grid,sparsity_low_c10000,duet,,,,condition,1,2,False,7.6,False,True,0-15,1789383562.7176478,duet,write,0.082,0.078,443.6328125,,,,,,,,,,,
grid,sparsity_low_c10000,duet,,,,condition,1,2,False,7.6,False,True,0-15,1789383562.7176478,duet,TOTAL_PROCESS,2.3280627727508545,2.203125,1145.93359375,,1175.33984375,1129.90625,207.328125,938.60546875,0.0,,,,,
grid,sparsity_low_c10000,duet,,,,condition,1,2,False,7.6,False,True,0-15,1789383562.7176478,ALL,TOTAL_RUN,2.3280627727508545,2.203125,1145.93359375,,1175.33984375,1129.90625,207.328125,938.60546875,0.0,,,12.5125,14.5,
grid,sparsity_low_c10000,mast,dense,True,bayesglm,condition,1,2,False,8.3,False,True,0-15,1789383567.1079104,export,read,0.088,0.078,548.515625,,,,,,,,,,,
grid,sparsity_low_c10000,mast,dense,True,bayesglm,condition,1,2,False,8.3,False,True,0-15,1789383567.1079104,export,export,1.002,8.969,1243.53125,,,,,,,,,,,
grid,sparsity_low_c10000,mast,dense,True,bayesglm,condition,1,2,False,8.3,False,True,0-15,1789383567.1079104,export,TOTAL_PROCESS,2.353417158126831,10.203125,1243.53125,,1243.53515625,1203.09375,190.43359375,1053.09765625,0.0,,,,,
grid,sparsity_low_c10000,mast,dense,True,bayesglm,condition,1,2,False,8.3,False,True,0-15,1789383567.1079104,R,read,10.22,9.78,1777.90625,1557.3,,,,,,,,,,
grid,sparsity_low_c10000,mast,dense,True,bayesglm,condition,1,2,False,8.3,False,True,0-15,1789383567.1079104,R,singlecellassay,0.05,0.07,1781.859375,1604.8,,,,,,,,,,
grid,sparsity_low_c10000,mast,dense,True,bayesglm,condition,1,2,False,8.3,False,True,0-15,1789383567.1079104,R,zlm,172.68,167.14,4452.43359375,4305.0,,,,,,,,,,
grid,sparsity_low_c10000,mast,dense,True,bayesglm,condition,1,2,False,8.3,False,True,0-15,1789383567.1079104,R,lrtest,162.59,153.73,4364.92578125,4332.5,,,,,,,,,,
grid,sparsity_low_c10000,mast,dense,True,bayesglm,condition,1,2,False,8.3,False,True,0-15,1789383567.1079104,R,assemble,0.5,0.5,2457.26171875,1949.7,,,,,,,,,,
grid,sparsity_low_c10000,mast,dense,True,bayesglm,condition,1,2,False,8.3,False,True,0-15,1789383567.1079104,R,write,0.04,0.03,2088.37109375,1573.1,,,,,,,,,,
grid,sparsity_low_c10000,mast,dense,True,bayesglm,condition,1,2,False,8.3,False,True,0-15,1789383567.1079104,R,TOTAL_PROCESS,352.1903340816498,337.171875,4452.43359375,,4437.8125,4490.80859375,721.41796875,3731.015625,0.0,,assay class after SingleCellAssay: matrix,,,
grid,sparsity_low_c10000,mast,dense,True,bayesglm,condition,1,2,False,8.3,False,True,0-15,1789383567.1079104,ALL,TOTAL_RUN,354.5437512397766,347.375,4452.43359375,,4437.8125,4490.80859375,190.43359375,3731.015625,0.0,,,13.906250000000002,97.375,
grid,sparsity_low_c10000,duet,,,,condition,1,3,False,7.3,False,True,0-15,1789383923.7554662,duet,read,0.089,0.094,557.0078125,,,,,,,,,,,
grid,sparsity_low_c10000,duet,,,,condition,1,3,False,7.3,False,True,0-15,1789383923.7554662,duet,fit_test,0.59,0.594,1160.421875,,,,,,,,,,,
grid,sparsity_low_c10000,duet,,,,condition,1,3,False,7.3,False,True,0-15,1789383923.7554662,duet,write,0.08,0.078,448.0625,,,,,,,,,,,
grid,sparsity_low_c10000,duet,,,,condition,1,3,False,7.3,False,True,0-15,1789383923.7554662,duet,TOTAL_PROCESS,2.372965812683105,2.125,1160.421875,,1175.01171875,1129.5625,188.796875,971.625,0.0,,,,,
grid,sparsity_low_c10000,duet,,,,condition,1,3,False,7.3,False,True,0-15,1789383923.7554662,ALL,TOTAL_RUN,2.372965812683105,2.125,1160.421875,,1175.01171875,1129.5625,188.796875,971.625,0.0,,,11.8125,14.2,
grid,sparsity_low_c10000,mast,dense,True,bayesglm,condition,1,3,False,9.2,False,True,0-15,1789383928.1526191,export,read,0.094,0.094,595.14453125,,,,,,,,,,,
grid,sparsity_low_c10000,mast,dense,True,bayesglm,condition,1,3,False,9.2,False,True,0-15,1789383928.1526191,export,export,0.996,8.781,1244.2578125,,,,,,,,,,,
grid,sparsity_low_c10000,mast,dense,True,bayesglm,condition,1,3,False,9.2,False,True,0-15,1789383928.1526191,export,TOTAL_PROCESS,2.4449217319488525,10.125,1244.2578125,,1244.2578125,1203.73828125,161.41015625,1082.84765625,0.0,,,,,
grid,sparsity_low_c10000,mast,dense,True,bayesglm,condition,1,3,False,9.2,False,True,0-15,1789383928.1526191,R,read,10.45,9.84,1778.0546875,1557.3,,,,,,,,,,
grid,sparsity_low_c10000,mast,dense,True,bayesglm,condition,1,3,False,9.2,False,True,0-15,1789383928.1526191,R,singlecellassay,0.06,0.05,1782.00390625,1604.8,,,,,,,,,,
grid,sparsity_low_c10000,mast,dense,True,bayesglm,condition,1,3,False,9.2,False,True,0-15,1789383928.1526191,R,zlm,170.58,165.82,4437.8125,4305.0,,,,,,,,,,
grid,sparsity_low_c10000,mast,dense,True,bayesglm,condition,1,3,False,9.2,False,True,0-15,1789383928.1526191,R,lrtest,171.79,168.16,4359.66015625,4332.5,,,,,,,,,,
grid,sparsity_low_c10000,mast,dense,True,bayesglm,condition,1,3,False,9.2,False,True,0-15,1789383928.1526191,R,assemble,0.46,0.42,2458.37890625,1949.7,,,,,,,,,,
grid,sparsity_low_c10000,mast,dense,True,bayesglm,condition,1,3,False,9.2,False,True,0-15,1789383928.1526191,R,write,0.06,0.03,2088.5546875,1573.1,,,,,,,,,,
grid,sparsity_low_c10000,mast,dense,True,bayesglm,condition,1,3,False,9.2,False,True,0-15,1789383928.1526191,R,TOTAL_PROCESS,359.68096923828125,350.3125,4437.8125,,4440.01171875,4492.68359375,722.2890625,3715.5234375,0.0,,assay class after SingleCellAssay: matrix,,,
grid,sparsity_low_c10000,mast,dense,True,bayesglm,condition,1,3,False,9.2,False,True,0-15,1789383928.1526191,ALL,TOTAL_RUN,362.1258909702301,360.4375,4437.8125,,4440.01171875,4492.68359375,161.41015625,3715.5234375,0.0,,,13.642337570621468,85.80625,
grid,sparsity_low_c10000,duet,,,,condition,1,4,False,52.8,False,True,0-15,1789384292.3542194,duet,read,0.104,0.109,611.4921875,,,,,,,,,,,
grid,sparsity_low_c10000,duet,,,,condition,1,4,False,52.8,False,True,0-15,1789384292.3542194,duet,fit_test,0.746,0.734,1135.39453125,,,,,,,,,,,
grid,sparsity_low_c10000,duet,,,,condition,1,4,False,52.8,False,True,0-15,1789384292.3542194,duet,write,0.107,0.094,448.02734375,,,,,,,,,,,
grid,sparsity_low_c10000,duet,,,,condition,1,4,False,52.8,False,True,0-15,1789384292.3542194,duet,TOTAL_PROCESS,2.8540890216827397,2.625,1135.39453125,,1164.578125,1118.85546875,187.5625,947.83203125,0.0,,,,,
grid,sparsity_low_c10000,duet,,,,condition,1,4,False,52.8,False,True,0-15,1789384292.3542194,ALL,TOTAL_RUN,2.8540890216827397,2.625,1135.39453125,,1164.578125,1118.85546875,187.5625,947.83203125,0.0,,,22.5796875,23.259375,
grid,sparsity_low_c10000,mast,dense,True,bayesglm,condition,1,4,False,52.6,False,True,0-15,1789384297.2358882,export,read,0.185,0.188,496.390625,,,,,,,,,,,
grid,sparsity_low_c10000,mast,dense,True,bayesglm,condition,1,4,False,52.6,False,True,0-15,1789384297.2358882,export,export,2.425,10.031,1233.859375,,,,,,,,,,,
grid,sparsity_low_c10000,mast,dense,True,bayesglm,condition,1,4,False,52.6,False,True,0-15,1789384297.2358882,export,TOTAL_PROCESS,5.897529363632202,13.09375,1233.859375,,1233.921875,1193.4140625,181.86328125,1051.99609375,0.0,,,,,
grid,sparsity_low_c10000,mast,dense,True,bayesglm,condition,1,4,False,52.6,False,True,0-15,1789384297.2358882,R,read,10.13,9.93,1778.01953125,1557.3,,,,,,,,,,
grid,sparsity_low_c10000,mast,dense,True,bayesglm,condition,1,4,False,52.6,False,True,0-15,1789384297.2358882,R,singlecellassay,0.07,0.05,1781.96484375,1604.8,,,,,,,,,,
grid,sparsity_low_c10000,mast,dense,True,bayesglm,condition,1,4,False,52.6,False,True,0-15,1789384297.2358882,R,zlm,165.83,164.18,4454.33203125,4305.0,,,,,,,,,,
grid,sparsity_low_c10000,mast,dense,True,bayesglm,condition,1,4,False,52.6,False,True,0-15,1789384297.2358882,R,lrtest,163.36,159.34,4363.3125,4332.5,,,,,,,,,,
grid,sparsity_low_c10000,mast,dense,True,bayesglm,condition,1,4,False,52.6,False,True,0-15,1789384297.2358882,R,assemble,0.66,0.68,2458.46484375,1949.7,,,,,,,,,,
grid,sparsity_low_c10000,mast,dense,True,bayesglm,condition,1,4,False,52.6,False,True,0-15,1789384297.2358882,R,write,0.05,0.03,2089.734375,1573.1,,,,,,,,,,
grid,sparsity_low_c10000,mast,dense,True,bayesglm,condition,1,4,False,52.6,False,True,0-15,1789384297.2358882,R,TOTAL_PROCESS,349.42189598083496,342.984375,4454.33203125,,4447.5859375,4498.41015625,712.50390625,3741.828125,0.0,,assay class after SingleCellAssay: matrix,,,
grid,sparsity_low_c10000,mast,dense,True,bayesglm,condition,1,4,False,52.6,False,True,0-15,1789384297.2358882,ALL,TOTAL_RUN,355.3194253444672,356.078125,4454.33203125,,4447.5859375,4498.41015625,181.86328125,3741.828125,0.0,,,66.840625,74.71875,
grid,sparsity_low_c10000,duet,,,,condition,1,5,False,22.5,False,True,0-15,1789384654.722234,duet,read,0.106,0.109,556.75390625,,,,,,,,,,,
grid,sparsity_low_c10000,duet,,,,condition,1,5,False,22.5,False,True,0-15,1789384654.722234,duet,fit_test,0.671,0.625,1135.65234375,,,,,,,,,,,
grid,sparsity_low_c10000,duet,,,,condition,1,5,False,22.5,False,True,0-15,1789384654.722234,duet,write,0.098,0.109,448.4296875,,,,,,,,,,,
grid,sparsity_low_c10000,duet,,,,condition,1,5,False,22.5,False,True,0-15,1789384654.722234,duet,TOTAL_PROCESS,2.759176254272461,2.5,1135.65234375,,1164.83203125,1119.125,186.76953125,948.8828125,0.0,,,,,
grid,sparsity_low_c10000,duet,,,,condition,1,5,False,22.5,False,True,0-15,1789384654.722234,ALL,TOTAL_RUN,2.759176254272461,2.5,1135.65234375,,1164.83203125,1119.125,186.76953125,948.8828125,0.0,,,31.134375,32.0,
grid,sparsity_low_c10000,mast,dense,True,bayesglm,condition,1,5,False,26.0,False,True,0-15,1789384659.4942732,export,read,0.106,0.109,531.33984375,,,,,,,,,,,
grid,sparsity_low_c10000,mast,dense,True,bayesglm,condition,1,5,False,26.0,False,True,0-15,1789384659.4942732,export,export,1.139,9.594,1244.125,,,,,,,,,,,
grid,sparsity_low_c10000,mast,dense,True,bayesglm,condition,1,5,False,26.0,False,True,0-15,1789384659.4942732,export,TOTAL_PROCESS,2.8730337619781494,11.140625,1244.125,,1244.125,1203.9609375,161.1640625,1082.9609375,0.0,,,,,
grid,sparsity_low_c10000,mast,dense,True,bayesglm,condition,1,5,False,26.0,False,True,0-15,1789384659.4942732,R,read,11.78,10.97,1777.8203125,1557.3,,,,,,,,,,
grid,sparsity_low_c10000,mast,dense,True,bayesglm,condition,1,5,False,26.0,False,True,0-15,1789384659.4942732,R,singlecellassay,0.08,0.06,1781.7890625,1604.8,,,,,,,,,,
grid,sparsity_low_c10000,mast,dense,True,bayesglm,condition,1,5,False,26.0,False,True,0-15,1789384659.4942732,R,zlm,173.44,168.95,4450.65234375,4305.0,,,,,,,,,,
grid,sparsity_low_c10000,mast,dense,True,bayesglm,condition,1,5,False,26.0,False,True,0-15,1789384659.4942732,R,lrtest,151.02,150.02,4364.953125,4332.5,,,,,,,,,,
grid,sparsity_low_c10000,mast,dense,True,bayesglm,condition,1,5,False,26.0,False,True,0-15,1789384659.4942732,R,assemble,0.46,0.47,2457.98828125,1949.7,,,,,,,,,,
grid,sparsity_low_c10000,mast,dense,True,bayesglm,condition,1,5,False,26.0,False,True,0-15,1789384659.4942732,R,write,0.05,0.03,2088.25,1573.1,,,,,,,,,,
grid,sparsity_low_c10000,mast,dense,True,bayesglm,condition,1,5,False,26.0,False,True,0-15,1789384659.4942732,R,TOTAL_PROCESS,343.70955538749695,337.015625,4450.65234375,,4447.6640625,4498.4140625,719.95703125,3730.6953125,0.0,,assay class after SingleCellAssay: matrix,,,
grid,sparsity_low_c10000,mast,dense,True,bayesglm,condition,1,5,False,26.0,False,True,0-15,1789384659.4942732,ALL,TOTAL_RUN,346.5825891494751,348.15625,4450.65234375,,4447.6640625,4498.4140625,161.1640625,3730.6953125,0.0,,,27.46875,35.86875,
grid,sparsity_low_c10000,duet,,,,condition,1,6,False,8.7,False,True,0-15,1789385008.168962,duet,read,0.091,0.094,621.88671875,,,,,,,,,,,
grid,sparsity_low_c10000,duet,,,,condition,1,6,False,8.7,False,True,0-15,1789385008.168962,duet,fit_test,0.591,0.609,1146.046875,,,,,,,,,,,
grid,sparsity_low_c10000,duet,,,,condition,1,6,False,8.7,False,True,0-15,1789385008.168962,duet,write,0.08,0.078,448.04296875,,,,,,,,,,,
grid,sparsity_low_c10000,duet,,,,condition,1,6,False,8.7,False,True,0-15,1789385008.168962,duet,TOTAL_PROCESS,2.3852250576019287,2.171875,1146.046875,,1175.453125,1129.96875,186.99609375,959.05078125,0.0,,,,,
grid,sparsity_low_c10000,duet,,,,condition,1,6,False,8.7,False,True,0-15,1789385008.168962,ALL,TOTAL_RUN,2.3852250576019287,2.171875,1146.046875,,1175.453125,1129.96875,186.99609375,959.05078125,0.0,,,10.6375,12.8,
grid,sparsity_low_c10000,mast,dense,True,bayesglm,condition,1,6,False,8.9,False,True,0-15,1789385012.571453,export,read,0.091,0.094,533.9296875,,,,,,,,,,,
grid,sparsity_low_c10000,mast,dense,True,bayesglm,condition,1,6,False,8.9,False,True,0-15,1789385012.571453,export,export,0.982,8.859,1244.43359375,,,,,,,,,,,
grid,sparsity_low_c10000,mast,dense,True,bayesglm,condition,1,6,False,8.9,False,True,0-15,1789385012.571453,export,TOTAL_PROCESS,2.326498746871948,10.140625,1244.43359375,,1244.4375,1203.9375,197.3125,1047.12109375,0.0,,,,,
grid,sparsity_low_c10000,mast,dense,True,bayesglm,condition,1,6,False,8.9,False,True,0-15,1789385012.571453,R,read,9.88,9.83,1778.26953125,1557.3,,,,,,,,,,
grid,sparsity_low_c10000,mast,dense,True,bayesglm,condition,1,6,False,8.9,False,True,0-15,1789385012.571453,R,singlecellassay,0.06,0.05,1782.2109375,1604.8,,,,,,,,,,
grid,sparsity_low_c10000,mast,dense,True,bayesglm,condition,1,6,False,8.9,False,True,0-15,1789385012.571453,R,zlm,161.2,160.36,4450.66015625,4305.0,,,,,,,,,,
grid,sparsity_low_c10000,mast,dense,True,bayesglm,condition,1,6,False,8.9,False,True,0-15,1789385012.571453,R,lrtest,163.84,162.49,4363.50390625,4332.5,,,,,,,,,,
grid,sparsity_low_c10000,mast,dense,True,bayesglm,condition,1,6,False,8.9,False,True,0-15,1789385012.571453,R,assemble,0.43,0.43,2457.046875,1949.7,,,,,,,,,,
grid,sparsity_low_c10000,mast,dense,True,bayesglm,condition,1,6,False,8.9,False,True,0-15,1789385012.571453,R,write,0.05,0.03,2089.12109375,1573.1,,,,,,,,,,
grid,sparsity_low_c10000,mast,dense,True,bayesglm,condition,1,6,False,8.9,False,True,0-15,1789385012.571453,R,TOTAL_PROCESS,341.5299198627472,339.171875,4450.66015625,,4447.42578125,4498.2890625,723.42578125,3727.234375,0.0,,assay class after SingleCellAssay: matrix,,,
grid,sparsity_low_c10000,mast,dense,True,bayesglm,condition,1,6,False,8.9,False,True,0-15,1789385012.571453,ALL,TOTAL_RUN,343.85641860961914,349.3125,4450.66015625,,4447.42578125,4498.2890625,197.3125,3727.234375,0.0,,,12.514481026785717,77.925,
grid,sparsity_mid_c10000,duet,,,,condition,1,1,True,5.8,False,True,0-15,1789385358.5544271,duet,read,0.722,0.078,427.2265625,,,,,,,,,,,
grid,sparsity_mid_c10000,duet,,,,condition,1,1,True,5.8,False,True,0-15,1789385358.5544271,duet,fit_test,0.295,0.297,641.68359375,,,,,,,,,,,
grid,sparsity_mid_c10000,duet,,,,condition,1,1,True,5.8,False,True,0-15,1789385358.5544271,duet,write,0.084,0.078,325.08984375,,,,,,,,,,,
grid,sparsity_mid_c10000,duet,,,,condition,1,1,True,5.8,False,True,0-15,1789385358.5544271,duet,TOTAL_PROCESS,2.5972728729248047,1.875,641.68359375,,655.328125,608.671875,188.06640625,453.6171875,0.0,,,,,
grid,sparsity_mid_c10000,duet,,,,condition,1,1,True,5.8,False,True,0-15,1789385358.5544271,ALL,TOTAL_RUN,2.5972728729248047,1.875,641.68359375,,655.328125,608.671875,188.06640625,453.6171875,0.0,,,8.4890625,11.4,
grid,sparsity_mid_c10000,mast,dense,True,bayesglm,condition,1,1,True,6.5,False,True,0-15,1789385363.163261,export,read,0.047,0.047,402.015625,,,,,,,,,,,
grid,sparsity_mid_c10000,mast,dense,True,bayesglm,condition,1,1,True,6.5,False,True,0-15,1789385363.163261,export,export,0.49,4.484,680.7734375,,,,,,,,,,,
grid,sparsity_mid_c10000,mast,dense,True,bayesglm,condition,1,1,True,6.5,False,True,0-15,1789385363.163261,export,TOTAL_PROCESS,1.80769944190979,5.75,680.7734375,,680.77734375,639.54296875,161.34765625,519.42578125,0.0,,,,,
grid,sparsity_mid_c10000,mast,dense,True,bayesglm,condition,1,1,True,6.5,False,True,0-15,1789385363.163261,R,read,5.64,5.63,1529.86328125,1308.7,,,,,,,,,,
grid,sparsity_mid_c10000,mast,dense,True,bayesglm,condition,1,1,True,6.5,False,True,0-15,1789385363.163261,R,singlecellassay,0.07,0.06,1533.40625,1356.2,,,,,,,,,,
grid,sparsity_mid_c10000,mast,dense,True,bayesglm,condition,1,1,True,6.5,False,True,0-15,1789385363.163261,R,zlm,162.5,161.67,4672.52734375,4710.6,,,,,,,,,,
grid,sparsity_mid_c10000,mast,dense,True,bayesglm,condition,1,1,True,6.5,False,True,0-15,1789385363.163261,R,lrtest,148.7,147.47,3320.44140625,3157.9,,,,,,,,,,
grid,sparsity_mid_c10000,mast,dense,True,bayesglm,condition,1,1,True,6.5,False,True,0-15,1789385363.163261,R,assemble,0.47,0.45,2121.75,1700.9,,,,,,,,,,
grid,sparsity_mid_c10000,mast,dense,True,bayesglm,condition,1,1,True,6.5,False,True,0-15,1789385363.163261,R,write,1.22,0.06,1694.5546875,1324.3,,,,,,,,,,
grid,sparsity_mid_c10000,mast,dense,True,bayesglm,condition,1,1,True,6.5,False,True,0-15,1789385363.163261,R,TOTAL_PROCESS,324.62494373321533,321.265625,4672.52734375,,4657.8984375,4714.296875,722.671875,3949.85546875,0.0,,assay class after SingleCellAssay: matrix,,,
grid,sparsity_mid_c10000,mast,dense,True,bayesglm,condition,1,1,True,6.5,False,True,0-15,1789385363.163261,ALL,TOTAL_RUN,326.4326431751251,327.015625,4672.52734375,,4657.8984375,4714.296875,161.34765625,3949.85546875,0.0,,,10.1,53.921875,
grid,sparsity_mid_c10000,duet,,,,condition,1,2,False,5.6,False,True,0-15,1789385691.7376294,duet,read,0.046,0.047,427.79296875,,,,,,,,,,,
grid,sparsity_mid_c10000,duet,,,,condition,1,2,False,5.6,False,True,0-15,1789385691.7376294,duet,fit_test,0.299,0.297,643.62109375,,,,,,,,,,,
grid,sparsity_mid_c10000,duet,,,,condition,1,2,False,5.6,False,True,0-15,1789385691.7376294,duet,write,0.08,0.078,326.88671875,,,,,,,,,,,
grid,sparsity_mid_c10000,duet,,,,condition,1,2,False,5.6,False,True,0-15,1789385691.7376294,duet,TOTAL_PROCESS,1.927063465118408,1.84375,643.62109375,,657.38671875,611.12109375,187.43359375,456.1875,0.0,,,,,
grid,sparsity_mid_c10000,duet,,,,condition,1,2,False,5.6,False,True,0-15,1789385691.7376294,ALL,TOTAL_RUN,1.927063465118408,1.84375,643.62109375,,657.38671875,611.12109375,187.43359375,456.1875,0.0,,,8.4,8.4,
grid,sparsity_mid_c10000,mast,dense,True,bayesglm,condition,1,2,False,3.4,False,True,0-15,1789385698.3099115,export,read,0.046,0.047,414.21484375,,,,,,,,,,,
grid,sparsity_mid_c10000,mast,dense,True,bayesglm,condition,1,2,False,3.4,False,True,0-15,1789385698.3099115,export,export,0.642,4.25,680.22265625,,,,,,,,,,,
grid,sparsity_mid_c10000,mast,dense,True,bayesglm,condition,1,2,False,3.4,False,True,0-15,1789385698.3099115,export,TOTAL_PROCESS,1.9136810302734373,5.4375,680.22265625,,680.2265625,638.7421875,179.6015625,500.62109375,0.0,,,,,
grid,sparsity_mid_c10000,mast,dense,True,bayesglm,condition,1,2,False,3.4,False,True,0-15,1789385698.3099115,R,read,6.14,5.61,1529.18359375,1308.7,,,,,,,,,,
grid,sparsity_mid_c10000,mast,dense,True,bayesglm,condition,1,2,False,3.4,False,True,0-15,1789385698.3099115,R,singlecellassay,0.05,0.07,1533.0390625,1356.2,,,,,,,,,,
grid,sparsity_mid_c10000,mast,dense,True,bayesglm,condition,1,2,False,3.4,False,True,0-15,1789385698.3099115,R,zlm,157.27,157.05,4666.62890625,4710.6,,,,,,,,,,
grid,sparsity_mid_c10000,mast,dense,True,bayesglm,condition,1,2,False,3.4,False,True,0-15,1789385698.3099115,R,lrtest,146.2,145.41,3320.83203125,3157.9,,,,,,,,,,
grid,sparsity_mid_c10000,mast,dense,True,bayesglm,condition,1,2,False,3.4,False,True,0-15,1789385698.3099115,R,assemble,0.47,0.5,1859.3984375,1700.9,,,,,,,,,,
grid,sparsity_mid_c10000,mast,dense,True,bayesglm,condition,1,2,False,3.4,False,True,0-15,1789385698.3099115,R,write,0.04,0.04,1845.0703125,1324.3,,,,,,,,,,
grid,sparsity_mid_c10000,mast,dense,True,bayesglm,condition,1,2,False,3.4,False,True,0-15,1789385698.3099115,R,TOTAL_PROCESS,316.08787965774536,314.578125,4666.62890625,,4654.1171875,4710.6640625,721.0546875,3945.57421875,0.0,,assay class after SingleCellAssay: matrix,,,
grid,sparsity_mid_c10000,mast,dense,True,bayesglm,condition,1,2,False,3.4,False,True,0-15,1789385698.3099115,ALL,TOTAL_RUN,318.0015606880188,320.015625,4666.62890625,,4654.1171875,4710.6640625,179.6015625,3945.57421875,0.0,,,10.5,22.03125,
grid,sparsity_mid_c10000,duet,,,,condition,1,3,False,5.5,False,True,0-15,1789386018.5086913,duet,read,0.049,0.047,433.91015625,,,,,,,,,,,
grid,sparsity_mid_c10000,duet,,,,condition,1,3,False,5.5,False,True,0-15,1789386018.5086913,duet,fit_test,0.294,0.297,653.65625,,,,,,,,,,,
grid,sparsity_mid_c10000,duet,,,,condition,1,3,False,5.5,False,True,0-15,1789386018.5086913,duet,write,0.08,0.078,327.78125,,,,,,,,,,,
grid,sparsity_mid_c10000,duet,,,,condition,1,3,False,5.5,False,True,0-15,1789386018.5086913,duet,TOTAL_PROCESS,1.8967556953430176,1.828125,653.65625,,657.65625,611.16796875,196.1875,457.46875,0.0,,,,,
grid,sparsity_mid_c10000,duet,,,,condition,1,3,False,5.5,False,True,0-15,1789386018.5086913,ALL,TOTAL_RUN,1.8967556953430176,1.828125,653.65625,,657.65625,611.16796875,196.1875,457.46875,0.0,,,12.6,12.6,
grid,sparsity_mid_c10000,mast,dense,True,bayesglm,condition,1,3,False,6.8,False,True,0-15,1789386022.4178865,export,read,0.047,0.047,406.8515625,,,,,,,,,,,
grid,sparsity_mid_c10000,mast,dense,True,bayesglm,condition,1,3,False,6.8,False,True,0-15,1789386022.4178865,export,export,0.486,4.188,680.6953125,,,,,,,,,,,
grid,sparsity_mid_c10000,mast,dense,True,bayesglm,condition,1,3,False,6.8,False,True,0-15,1789386022.4178865,export,TOTAL_PROCESS,1.7399392127990725,5.40625,680.6953125,,680.69921875,639.46875,160.93359375,519.76171875,0.0,,,,,
grid,sparsity_mid_c10000,mast,dense,True,bayesglm,condition,1,3,False,6.8,False,True,0-15,1789386022.4178865,R,read,5.64,5.52,1529.4453125,1308.7,,,,,,,,,,
grid,sparsity_mid_c10000,mast,dense,True,bayesglm,condition,1,3,False,6.8,False,True,0-15,1789386022.4178865,R,singlecellassay,0.05,0.05,1533.19921875,1356.2,,,,,,,,,,
grid,sparsity_mid_c10000,mast,dense,True,bayesglm,condition,1,3,False,6.8,False,True,0-15,1789386022.4178865,R,zlm,166.02,165.05,4671.18359375,4710.6,,,,,,,,,,
grid,sparsity_mid_c10000,mast,dense,True,bayesglm,condition,1,3,False,6.8,False,True,0-15,1789386022.4178865,R,lrtest,154.27,152.41,3316.1484375,3157.9,,,,,,,,,,
grid,sparsity_mid_c10000,mast,dense,True,bayesglm,condition,1,3,False,6.8,False,True,0-15,1789386022.4178865,R,assemble,0.49,0.47,2117.640625,1700.9,,,,,,,,,,
grid,sparsity_mid_c10000,mast,dense,True,bayesglm,condition,1,3,False,6.8,False,True,0-15,1789386022.4178865,R,write,0.03,0.05,1844.80078125,1324.3,,,,,,,,,,
grid,sparsity_mid_c10000,mast,dense,True,bayesglm,condition,1,3,False,6.8,False,True,0-15,1789386022.4178865,R,TOTAL_PROCESS,332.49950337409973,329.453125,4671.18359375,,4658.91015625,4714.671875,722.78515625,3948.3984375,0.0,,assay class after SingleCellAssay: matrix,,,
grid,sparsity_mid_c10000,mast,dense,True,bayesglm,condition,1,3,False,6.8,False,True,0-15,1789386022.4178865,ALL,TOTAL_RUN,334.2394425868988,334.859375,4671.18359375,,4658.91015625,4714.671875,160.93359375,3948.3984375,0.0,,,17.725487385321102,31.06875,
grid,sparsity_mid_c10000,duet,,,,condition,1,4,False,19.7,False,True,0-15,1789386358.6998272,duet,read,0.05,0.047,439.15234375,,,,,,,,,,,
grid,sparsity_mid_c10000,duet,,,,condition,1,4,False,19.7,False,True,0-15,1789386358.6998272,duet,fit_test,0.302,0.312,643.62890625,,,,,,,,,,,
grid,sparsity_mid_c10000,duet,,,,condition,1,4,False,19.7,False,True,0-15,1789386358.6998272,duet,write,0.091,0.078,327.98046875,,,,,,,,,,,
grid,sparsity_mid_c10000,duet,,,,condition,1,4,False,19.7,False,True,0-15,1789386358.6998272,duet,TOTAL_PROCESS,2.034827470779419,1.921875,643.62890625,,657.26953125,610.35546875,213.69140625,429.9375,0.0,,,,,
grid,sparsity_mid_c10000,duet,,,,condition,1,4,False,19.7,False,True,0-15,1789386358.6998272,ALL,TOTAL_RUN,2.034827470779419,1.921875,643.62890625,,657.26953125,610.35546875,213.69140625,429.9375,0.0,,,24.9,24.9,
grid,sparsity_mid_c10000,mast,dense,True,bayesglm,condition,1,4,False,22.9,False,True,0-15,1789386362.764284,export,read,0.05,0.062,399.8828125,,,,,,,,,,,
grid,sparsity_mid_c10000,mast,dense,True,bayesglm,condition,1,4,False,22.9,False,True,0-15,1789386362.764284,export,export,0.503,4.156,680.76171875,,,,,,,,,,,
grid,sparsity_mid_c10000,mast,dense,True,bayesglm,condition,1,4,False,22.9,False,True,0-15,1789386362.764284,export,TOTAL_PROCESS,1.920917272567749,5.421875,680.76171875,,680.765625,639.40625,161.05859375,519.703125,0.0,,,,,
grid,sparsity_mid_c10000,mast,dense,True,bayesglm,condition,1,4,False,22.9,False,True,0-15,1789386362.764284,R,read,5.83,5.72,1530.2578125,1308.7,,,,,,,,,,
grid,sparsity_mid_c10000,mast,dense,True,bayesglm,condition,1,4,False,22.9,False,True,0-15,1789386362.764284,R,singlecellassay,0.06,0.06,1533.42578125,1356.2,,,,,,,,,,
grid,sparsity_mid_c10000,mast,dense,True,bayesglm,condition,1,4,False,22.9,False,True,0-15,1789386362.764284,R,zlm,169.25,168.67,4669.55078125,4710.6,,,,,,,,,,
grid,sparsity_mid_c10000,mast,dense,True,bayesglm,condition,1,4,False,22.9,False,True,0-15,1789386362.764284,R,lrtest,155.32,153.64,3320.98828125,3157.9,,,,,,,,,,
grid,sparsity_mid_c10000,mast,dense,True,bayesglm,condition,1,4,False,22.9,False,True,0-15,1789386362.764284,R,assemble,0.5,0.53,2105.36328125,1700.9,,,,,,,,,,
grid,sparsity_mid_c10000,mast,dense,True,bayesglm,condition,1,4,False,22.9,False,True,0-15,1789386362.764284,R,write,0.05,0.03,1844.76171875,1324.3,,,,,,,,,,
grid,sparsity_mid_c10000,mast,dense,True,bayesglm,condition,1,4,False,22.9,False,True,0-15,1789386362.764284,R,TOTAL_PROCESS,337.24663829803467,334.796875,4669.55078125,,4658.25390625,4714.359375,718.7265625,3950.82421875,0.0,,assay class after SingleCellAssay: matrix,,,
grid,sparsity_mid_c10000,mast,dense,True,bayesglm,condition,1,4,False,22.9,False,True,0-15,1789386362.764284,ALL,TOTAL_RUN,339.1675555706024,340.21875,4669.55078125,,4658.25390625,4714.359375,161.05859375,3950.82421875,0.0,,,25.8,34.421875,
grid,sparsity_mid_c10000,duet,,,,condition,1,5,False,21.8,False,True,0-15,1789386704.007081,duet,read,0.05,0.047,424.6796875,,,,,,,,,,,
grid,sparsity_mid_c10000,duet,,,,condition,1,5,False,21.8,False,True,0-15,1789386704.007081,duet,fit_test,0.307,0.297,643.296875,,,,,,,,,,,
grid,sparsity_mid_c10000,duet,,,,condition,1,5,False,21.8,False,True,0-15,1789386704.007081,duet,write,0.085,0.094,327.36328125,,,,,,,,,,,
grid,sparsity_mid_c10000,duet,,,,condition,1,5,False,21.8,False,True,0-15,1789386704.007081,duet,TOTAL_PROCESS,2.039583206176758,1.859375,643.296875,,656.94140625,610.43359375,186.93359375,456.36328125,0.0,,,,,
grid,sparsity_mid_c10000,duet,,,,condition,1,5,False,21.8,False,True,0-15,1789386704.007081,ALL,TOTAL_RUN,2.039583206176758,1.859375,643.296875,,656.94140625,610.43359375,186.93359375,456.36328125,0.0,,,26.1,26.1,
grid,sparsity_mid_c10000,mast,dense,True,bayesglm,condition,1,5,False,21.1,False,True,0-15,1789386708.076504,export,read,0.051,0.047,400.52734375,,,,,,,,,,,
grid,sparsity_mid_c10000,mast,dense,True,bayesglm,condition,1,5,False,21.1,False,True,0-15,1789386708.076504,export,export,0.495,4.344,680.7109375,,,,,,,,,,,
grid,sparsity_mid_c10000,mast,dense,True,bayesglm,condition,1,5,False,21.1,False,True,0-15,1789386708.076504,export,TOTAL_PROCESS,1.9173696041107176,5.65625,680.7109375,,680.71875,639.49609375,161.57421875,519.13671875,0.0,,,,,
grid,sparsity_mid_c10000,mast,dense,True,bayesglm,condition,1,5,False,21.1,False,True,0-15,1789386708.076504,R,read,5.87,5.7,1529.46484375,1308.7,,,,,,,,,,
grid,sparsity_mid_c10000,mast,dense,True,bayesglm,condition,1,5,False,21.1,False,True,0-15,1789386708.076504,R,singlecellassay,0.06,0.06,1533.21875,1356.2,,,,,,,,,,
grid,sparsity_mid_c10000,mast,dense,True,bayesglm,condition,1,5,False,21.1,False,True,0-15,1789386708.076504,R,zlm,173.42,172.36,4664.421875,4710.6,,,,,,,,,,
grid,sparsity_mid_c10000,mast,dense,True,bayesglm,condition,1,5,False,21.1,False,True,0-15,1789386708.076504,R,lrtest,148.9,147.45,3317.96875,3157.9,,,,,,,,,,
grid,sparsity_mid_c10000,mast,dense,True,bayesglm,condition,1,5,False,21.1,False,True,0-15,1789386708.076504,R,assemble,0.47,0.48,2083.83984375,1700.9,,,,,,,,,,
grid,sparsity_mid_c10000,mast,dense,True,bayesglm,condition,1,5,False,21.1,False,True,0-15,1789386708.076504,R,write,0.03,0.05,1845.57421875,1324.3,,,,,,,,,,
grid,sparsity_mid_c10000,mast,dense,True,bayesglm,condition,1,5,False,21.1,False,True,0-15,1789386708.076504,R,TOTAL_PROCESS,334.94390964508057,332.078125,4664.421875,,4652.41796875,4708.9453125,712.20703125,3952.21484375,0.0,,assay class after SingleCellAssay: matrix,,,
grid,sparsity_mid_c10000,mast,dense,True,bayesglm,condition,1,5,False,21.1,False,True,0-15,1789386708.076504,ALL,TOTAL_RUN,336.8612792491913,337.734375,4664.421875,,4652.41796875,4708.9453125,161.57421875,3952.21484375,0.0,,,27.3,35.075,
grid,sparsity_mid_c10000,duet,,,,condition,1,6,False,5.4,False,True,0-15,1789387047.0918672,duet,read,0.049,0.062,437.8125,,,,,,,,,,,
grid,sparsity_mid_c10000,duet,,,,condition,1,6,False,5.4,False,True,0-15,1789387047.0918672,duet,fit_test,0.293,0.281,643.84765625,,,,,,,,,,,
grid,sparsity_mid_c10000,duet,,,,condition,1,6,False,5.4,False,True,0-15,1789387047.0918672,duet,write,0.08,0.078,327.8828125,,,,,,,,,,,
grid,sparsity_mid_c10000,duet,,,,condition,1,6,False,5.4,False,True,0-15,1789387047.0918672,duet,TOTAL_PROCESS,1.9007549285888672,1.828125,643.84765625,,657.48046875,611.05078125,200.1953125,443.65234375,0.0,,,,,
grid,sparsity_mid_c10000,duet,,,,condition,1,6,False,5.4,False,True,0-15,1789387047.0918672,ALL,TOTAL_RUN,1.9007549285888672,1.828125,643.84765625,,657.48046875,611.05078125,200.1953125,443.65234375,0.0,,,11.3,11.3,
grid,sparsity_mid_c10000,mast,dense,True,bayesglm,condition,1,6,False,6.8,False,True,0-15,1789387051.0054164,export,read,0.048,0.047,400.67578125,,,,,,,,,,,
grid,sparsity_mid_c10000,mast,dense,True,bayesglm,condition,1,6,False,6.8,False,True,0-15,1789387051.0054164,export,export,0.476,4.406,681.1328125,,,,,,,,,,,
grid,sparsity_mid_c10000,mast,dense,True,bayesglm,condition,1,6,False,6.8,False,True,0-15,1789387051.0054164,export,TOTAL_PROCESS,1.764885187149048,5.609375,681.1328125,,681.13671875,639.74609375,161.09375,520.0390625,0.0,,,,,
grid,sparsity_mid_c10000,mast,dense,True,bayesglm,condition,1,6,False,6.8,False,True,0-15,1789387051.0054164,R,read,5.64,5.49,1529.3515625,1308.7,,,,,,,,,,
grid,sparsity_mid_c10000,mast,dense,True,bayesglm,condition,1,6,False,6.8,False,True,0-15,1789387051.0054164,R,singlecellassay,0.04,0.06,1533.02734375,1356.2,,,,,,,,,,
grid,sparsity_mid_c10000,mast,dense,True,bayesglm,condition,1,6,False,6.8,False,True,0-15,1789387051.0054164,R,zlm,157.36,157.48,4671.390625,4710.6,,,,,,,,,,
grid,sparsity_mid_c10000,mast,dense,True,bayesglm,condition,1,6,False,6.8,False,True,0-15,1789387051.0054164,R,lrtest,148.67,147.25,3320.08984375,3157.9,,,,,,,,,,
grid,sparsity_mid_c10000,mast,dense,True,bayesglm,condition,1,6,False,6.8,False,True,0-15,1789387051.0054164,R,assemble,0.47,0.45,2103.40625,1700.9,,,,,,,,,,
grid,sparsity_mid_c10000,mast,dense,True,bayesglm,condition,1,6,False,6.8,False,True,0-15,1789387051.0054164,R,write,0.04,0.03,1844.31640625,1324.3,,,,,,,,,,
grid,sparsity_mid_c10000,mast,dense,True,bayesglm,condition,1,6,False,6.8,False,True,0-15,1789387051.0054164,R,TOTAL_PROCESS,318.3067042827606,316.71875,4671.390625,,4656.76953125,4713.23828125,723.3828125,3948.0078125,0.0,,assay class after SingleCellAssay: matrix,,,
grid,sparsity_mid_c10000,mast,dense,True,bayesglm,condition,1,6,False,6.8,False,True,0-15,1789387051.0054164,ALL,TOTAL_RUN,320.07158946990967,322.328125,4671.390625,,4656.76953125,4713.23828125,161.09375,3948.0078125,0.0,,,14.5,14.5,
grid,sparsity_high_c10000,duet,,,,condition,1,1,True,6.5,False,True,0-15,1789387373.143677,duet,read,0.33,0.062,318.5546875,,,,,,,,,,,
grid,sparsity_high_c10000,duet,,,,condition,1,1,True,6.5,False,True,0-15,1789387373.143677,duet,fit_test,0.13,0.125,364.17578125,,,,,,,,,,,
grid,sparsity_high_c10000,duet,,,,condition,1,1,True,6.5,False,True,0-15,1789387373.143677,duet,write,0.08,0.078,255.03515625,,,,,,,,,,,
grid,sparsity_high_c10000,duet,,,,condition,1,1,True,6.5,False,True,0-15,1789387373.143677,duet,TOTAL_PROCESS,2.047815561294556,1.65625,364.17578125,,364.2890625,317.01953125,187.77734375,176.3984375,0.0,,,,,
grid,sparsity_high_c10000,duet,,,,condition,1,1,True,6.5,False,True,0-15,1789387373.143677,ALL,TOTAL_RUN,2.047815561294556,1.65625,364.17578125,,364.2890625,317.01953125,187.77734375,176.3984375,0.0,,,8.7,8.7,
grid,sparsity_high_c10000,mast,dense,True,bayesglm,condition,1,1,True,4.2,False,True,0-15,1789387377.21555,export,read,0.027,0.016,314.1796875,,,,,,,,,,,
grid,sparsity_high_c10000,mast,dense,True,bayesglm,condition,1,1,True,4.2,False,True,0-15,1789387377.21555,export,export,0.218,1.625,359.8515625,,,,,,,,,,,
grid,sparsity_high_c10000,mast,dense,True,bayesglm,condition,1,1,True,4.2,False,True,0-15,1789387377.21555,export,TOTAL_PROCESS,1.52713942527771,2.875,359.8515625,,359.9765625,317.81640625,160.9609375,198.890625,0.0,,,,,
grid,sparsity_high_c10000,mast,dense,True,bayesglm,condition,1,1,True,4.2,False,True,0-15,1789387377.21555,R,read,2.59,2.57,1388.7265625,1167.6,,,,,,,,,,
grid,sparsity_high_c10000,mast,dense,True,bayesglm,condition,1,1,True,4.2,False,True,0-15,1789387377.21555,R,singlecellassay,0.06,0.06,1392.58203125,1215.1,,,,,,,,,,
grid,sparsity_high_c10000,mast,dense,True,bayesglm,condition,1,1,True,4.2,False,True,0-15,1789387377.21555,R,zlm,192.56,187.05,4454.8515625,4532.4,,,,,,,,,,
grid,sparsity_high_c10000,mast,dense,True,bayesglm,condition,1,1,True,4.2,False,True,0-15,1789387377.21555,R,lrtest,180.07,176.09,3271.34765625,3140.4,,,,,,,,,,
grid,sparsity_high_c10000,mast,dense,True,bayesglm,condition,1,1,True,4.2,False,True,0-15,1789387377.21555,R,assemble,0.46,0.45,1723.9453125,1559.5,,,,,,,,,,
grid,sparsity_high_c10000,mast,dense,True,bayesglm,condition,1,1,True,4.2,False,True,0-15,1789387377.21555,R,write,0.03,0.04,1694.2265625,1182.9,,,,,,,,,,
grid,sparsity_high_c10000,mast,dense,True,bayesglm,condition,1,1,True,4.2,False,True,0-15,1789387377.21555,R,TOTAL_PROCESS,381.8590788841248,372.265625,4454.8515625,,4442.3046875,4497.26953125,721.828125,3733.0234375,0.0,,assay class after SingleCellAssay: matrix,,,
grid,sparsity_high_c10000,mast,dense,True,bayesglm,condition,1,1,True,4.2,False,True,0-15,1789387377.21555,ALL,TOTAL_RUN,383.38621830940247,375.140625,4454.8515625,,4442.3046875,4497.26953125,160.9609375,3733.0234375,0.0,,,14.1,53.275,
grid,sparsity_high_c10000,duet,,,,condition,1,2,False,7.3,False,True,0-15,1789387762.6614845,duet,read,0.028,0.016,300.625,,,,,,,,,,,
grid,sparsity_high_c10000,duet,,,,condition,1,2,False,7.3,False,True,0-15,1789387762.6614845,duet,fit_test,0.13,0.141,357.65234375,,,,,,,,,,,
grid,sparsity_high_c10000,duet,,,,condition,1,2,False,7.3,False,True,0-15,1789387762.6614845,duet,write,0.079,0.078,254.59765625,,,,,,,,,,,
grid,sparsity_high_c10000,duet,,,,condition,1,2,False,7.3,False,True,0-15,1789387762.6614845,duet,TOTAL_PROCESS,1.774096965789795,1.609375,357.65234375,,363.7734375,316.671875,219.05078125,138.6015625,0.0,,,,,
grid,sparsity_high_c10000,duet,,,,condition,1,2,False,7.3,False,True,0-15,1789387762.6614845,ALL,TOTAL_RUN,1.774096965789795,1.609375,357.65234375,,363.7734375,316.671875,219.05078125,138.6015625,0.0,,,11.9,11.9,
grid,sparsity_high_c10000,mast,dense,True,bayesglm,condition,1,2,False,6.7,False,True,0-15,1789387766.481348,export,read,0.027,0.016,270.42578125,,,,,,,,,,,
grid,sparsity_high_c10000,mast,dense,True,bayesglm,condition,1,2,False,6.7,False,True,0-15,1789387766.481348,export,export,0.185,1.641,360.84375,,,,,,,,,,,
grid,sparsity_high_c10000,mast,dense,True,bayesglm,condition,1,2,False,6.7,False,True,0-15,1789387766.481348,export,TOTAL_PROCESS,1.5022621154785156,2.8125,360.84375,,360.84765625,318.8359375,161.61328125,199.23046875,0.0,,,,,
grid,sparsity_high_c10000,mast,dense,True,bayesglm,condition,1,2,False,6.7,False,True,0-15,1789387766.481348,R,read,2.58,2.5,1388.69921875,1167.6,,,,,,,,,,
grid,sparsity_high_c10000,mast,dense,True,bayesglm,condition,1,2,False,6.7,False,True,0-15,1789387766.481348,R,singlecellassay,0.06,0.07,1392.30078125,1215.1,,,,,,,,,,
grid,sparsity_high_c10000,mast,dense,True,bayesglm,condition,1,2,False,6.7,False,True,0-15,1789387766.481348,R,zlm,217.94,212.82,4454.30859375,4532.4,,,,,,,,,,
grid,sparsity_high_c10000,mast,dense,True,bayesglm,condition,1,2,False,6.7,False,True,0-15,1789387766.481348,R,lrtest,195.02,191.53,3280.40625,3140.4,,,,,,,,,,
grid,sparsity_high_c10000,mast,dense,True,bayesglm,condition,1,2,False,6.7,False,True,0-15,1789387766.481348,R,assemble,0.48,0.53,2028.28125,1559.5,,,,,,,,,,
grid,sparsity_high_c10000,mast,dense,True,bayesglm,condition,1,2,False,6.7,False,True,0-15,1789387766.481348,R,write,0.04,0.04,1704.38671875,1182.9,,,,,,,,,,
grid,sparsity_high_c10000,mast,dense,True,bayesglm,condition,1,2,False,6.7,False,True,0-15,1789387766.481348,R,TOTAL_PROCESS,422.4430732727051,413.578125,4454.30859375,,4441.51171875,4497.25,722.62890625,3731.6796875,0.0,,assay class after SingleCellAssay: matrix,,,
grid,sparsity_high_c10000,mast,dense,True,bayesglm,condition,1,2,False,6.7,False,True,0-15,1789387766.481348,ALL,TOTAL_RUN,423.9453353881836,416.390625,4454.30859375,,4441.51171875,4497.25,161.61328125,3731.6796875,0.0,,,18.6923309178744,99.271875,
grid,sparsity_high_c10000,duet,,,,condition,1,3,False,19.9,False,True,0-15,1789388192.4668183,duet,read,0.299,0.016,296.6796875,,,,,,,,,,,
grid,sparsity_high_c10000,duet,,,,condition,1,3,False,19.9,False,True,0-15,1789388192.4668183,duet,fit_test,0.159,0.156,363.0546875,,,,,,,,,,,
grid,sparsity_high_c10000,duet,,,,condition,1,3,False,19.9,False,True,0-15,1789388192.4668183,duet,write,0.085,0.078,253.8671875,,,,,,,,,,,
grid,sparsity_high_c10000,duet,,,,condition,1,3,False,19.9,False,True,0-15,1789388192.4668183,duet,TOTAL_PROCESS,4.373068809509277,2.15625,363.0546875,,363.0546875,315.55078125,186.77734375,176.27734375,0.0,,,,,
grid,sparsity_high_c10000,duet,,,,condition,1,3,False,19.9,False,True,0-15,1789388192.4668183,ALL,TOTAL_RUN,4.373068809509277,2.15625,363.0546875,,363.0546875,315.55078125,186.77734375,176.27734375,0.0,,,22.37421875,28.3,
grid,sparsity_high_c10000,mast,dense,True,bayesglm,condition,1,3,False,15.8,False,True,0-15,1789388198.853142,export,read,0.027,0.016,294.9140625,,,,,,,,,,,
grid,sparsity_high_c10000,mast,dense,True,bayesglm,condition,1,3,False,15.8,False,True,0-15,1789388198.853142,export,export,0.243,1.578,361.06640625,,,,,,,,,,,
grid,sparsity_high_c10000,mast,dense,True,bayesglm,condition,1,3,False,15.8,False,True,0-15,1789388198.853142,export,TOTAL_PROCESS,1.7056574821472168,2.890625,361.06640625,,361.19140625,319.04296875,195.83984375,165.2265625,0.0,,,,,
grid,sparsity_high_c10000,mast,dense,True,bayesglm,condition,1,3,False,15.8,False,True,0-15,1789388198.853142,R,read,2.96,2.92,1388.15625,1167.6,,,,,,,,,,
grid,sparsity_high_c10000,mast,dense,True,bayesglm,condition,1,3,False,15.8,False,True,0-15,1789388198.853142,R,singlecellassay,0.08,0.07,1392.00390625,1215.1,,,,,,,,,,
grid,sparsity_high_c10000,mast,dense,True,bayesglm,condition,1,3,False,15.8,False,True,0-15,1789388198.853142,R,zlm,209.75,208.69,4438.62109375,4532.4,,,,,,,,,,
grid,sparsity_high_c10000,mast,dense,True,bayesglm,condition,1,3,False,15.8,False,True,0-15,1789388198.853142,R,lrtest,224.35,214.97,3221.01171875,3140.4,,,,,,,,,,
grid,sparsity_high_c10000,mast,dense,True,bayesglm,condition,1,3,False,15.8,False,True,0-15,1789388198.853142,R,assemble,0.86,0.66,1696.96875,1559.5,,,,,,,,,,
grid,sparsity_high_c10000,mast,dense,True,bayesglm,condition,1,3,False,15.8,False,True,0-15,1789388198.853142,R,write,0.07,0.04,1662.0078125,1182.9,,,,,,,,,,
grid,sparsity_high_c10000,mast,dense,True,bayesglm,condition,1,3,False,15.8,False,True,0-15,1789388198.853142,R,TOTAL_PROCESS,446.909140586853,435.734375,4438.62109375,,4423.98828125,4496.09375,721.19921875,3717.421875,0.0,,assay class after SingleCellAssay: matrix,,,
grid,sparsity_high_c10000,mast,dense,True,bayesglm,condition,1,3,False,15.8,False,True,0-15,1789388198.853142,ALL,TOTAL_RUN,448.6147980690002,438.625,4438.62109375,,4423.98828125,4496.09375,195.83984375,3717.421875,0.0,,,24.93430381548975,43.859375,
grid,sparsity_high_c10000,duet,,,,condition,1,4,False,27.3,False,True,0-15,1789388649.5079582,duet,read,0.31,0.078,294.03125,,,,,,,,,,,
grid,sparsity_high_c10000,duet,,,,condition,1,4,False,27.3,False,True,0-15,1789388649.5079582,duet,fit_test,0.185,0.141,361.625,,,,,,,,,,,
grid,sparsity_high_c10000,duet,,,,condition,1,4,False,27.3,False,True,0-15,1789388649.5079582,duet,write,0.095,0.078,251.69921875,,,,,,,,,,,
grid,sparsity_high_c10000,duet,,,,condition,1,4,False,27.3,False,True,0-15,1789388649.5079582,duet,TOTAL_PROCESS,23.63033771514893,2.75,361.625,,361.625,314.3359375,185.80078125,175.82421875,0.0,,,,,
grid,sparsity_high_c10000,duet,,,,condition,1,4,False,27.3,False,True,0-15,1789388649.5079582,ALL,TOTAL_RUN,23.63033771514893,2.75,361.625,,361.625,314.3359375,185.80078125,175.82421875,0.0,,,29.11453804347826,38.4625,
grid,sparsity_high_c10000,duet,,,,condition,1,5,True,10.3,False,True,0-15,1789390621.548289,duet,read,0.301,0.016,318.52734375,,,,,,,,,,,
grid,sparsity_high_c10000,duet,,,,condition,1,5,True,10.3,False,True,0-15,1789390621.548289,duet,fit_test,0.14,0.141,364.390625,,,,,,,,,,,
grid,sparsity_high_c10000,duet,,,,condition,1,5,True,10.3,False,True,0-15,1789390621.548289,duet,write,0.08,0.078,254.75,,,,,,,,,,,
grid,sparsity_high_c10000,duet,,,,condition,1,5,True,10.3,False,True,0-15,1789390621.548289,duet,TOTAL_PROCESS,2.097262144088745,1.671875,364.390625,,364.390625,317.29296875,187.40625,176.984375,0.0,,,,,
grid,sparsity_high_c10000,duet,,,,condition,1,5,True,10.3,False,True,0-15,1789390621.548289,ALL,TOTAL_RUN,2.097262144088745,1.671875,364.390625,,364.390625,317.29296875,187.40625,176.984375,0.0,,,16.7171875,17.0,0.0
grid,sparsity_high_c10000,mast,dense,TRUE,bayesglm,condition,1,4,True,9.1,False,True,0-15,1789390625.6587014,export,read,0.025,0.031,292.48046875,,,,,,,,,,,
grid,sparsity_high_c10000,mast,dense,TRUE,bayesglm,condition,1,4,True,9.1,False,True,0-15,1789390625.6587014,export,export,0.266,1.5,360.828125,,,,,,,,,,,
grid,sparsity_high_c10000,mast,dense,TRUE,bayesglm,condition,1,4,True,9.1,False,True,0-15,1789390625.6587014,export,TOTAL_PROCESS,1.5301315784454346,2.65625,360.828125,,360.83203125,318.75,160.2265625,200.6015625,0.0,,,,,
grid,sparsity_high_c10000,mast,dense,TRUE,bayesglm,condition,1,4,True,9.1,False,True,0-15,1789390625.6587014,R,read,2.39,2.33,1410.45703125,1167.6,,,,,,,,,,
grid,sparsity_high_c10000,mast,dense,TRUE,bayesglm,condition,1,4,True,9.1,False,True,0-15,1789390625.6587014,R,singlecellassay,0.05,0.05,1414.25390625,1215.1,,,,,,,,,,
grid,sparsity_high_c10000,mast,dense,TRUE,bayesglm,condition,1,4,True,9.1,False,True,0-15,1789390625.6587014,R,zlm,188.7,188.38,4504.7734375,4389.4,,,,,,,,,,
grid,sparsity_high_c10000,mast,dense,TRUE,bayesglm,condition,1,4,True,9.1,False,True,0-15,1789390625.6587014,R,lrtest,179.89,179.01,3144.71484375,3137.8,,,,,,,,,,
grid,sparsity_high_c10000,mast,dense,TRUE,bayesglm,condition,1,4,True,9.1,False,True,0-15,1789390625.6587014,R,assemble,0.45,0.43,1715.3125,1544.8,,,,,,,,,,
grid,sparsity_high_c10000,mast,dense,TRUE,bayesglm,condition,1,4,True,9.1,False,True,0-15,1789390625.6587014,R,write,0.04,0.05,1677.82421875,1182.9,,,,,,,,,,
grid,sparsity_high_c10000,mast,dense,TRUE,bayesglm,condition,1,4,True,9.1,False,True,0-15,1789390625.6587014,R,TOTAL_PROCESS,377.9935567378998,376.34375,4504.7734375,,4493.05078125,4550.6171875,738.44921875,3766.32421875,0.0,,assay class after SingleCellAssay: matrix,,,
grid,sparsity_high_c10000,mast,dense,TRUE,bayesglm,condition,1,4,True,9.1,False,True,0-15,1789390625.6587014,ALL,TOTAL_RUN,379.5236883163452,379.0,4504.7734375,,4493.05078125,4550.6171875,160.2265625,3766.32421875,0.0,,,14.2,43.321875,0.0
grid,sparsity_high_c10000,duet,,,,condition,1,6,False,16.7,False,True,0-15,1789391007.2069514,duet,read,0.024,0.031,318.546875,,,,,,,,,,,
grid,sparsity_high_c10000,duet,,,,condition,1,6,False,16.7,False,True,0-15,1789391007.2069514,duet,fit_test,0.126,0.125,355.93359375,,,,,,,,,,,
grid,sparsity_high_c10000,duet,,,,condition,1,6,False,16.7,False,True,0-15,1789391007.2069514,duet,write,0.08,0.078,255.41796875,,,,,,,,,,,
grid,sparsity_high_c10000,duet,,,,condition,1,6,False,16.7,False,True,0-15,1789391007.2069514,duet,TOTAL_PROCESS,1.7535510063171387,1.6875,355.93359375,,364.27734375,317.4609375,186.47265625,169.4609375,0.0,,,,,
grid,sparsity_high_c10000,duet,,,,condition,1,6,False,16.7,False,True,0-15,1789391007.2069514,ALL,TOTAL_RUN,1.7535510063171387,1.6875,355.93359375,,364.27734375,317.4609375,186.47265625,169.4609375,0.0,,,16.7,16.7,0.0
grid,sparsity_high_c10000,mast,dense,TRUE,bayesglm,condition,1,5,False,8.6,False,True,0-15,1789391010.9730687,export,read,0.024,0.031,268.7265625,,,,,,,,,,,
grid,sparsity_high_c10000,mast,dense,TRUE,bayesglm,condition,1,5,False,8.6,False,True,0-15,1789391010.9730687,export,export,0.422,1.516,360.80078125,,,,,,,,,,,
grid,sparsity_high_c10000,mast,dense,TRUE,bayesglm,condition,1,5,False,8.6,False,True,0-15,1789391010.9730687,export,TOTAL_PROCESS,1.6815075874328613,2.6875,360.80078125,,360.92578125,318.87890625,161.13671875,199.6640625,0.0,,,,,
grid,sparsity_high_c10000,mast,dense,TRUE,bayesglm,condition,1,5,False,8.6,False,True,0-15,1789391010.9730687,R,read,2.35,2.35,1410.4609375,1167.6,,,,,,,,,,
grid,sparsity_high_c10000,mast,dense,TRUE,bayesglm,condition,1,5,False,8.6,False,True,0-15,1789391010.9730687,R,singlecellassay,0.07,0.07,1414.11328125,1215.1,,,,,,,,,,
grid,sparsity_high_c10000,mast,dense,TRUE,bayesglm,condition,1,5,False,8.6,False,True,0-15,1789391010.9730687,R,zlm,194.58,193.39,4514.82421875,4389.4,,,,,,,,,,
grid,sparsity_high_c10000,mast,dense,TRUE,bayesglm,condition,1,5,False,8.6,False,True,0-15,1789391010.9730687,R,lrtest,180.3,179.65,3147.3984375,3137.8,,,,,,,,,,
grid,sparsity_high_c10000,mast,dense,TRUE,bayesglm,condition,1,5,False,8.6,False,True,0-15,1789391010.9730687,R,assemble,0.45,0.44,1715.0703125,1544.8,,,,,,,,,,
grid,sparsity_high_c10000,mast,dense,TRUE,bayesglm,condition,1,5,False,8.6,False,True,0-15,1789391010.9730687,R,write,0.05,0.05,1715.16796875,1182.9,,,,,,,,,,
grid,sparsity_high_c10000,mast,dense,TRUE,bayesglm,condition,1,5,False,8.6,False,True,0-15,1789391010.9730687,R,TOTAL_PROCESS,383.8918306827545,382.046875,4514.82421875,,4500.06640625,4554.24609375,738.4375,3776.38671875,0.0,,assay class after SingleCellAssay: matrix,,,
grid,sparsity_high_c10000,mast,dense,TRUE,bayesglm,condition,1,5,False,8.6,False,True,0-15,1789391010.9730687,ALL,TOTAL_RUN,385.5733382701874,384.734375,4514.82421875,,4500.06640625,4554.24609375,161.13671875,3776.38671875,0.0,,,14.8,54.628125,0.0
grid,sparsity_high_c10000,duet,,,,condition,1,7,False,17.3,False,True,0-15,1789391398.5716457,duet,read,0.025,0.031,295.96484375,,,,,,,,,,,
grid,sparsity_high_c10000,duet,,,,condition,1,7,False,17.3,False,True,0-15,1789391398.5716457,duet,fit_test,0.125,0.125,364.63671875,,,,,,,,,,,
grid,sparsity_high_c10000,duet,,,,condition,1,7,False,17.3,False,True,0-15,1789391398.5716457,duet,write,0.081,0.078,254.31640625,,,,,,,,,,,
grid,sparsity_high_c10000,duet,,,,condition,1,7,False,17.3,False,True,0-15,1789391398.5716457,duet,TOTAL_PROCESS,1.697932481765747,1.625,364.63671875,,364.63671875,317.546875,187.55859375,177.078125,0.0,,,,,
grid,sparsity_high_c10000,duet,,,,condition,1,7,False,17.3,False,True,0-15,1789391398.5716457,ALL,TOTAL_RUN,1.697932481765747,1.625,364.63671875,,364.63671875,317.546875,187.55859375,177.078125,0.0,,,16.0,16.0,0.0
grid,sparsity_high_c10000,mast,dense,TRUE,bayesglm,condition,1,6,False,13.9,False,True,0-15,1789391402.282299,export,read,0.025,0.016,300.48046875,,,,,,,,,,,
grid,sparsity_high_c10000,mast,dense,TRUE,bayesglm,condition,1,6,False,13.9,False,True,0-15,1789391402.282299,export,export,0.197,1.578,360.26171875,,,,,,,,,,,
grid,sparsity_high_c10000,mast,dense,TRUE,bayesglm,condition,1,6,False,13.9,False,True,0-15,1789391402.282299,export,TOTAL_PROCESS,1.4707324504852295,2.84375,360.26171875,,360.265625,317.9375,160.60546875,199.65625,0.0,,,,,
grid,sparsity_high_c10000,mast,dense,TRUE,bayesglm,condition,1,6,False,13.9,False,True,0-15,1789391402.282299,R,read,2.37,2.36,1410.32421875,1167.6,,,,,,,,,,
grid,sparsity_high_c10000,mast,dense,TRUE,bayesglm,condition,1,6,False,13.9,False,True,0-15,1789391402.282299,R,singlecellassay,0.06,0.05,1413.9375,1215.1,,,,,,,,,,
grid,sparsity_high_c10000,mast,dense,TRUE,bayesglm,condition,1,6,False,13.9,False,True,0-15,1789391402.282299,R,zlm,189.93,189.21,4512.734375,4389.4,,,,,,,,,,
grid,sparsity_high_c10000,mast,dense,TRUE,bayesglm,condition,1,6,False,13.9,False,True,0-15,1789391402.282299,R,lrtest,180.9,179.64,3148.62109375,3137.8,,,,,,,,,,
grid,sparsity_high_c10000,mast,dense,TRUE,bayesglm,condition,1,6,False,13.9,False,True,0-15,1789391402.282299,R,assemble,0.44,0.43,1713.2890625,1544.8,,,,,,,,,,
grid,sparsity_high_c10000,mast,dense,TRUE,bayesglm,condition,1,6,False,13.9,False,True,0-15,1789391402.282299,R,write,0.04,0.05,1713.36328125,1182.9,,,,,,,,,,
grid,sparsity_high_c10000,mast,dense,TRUE,bayesglm,condition,1,6,False,13.9,False,True,0-15,1789391402.282299,R,TOTAL_PROCESS,379.9164192676544,377.8125,4512.734375,,4497.96484375,4552.8515625,739.39453125,3773.33984375,0.0,,assay class after SingleCellAssay: matrix,,,
grid,sparsity_high_c10000,mast,dense,TRUE,bayesglm,condition,1,6,False,13.9,False,True,0-15,1789391402.282299,ALL,TOTAL_RUN,381.38715171813965,380.65625,4512.734375,,4497.96484375,4552.8515625,160.60546875,3773.33984375,0.0,,,20.3,34.365624999999994,0.0
grid,sparsity_high_c10000,mast,dense,TRUE,bayesglm,condition,1,7,False,10.4,False,True,0-15,1789391785.693989,export,read,0.025,0.016,271.30859375,,,,,,,,,,,
grid,sparsity_high_c10000,mast,dense,TRUE,bayesglm,condition,1,7,False,10.4,False,True,0-15,1789391785.693989,export,export,0.19,1.656,360.6640625,,,,,,,,,,,
grid,sparsity_high_c10000,mast,dense,TRUE,bayesglm,condition,1,7,False,10.4,False,True,0-15,1789391785.693989,export,TOTAL_PROCESS,1.5144431591033936,2.875,360.6640625,,360.8515625,318.94921875,169.984375,190.6796875,0.0,,,,,
grid,sparsity_high_c10000,mast,dense,TRUE,bayesglm,condition,1,7,False,10.4,False,True,0-15,1789391785.693989,R,read,2.37,2.32,1410.80078125,1167.6,,,,,,,,,,
grid,sparsity_high_c10000,mast,dense,TRUE,bayesglm,condition,1,7,False,10.4,False,True,0-15,1789391785.693989,R,singlecellassay,0.05,0.07,1414.1328125,1215.1,,,,,,,,,,
grid,sparsity_high_c10000,mast,dense,TRUE,bayesglm,condition,1,7,False,10.4,False,True,0-15,1789391785.693989,R,zlm,191.45,191.28,4522.3671875,4389.4,,,,,,,,,,
grid,sparsity_high_c10000,mast,dense,TRUE,bayesglm,condition,1,7,False,10.4,False,True,0-15,1789391785.693989,R,lrtest,185.1,183.14,3143.359375,3137.8,,,,,,,,,,
grid,sparsity_high_c10000,mast,dense,TRUE,bayesglm,condition,1,7,False,10.4,False,True,0-15,1789391785.693989,R,assemble,0.47,0.49,2080.67578125,1544.8,,,,,,,,,,
grid,sparsity_high_c10000,mast,dense,TRUE,bayesglm,condition,1,7,False,10.4,False,True,0-15,1789391785.693989,R,write,0.05,0.03,1687.796875,1182.9,,,,,,,,,,
grid,sparsity_high_c10000,mast,dense,TRUE,bayesglm,condition,1,7,False,10.4,False,True,0-15,1789391785.693989,R,TOTAL_PROCESS,385.77988505363464,383.515625,4522.3671875,,4507.6171875,4561.9453125,739.19921875,3783.16796875,0.0,,assay class after SingleCellAssay: matrix,,,
grid,sparsity_high_c10000,mast,dense,TRUE,bayesglm,condition,1,7,False,10.4,False,True,0-15,1789391785.693989,ALL,TOTAL_RUN,387.29432821273804,386.390625,4522.3671875,,4507.6171875,4561.9453125,169.984375,3783.16796875,0.0,,,15.9,41.728125,0.0
